scenario_id,event_class,config,model,correct_diag,correct_tool,grounded,halluc,recommendation,latency,confidence,is_correct,raw,cause,outcome,equipment,severity,rec_tools,pred_cause,pred_tool,cause_ok,outcome_consistent,tool_consistent,parse_mode
IEEE14_SCN_002703,E9,E1_LLM,API,True,True,True,"{'H-NUM': False, 'H-TOP': False, 'H-EQP': False, 'H-PHY': False, 'H-TOOL': False, 'H-ACT': False}",SUCCESS,1.0337884426116943,1.0,True,"```json
{
  ""event_class"": ""E9"",
  ""confidence"": 1.0,
  ""tool"": ""power_flow"",
  ""reason"": ""The scenario description and injected mechanism explicitly specify a compound event consisting of a transmission line outage combined with a 20% demand increase across multiple load buses.""
}
```",E9,undervoltage,branch+demand,high,power_flow;state_estimation;contingency;n1_security;grid_query_topology;grid_query_limits,E9,power_flow,True,True,True,
IEEE14_SCN_001981,E3,E1_LLM,API,True,True,True,"{'H-NUM': False, 'H-TOP': False, 'H-EQP': False, 'H-PHY': False, 'H-TOOL': False, 'H-ACT': False}",SUCCESS,1.1600193977355957,1.0,True,"```json
{""event_class"":""E3"",""confidence"":1.0,""tool"":""contingency"",""reason"":""The injected mechanism explicitly specifies a single transmission line outage of line_6_13.""}
```",E3,undervoltage,branch,high,power_flow;state_estimation;contingency;n1_security;grid_query_topology;grid_query_limits,E3,contingency,True,True,True,
IEEE14_SCN_000948,E3,E1_LLM,API,True,True,True,"{'H-NUM': False, 'H-TOP': False, 'H-EQP': False, 'H-PHY': False, 'H-TOOL': False, 'H-ACT': False}",SUCCESS,1.0137734413146973,1.0,True,"```json
{""event_class"":""E3"",""confidence"":1.0,""tool"":""contingency"",""reason"":""The scenario describes a single transmission line outage of line_2_4, which corresponds to class E3.""}
```",E3,none,branch,high,power_flow;contingency;n1_security;grid_query_topology,E3,contingency,True,True,True,
IEEE14_SCN_001349,E4,E1_LLM,API,True,True,True,"{'H-NUM': False, 'H-TOP': False, 'H-EQP': False, 'H-PHY': False, 'H-TOOL': False, 'H-ACT': False}",SUCCESS,1.0691845417022705,1.0,True,"```json
{
  ""event_class"": ""E4"",
  ""confidence"": 1.0,
  ""tool"": ""contingency"",
  ""reason"": ""The injected mechanism explicitly specifies an outage of generator G6, which corresponds to class E4.""
}
```",E4,none,generator,high,power_flow;contingency;n1_security;grid_query_topology,E4,contingency,True,True,True,
IEEE14_SCN_002035,E3,E1_LLM,API,True,True,True,"{'H-NUM': False, 'H-TOP': False, 'H-EQP': False, 'H-PHY': False, 'H-TOOL': False, 'H-ACT': False}",SUCCESS,1.1312506198883057,1.0,True,"```json
{""event_class"": ""E3"", ""confidence"": 1.0, ""tool"": ""contingency"", ""reason"": ""The injected event is a single transmission line outage of line_6_13, which corresponds to class E3.""}
```",E3,undervoltage,branch,high,power_flow;state_estimation;contingency;n1_security;grid_query_topology;grid_query_limits,E3,contingency,True,True,True,
IEEE14_SCN_002982,E9,E1_LLM,API,True,True,True,"{'H-NUM': False, 'H-TOP': False, 'H-EQP': False, 'H-PHY': False, 'H-TOOL': False, 'H-ACT': False}",SUCCESS,0.9768192768096924,1.0,True,"```json
{
  ""event_class"": ""E9"",
  ""confidence"": 1.0,
  ""tool"": ""power_flow"",
  ""reason"": ""The injected description specifies a compound event involving both a transmission line outage and a demand increase across multiple buses.""
}
```",E9,none,branch+demand,high,power_flow;contingency;n1_security;grid_query_topology,E9,power_flow,True,True,True,
IEEE14_SCN_002055,E3,E1_LLM,API,True,True,True,"{'H-NUM': False, 'H-TOP': False, 'H-EQP': False, 'H-PHY': False, 'H-TOOL': False, 'H-ACT': False}",SUCCESS,1.17919921875,1.0,True,"```json
{
  ""event_class"": ""E3"",
  ""confidence"": 1.0,
  ""tool"": ""contingency"",
  ""reason"": ""The injected mechanism explicitly specifies a single transmission line outage (line_6_13), which directly aligns with class E3.""
}
```",E3,undervoltage,branch,high,power_flow;state_estimation;contingency;n1_security;grid_query_topology;grid_query_limits,E3,contingency,True,True,True,
IEEE14_SCN_001408,E4,E1_LLM,API,True,True,True,"{'H-NUM': False, 'H-TOP': False, 'H-EQP': False, 'H-PHY': False, 'H-TOOL': False, 'H-ACT': False}",SUCCESS,1.0915746688842771,1.0,True,"```json
{""event_class"":""E4"",""confidence"":1.0,""tool"":""contingency"",""reason"":""The injected mechanism explicitly specifies a single generator outage of gen_G6, corresponding to class E4.""}
```",E4,none,generator,high,power_flow;contingency;n1_security;grid_query_topology,E4,contingency,True,True,True,
IEEE14_SCN_001614,E5,E1_LLM,API,True,True,True,"{'H-NUM': False, 'H-TOP': False, 'H-EQP': False, 'H-PHY': False, 'H-TOOL': False, 'H-ACT': False}",SUCCESS,1.2598578929901123,1.0,True,"```json
{""event_class"": ""E5"", ""confidence"": 1.0, ""tool"": ""power_flow"", ""reason"": ""The scenario injects a small up-ramp of availability at solar generator sgen_PV14, which corresponds directly to a renewable ramp event.""}
```",E5,none,renewable,high,n1_security;grid_query_topology,E5,power_flow,True,True,False,
IEEE14_SCN_001945,E3,E1_LLM,API,True,True,True,"{'H-NUM': False, 'H-TOP': False, 'H-EQP': False, 'H-PHY': False, 'H-TOOL': False, 'H-ACT': False}",SUCCESS,1.2337214946746826,1.0,True,"```json
{
  ""event_class"": ""E3"",
  ""confidence"": 1.0,
  ""tool"": ""contingency"",
  ""reason"": ""The injected mechanism is a single transmission line outage (line_6_13), which classifies as E3.""
}
```",E3,undervoltage,branch,high,power_flow;state_estimation;contingency;n1_security;grid_query_topology;grid_query_limits,E3,contingency,True,True,True,
IEEE14_SCN_002263,E7,E1_LLM,API,True,True,True,"{'H-NUM': False, 'H-TOP': False, 'H-EQP': False, 'H-PHY': False, 'H-TOOL': False, 'H-ACT': False}",SUCCESS,1.3514111042022705,0.95,True,"```json
{
  ""event_class"": ""E7"",
  ""confidence"": 0.95,
  ""tool"": ""power_flow"",
  ""reason"": ""Excitation setpoints were raised across multiple generators, resulting in a post-event voltage violation above 1.05 p.u. (peak 1.0800 p.u.).""
}
```",E7,overvoltage,none,high,power_flow;state_estimation;n1_security;grid_query_topology;grid_query_limits,E7,power_flow,True,True,True,
IEEE14_SCN_001379,E4,E1_LLM,API,True,True,True,"{'H-NUM': False, 'H-TOP': False, 'H-EQP': False, 'H-PHY': False, 'H-TOOL': False, 'H-ACT': False}",SUCCESS,1.12178373336792,1.0,True,"```json
{
  ""event_class"": ""E4"",
  ""confidence"": 1.0,
  ""tool"": ""contingency"",
  ""reason"": ""The injected mechanism explicitly specifies an outage of generator G6, which corresponds to class E4 (Generator Outage).""
}
```",E4,none,generator,high,power_flow;contingency;n1_security;grid_query_topology,E4,contingency,True,True,True,
IEEE14_SCN_001155,E3,E1_LLM,API,True,True,True,"{'H-NUM': False, 'H-TOP': False, 'H-EQP': False, 'H-PHY': False, 'H-TOOL': False, 'H-ACT': False}",SUCCESS,1.1601951122283936,1.0,True,"```json
{
  ""event_class"": ""E3"",
  ""confidence"": 1.0,
  ""tool"": ""contingency"",
  ""reason"": ""The injected mechanism explicitly specifies a single transmission line outage on line_2_5, corresponding to class E3.""
}
```",E3,none,branch,high,power_flow;contingency;n1_security;grid_query_topology,E3,contingency,True,True,True,
IEEE14_SCN_002994,E9,E1_LLM,API,True,True,True,"{'H-NUM': False, 'H-TOP': False, 'H-EQP': False, 'H-PHY': False, 'H-TOOL': False, 'H-ACT': False}",SUCCESS,1.100067138671875,1.0,True,"```json
{
  ""event_class"": ""E9"",
  ""confidence"": 1.0,
  ""tool"": ""contingency"",
  ""reason"": ""The event description explicitly indicates a compound disturbance consisting of a generator outage (gen_G6) combined with a large down-ramp of renewable availability at sgen_PV14 and sgen_WIND6.""
}
```",E9,none,branch+demand,high,power_flow;contingency;n1_security;grid_query_topology,E9,contingency,True,True,True,
IEEE14_SCN_002292,E7,E1_LLM,API,True,True,True,"{'H-NUM': False, 'H-TOP': False, 'H-EQP': False, 'H-PHY': False, 'H-TOOL': False, 'H-ACT': False}",SUCCESS,1.0542099475860596,0.95,True,"```json
{
  ""event_class"": ""E7"",
  ""confidence"": 0.95,
  ""tool"": ""power_flow"",
  ""reason"": ""The excitation setpoints were raised across multiple generators, directly causing post-event bus voltages to exceed 1.05 p.u. (peak 1.0800 pu with voltage violations).""
}
```",E7,overvoltage,none,high,power_flow;state_estimation;n1_security;grid_query_topology;grid_query_limits,E7,power_flow,True,True,True,
IEEE14_SCN_001918,E3,E1_LLM,API,True,True,True,"{'H-NUM': False, 'H-TOP': False, 'H-EQP': False, 'H-PHY': False, 'H-TOOL': False, 'H-ACT': False}",SUCCESS,1.2130029201507568,1.0,True,"```json
{
  ""event_class"": ""E3"",
  ""confidence"": 1.0,
  ""tool"": ""contingency"",
  ""reason"": ""The injected mechanism explicitly specifies a single transmission line outage (line_6_13), which falls directly under class E3.""
}
```",E3,undervoltage,branch,high,power_flow;state_estimation;contingency;n1_security;grid_query_topology;grid_query_limits,E3,contingency,True,True,True,
IEEE14_SCN_001027,E3,E1_LLM,API,True,True,True,"{'H-NUM': False, 'H-TOP': False, 'H-EQP': False, 'H-PHY': False, 'H-TOOL': False, 'H-ACT': False}",SUCCESS,0.976891279220581,1.0,True,"```json
{
  ""event_class"": ""E3"",
  ""confidence"": 1.0,
  ""tool"": ""contingency"",
  ""reason"": ""The injected mechanism explicitly states a single-branch transmission line outage of line_2_5, which directly corresponds to class E3.""
}
```",E3,none,branch,high,power_flow;contingency;n1_security;grid_query_topology,E3,contingency,True,True,True,
IEEE14_SCN_002976,E9,E1_LLM,API,True,True,True,"{'H-NUM': False, 'H-TOP': False, 'H-EQP': False, 'H-PHY': False, 'H-TOOL': False, 'H-ACT': False}",SUCCESS,1.1560883522033691,1.0,True,"```json
{
  ""event_class"": ""E9"",
  ""confidence"": 1.0,
  ""tool"": ""power_flow"",
  ""reason"": ""The injected description explicitly specifies a compound event combining a transmission line outage (line_10_11) and a 25% demand increase across multiple load buses.""
}
```",E9,undervoltage,branch+demand,high,power_flow;state_estimation;contingency;n1_security;grid_query_topology;grid_query_limits,E9,power_flow,True,True,True,
IEEE14_SCN_000382,E1,E1_LLM,API,True,True,True,"{'H-NUM': False, 'H-TOP': False, 'H-EQP': False, 'H-PHY': False, 'H-TOOL': False, 'H-ACT': False}",SUCCESS,1.0743398666381836,1.0,True,"```json
{""event_class"":""E1"",""confidence"":1.0,""tool"":""power_flow"",""reason"":""A 30% demand increase at load_bus_4 corresponds to a positive load surge classified as E1.""}
```",E1,none,demand,high,n1_security;grid_query_topology,E1,power_flow,True,True,False,
IEEE14_SCN_002050,E3,E1_LLM,API,True,True,True,"{'H-NUM': False, 'H-TOP': False, 'H-EQP': False, 'H-PHY': False, 'H-TOOL': False, 'H-ACT': False}",SUCCESS,0.9708201885223388,1.0,True,"```json
{""event_class"":""E3"",""confidence"":1.0,""tool"":""contingency"",""reason"":""The injected mechanism is explicitly a single transmission line outage (line_6_13), which falls under class E3.""}
```",E3,undervoltage,branch,high,power_flow;state_estimation;contingency;n1_security;grid_query_topology;grid_query_limits,E3,contingency,True,True,True,
IEEE14_SCN_001778,E5,E1_LLM,API,True,True,True,"{'H-NUM': False, 'H-TOP': False, 'H-EQP': False, 'H-PHY': False, 'H-TOOL': False, 'H-ACT': False}",SUCCESS,1.1266586780548096,1.0,True,"```json
{""event_class"":""E5"",""confidence"":1.0,""tool"":""power_flow"",""reason"":""The injected event is a small down-ramp of availability at solar generator sgen_PV14, which falls strictly under the renewable ramp taxonomy.""}
```",E5,none,renewable,high,n1_security;grid_query_topology,E5,power_flow,True,True,False,
IEEE14_SCN_001347,E4,E1_LLM,API,True,True,True,"{'H-NUM': False, 'H-TOP': False, 'H-EQP': False, 'H-PHY': False, 'H-TOOL': False, 'H-ACT': False}",SUCCESS,1.083584547042847,1.0,True,"```json
{""event_class"":""E4"",""confidence"":1.0,""tool"":""contingency"",""reason"":""The scenario explicitly specifies an injected mechanism of a single generator outage (gen_G8), which corresponds to event class E4.""}
```",E4,none,generator,high,power_flow;contingency;n1_security;grid_query_topology,E4,contingency,True,True,True,
IEEE14_SCN_002877,E9,E1_LLM,API,True,True,True,"{'H-NUM': False, 'H-TOP': False, 'H-EQP': False, 'H-PHY': False, 'H-TOOL': False, 'H-ACT': False}",SUCCESS,1.121962070465088,1.0,True,"```json
{
  ""event_class"": ""E9"",
  ""confidence"": 1.0,
  ""tool"": ""power_flow"",
  ""reason"": ""The injected event description explicitly states a compound mechanism combining a transmission line outage with a demand increase across multiple buses.""
}
```",E9,none,branch+demand,high,power_flow;contingency;n1_security;grid_query_topology,E9,power_flow,True,True,True,
IEEE14_SCN_001956,E3,E1_LLM,API,True,True,True,"{'H-NUM': False, 'H-TOP': False, 'H-EQP': False, 'H-PHY': False, 'H-TOOL': False, 'H-ACT': False}",SUCCESS,0.8664259910583496,1.0,True,"```json
{""event_class"":""E3"",""confidence"":1.0,""tool"":""contingency"",""reason"":""The injected mechanism explicitly states a single-branch transmission line outage of line_6_13.""}
```",E3,undervoltage,branch,high,power_flow;state_estimation;contingency;n1_security;grid_query_topology;grid_query_limits,E3,contingency,True,True,True,
IEEE14_SCN_001046,E3,E1_LLM,API,True,True,True,"{'H-NUM': False, 'H-TOP': False, 'H-EQP': False, 'H-PHY': False, 'H-TOOL': False, 'H-ACT': False}",SUCCESS,1.0701351165771484,1.0,True,"```json
{
  ""event_class"": ""E3"",
  ""confidence"": 1.0,
  ""tool"": ""contingency"",
  ""reason"": ""The injected mechanism explicitly specifies a single transmission line outage on line_6_13, which corresponds to class E3.""
}
```",E3,none,branch,high,power_flow;contingency;n1_security;grid_query_topology,E3,contingency,True,True,True,
IEEE14_SCN_000841,E2,E1_LLM,API,True,True,True,"{'H-NUM': False, 'H-TOP': False, 'H-EQP': False, 'H-PHY': False, 'H-TOOL': False, 'H-ACT': False}",SUCCESS,0.9316201210021972,1.0,True,"```json
{""event_class"":""E2"",""confidence"":1.0,""tool"":""power_flow"",""reason"":""The scenario injects a 10% demand decrease at load_bus_13, which corresponds to a negative load surge (Load Drop).""}
```",E2,none,demand,high,n1_security;grid_query_topology,E2,power_flow,True,True,False,
IEEE14_SCN_002843,E9,E1_LLM,API,True,True,True,"{'H-NUM': False, 'H-TOP': False, 'H-EQP': False, 'H-PHY': False, 'H-TOOL': False, 'H-ACT': False}",SUCCESS,1.193178653717041,1.0,True,"```json
{""event_class"":""E9"",""confidence"":1.0,""tool"":""power_flow"",""reason"":""The injected description explicitly combines a generator outage (gen_G6) with a large down-ramp of renewable availability, constituting a compound event.""}
```",E9,none,branch+demand,high,power_flow;contingency;n1_security;grid_query_topology,E9,power_flow,True,True,True,
IEEE14_SCN_000730,E2,E1_LLM,API,True,True,True,"{'H-NUM': False, 'H-TOP': False, 'H-EQP': False, 'H-PHY': False, 'H-TOOL': False, 'H-ACT': False}",SUCCESS,0.876967191696167,1.0,True,"```json
{""event_class"":""E2"",""confidence"":1.0,""tool"":""power_flow"",""reason"":""The injected mechanism is a 10 percent demand decrease at load_bus_10, which corresponds to a negative load change.""}
```",E2,none,demand,high,n1_security;grid_query_topology,E2,power_flow,True,True,False,
IEEE14_SCN_001796,E5,E1_LLM,API,True,True,True,"{'H-NUM': False, 'H-TOP': False, 'H-EQP': False, 'H-PHY': False, 'H-TOOL': False, 'H-ACT': False}",SUCCESS,1.1299545764923096,1.0,True,"```json
{""event_class"":""E5"",""confidence"":1.0,""tool"":""power_flow"",""reason"":""The injected mechanism is a large up-ramp of 60 availability points at renewable generator sgen_PV14, which corresponds to class E5.""}
```",E5,none,renewable,high,n1_security;grid_query_topology,E5,power_flow,True,True,False,
IEEE14_SCN_001122,E3,E1_LLM,API,True,True,True,"{'H-NUM': False, 'H-TOP': False, 'H-EQP': False, 'H-PHY': False, 'H-TOOL': False, 'H-ACT': False}",SUCCESS,1.0744235515594482,1.0,True,"```json
{
  ""event_class"": ""E3"",
  ""confidence"": 1.0,
  ""tool"": ""contingency"",
  ""reason"": ""The injected mechanism explicitly states an outage of a single transmission line (line_9_10), which corresponds to class E3.""
}
```",E3,none,branch,high,power_flow;contingency;n1_security;grid_query_topology,E3,contingency,True,True,True,
IEEE14_SCN_002683,E9,E1_LLM,API,True,True,True,"{'H-NUM': False, 'H-TOP': False, 'H-EQP': False, 'H-PHY': False, 'H-TOOL': False, 'H-ACT': False}",SUCCESS,1.1886272430419922,1.0,True,"```json
{
  ""event_class"": ""E9"",
  ""confidence"": 1.0,
  ""tool"": ""contingency"",
  ""reason"": ""The injected mechanism explicitly combines a transmission line outage (line_1_2) with a simultaneous demand increase across multiple load buses.""
}
```",E9,undervoltage+overload,branch+demand,high,power_flow;state_estimation;contingency;n1_security;opf;grid_query_topology;grid_query_limits,E9,contingency,True,False,True,
IEEE14_SCN_001608,E5,E1_LLM,API,True,True,True,"{'H-NUM': False, 'H-TOP': False, 'H-EQP': False, 'H-PHY': False, 'H-TOOL': False, 'H-ACT': False}",SUCCESS,1.3553533554077148,1.0,True,"```json
{""event_class"":""E5"",""confidence"":1.0,""tool"":""power_flow"",""reason"":""The scenario explicitly injects a renewable down-ramp of 10 availability points at the photovoltaic generator sgen_PV14.""}
```",E5,none,renewable,high,n1_security;grid_query_topology,E5,power_flow,True,True,False,
IEEE14_SCN_002129,E7,E1_LLM,API,True,True,True,"{'H-NUM': False, 'H-TOP': False, 'H-EQP': False, 'H-PHY': False, 'H-TOOL': False, 'H-ACT': False}",SUCCESS,1.3397891521453855,1.0,True,"```json
{
  ""event_class"": ""E7"",
  ""confidence"": 1.0,
  ""tool"": ""power_flow"",
  ""reason"": ""The injected mechanism involves excitation setpoint shifts that directly cause post-event voltages to exceed 1.05 p.u. (peak 1.0800 pu with overvoltage violations).""
}
```",E7,overvoltage,none,high,power_flow;state_estimation;n1_security;grid_query_topology;grid_query_limits,E7,power_flow,True,True,True,
IEEE14_SCN_001253,E4,E1_LLM,API,True,True,True,"{'H-NUM': False, 'H-TOP': False, 'H-EQP': False, 'H-PHY': False, 'H-TOOL': False, 'H-ACT': False}",SUCCESS,1.035621166229248,1.0,True,"```json
{""event_class"":""E4"",""confidence"":1.0,""tool"":""contingency"",""reason"":""The injected mechanism explicitly states the outage of generator G8, corresponding to a single generator outage.""}
```",E4,none,generator,high,power_flow;contingency;n1_security;grid_query_topology,E4,contingency,True,True,True,
IEEE14_SCN_001736,E5,E1_LLM,API,True,True,True,"{'H-NUM': False, 'H-TOP': False, 'H-EQP': False, 'H-PHY': False, 'H-TOOL': False, 'H-ACT': False}",SUCCESS,1.069582462310791,1.0,True,"```json
{""event_class"":""E5"",""confidence"":1.0,""tool"":""power_flow"",""reason"":""Injected description confirms a down-ramp of availability at a wind generator.""}
```",E5,none,renewable,high,n1_security;grid_query_topology,E5,power_flow,True,True,False,
IEEE14_SCN_001334,E4,E1_LLM,API,True,True,True,"{'H-NUM': False, 'H-TOP': False, 'H-EQP': False, 'H-PHY': False, 'H-TOOL': False, 'H-ACT': False}",SUCCESS,1.3838701248168943,1.0,True,"```json
{
  ""event_class"": ""E4"",
  ""confidence"": 1.0,
  ""tool"": ""contingency"",
  ""reason"": ""The injected mechanism is explicitly defined as a single unit generator outage of gen_G3, which falls under class E4.""
}
```",E4,none,generator,high,power_flow;contingency;n1_security;grid_query_topology,E4,contingency,True,True,True,
IEEE14_SCN_000688,E2,E1_LLM,API,True,True,True,"{'H-NUM': False, 'H-TOP': False, 'H-EQP': False, 'H-PHY': False, 'H-TOOL': False, 'H-ACT': False}",SUCCESS,1.0243291854858398,1.0,True,"```json
{""event_class"":""E2"",""confidence"":1.0,""tool"":""power_flow"",""reason"":""Injected description confirms a 10 percent demand decrease (load drop) at load_bus_4.""}
```",E2,none,demand,high,n1_security;grid_query_topology,E2,power_flow,True,True,False,
IEEE14_SCN_002071,E3,E1_LLM,API,True,True,True,"{'H-NUM': False, 'H-TOP': False, 'H-EQP': False, 'H-PHY': False, 'H-TOOL': False, 'H-ACT': False}",SUCCESS,1.2386424541473389,1.0,True,"```json
{""event_class"":""E3"",""confidence"":1.0,""tool"":""contingency"",""reason"":""The injected mechanism explicitly specifies a single transmission line outage (line_6_13), which falls under class E3.""}
```",E3,undervoltage,branch,high,power_flow;state_estimation;contingency;n1_security;grid_query_topology;grid_query_limits,E3,contingency,True,True,True,
IEEE14_SCN_001282,E4,E1_LLM,API,True,True,True,"{'H-NUM': False, 'H-TOP': False, 'H-EQP': False, 'H-PHY': False, 'H-TOOL': False, 'H-ACT': False}",SUCCESS,1.1846542358398438,1.0,True,"```json
{""event_class"":""E4"",""confidence"":1.0,""tool"":""contingency"",""reason"":""The injected mechanism is a single generator outage (gen_G2), which maps directly to class E4.""}
```",E4,none,generator,high,power_flow;contingency;n1_security;grid_query_topology,E4,contingency,True,True,True,
IEEE14_SCN_001766,E5,E1_LLM,API,True,True,True,"{'H-NUM': False, 'H-TOP': False, 'H-EQP': False, 'H-PHY': False, 'H-TOOL': False, 'H-ACT': False}",SUCCESS,1.1535563468933103,1.0,True,"```json
{""event_class"":""E5"",""confidence"":1.0,""tool"":""power_flow"",""reason"":""Injected event description confirms a large down-ramp of 60 availability points at sgen_WIND6, representing a renewable ramp.""}
```",E5,none,renewable,high,n1_security;grid_query_topology,E5,power_flow,True,True,False,
IEEE14_SCN_001668,E5,E1_LLM,API,True,True,True,"{'H-NUM': False, 'H-TOP': False, 'H-EQP': False, 'H-PHY': False, 'H-TOOL': False, 'H-ACT': False}",SUCCESS,0.964608669281006,1.0,True,"```json
{""event_class"": ""E5"", ""confidence"": 1.0, ""tool"": ""power_flow"", ""reason"": ""The scenario injects a renewable down-ramp across PV and wind resources, classifying it strictly as E5.""}
```",E5,none,renewable,high,n1_security;grid_query_topology,E5,power_flow,True,True,False,
IEEE14_SCN_000556,E1,E1_LLM,API,True,True,True,"{'H-NUM': False, 'H-TOP': False, 'H-EQP': False, 'H-PHY': False, 'H-TOOL': False, 'H-ACT': False}",SUCCESS,1.0469393730163574,1.0,True,"```json
{""event_class"":""E1"",""confidence"":1.0,""tool"":""power_flow"",""reason"":""A 10% demand increase at load_bus_13 corresponds to a positive load surge.""}
```",E1,none,demand,high,n1_security;grid_query_topology,E1,power_flow,True,True,False,
IEEE14_SCN_001060,E3,E1_LLM,API,True,True,True,"{'H-NUM': False, 'H-TOP': False, 'H-EQP': False, 'H-PHY': False, 'H-TOOL': False, 'H-ACT': False}",SUCCESS,1.2605538368225098,1.0,True,"```json
{""event_class"":""E3"",""confidence"":1.0,""tool"":""contingency"",""reason"":""The scenario explicitly specifies an outage of a single transmission line (line_6_13), which directly corresponds to class E3.""}
```",E3,none,branch,high,power_flow;contingency;n1_security;grid_query_topology,E3,contingency,True,True,True,
IEEE14_SCN_002986,E9,E1_LLM,API,True,True,True,"{'H-NUM': False, 'H-TOP': False, 'H-EQP': False, 'H-PHY': False, 'H-TOOL': False, 'H-ACT': False}",SUCCESS,1.1429331302642822,1.0,True,"```json
{
  ""event_class"": ""E9"",
  ""confidence"": 1.0,
  ""tool"": ""contingency"",
  ""reason"": ""The injected mechanism explicitly states a compound event combining a transmission line outage (line_2_5) and a 20% demand increase across multiple load buses.""
}
```",E9,none,branch+demand,high,power_flow;contingency;n1_security;grid_query_topology,E9,contingency,True,True,True,
IEEE14_SCN_000521,E1,E1_LLM,API,True,True,True,"{'H-NUM': False, 'H-TOP': False, 'H-EQP': False, 'H-PHY': False, 'H-TOOL': False, 'H-ACT': False}",SUCCESS,1.0629756450653076,1.0,True,"```json
{""event_class"":""E1"",""confidence"":1.0,""tool"":""power_flow"",""reason"":""The scenario describes a 20 percent demand increase at multiple load buses, corresponding to a positive load surge.""}
```",E1,none,demand,high,n1_security;grid_query_topology,E1,power_flow,True,True,False,
IEEE14_SCN_000636,E2,E1_LLM,API,True,True,True,"{'H-NUM': False, 'H-TOP': False, 'H-EQP': False, 'H-PHY': False, 'H-TOOL': False, 'H-ACT': False}",SUCCESS,0.9284024238586426,1.0,True,"```json
{""event_class"":""E2"",""confidence"":1.0,""tool"":""power_flow"",""reason"":""Injected description explicitly states a 10% demand decrease at load_bus_4, which corresponds to a load drop event (E2).""}
```",E2,none,demand,high,n1_security;grid_query_topology,E2,power_flow,True,True,False,
IEEE14_SCN_000073,E0,E1_LLM,API,True,True,True,"{'H-NUM': False, 'H-TOP': False, 'H-EQP': False, 'H-PHY': False, 'H-TOOL': False, 'H-ACT': False}",SUCCESS,1.1991558074951172,1.0,True,"```json
{
  ""event_class"": ""E0"",
  ""confidence"": 1.0,
  ""tool"": ""power_flow"",
  ""reason"": ""The injected description confirms no disturbance was injected and the effect shows no limit violations, designating this as a normal operating state.""
}
```",E0,none,none,high,n1_security;grid_query_topology,E0,power_flow,True,True,False,
IEEE14_SCN_002471,E9,E1_LLM,API,True,True,True,"{'H-NUM': False, 'H-TOP': False, 'H-EQP': False, 'H-PHY': False, 'H-TOOL': False, 'H-ACT': False}",SUCCESS,1.2026574611663818,1.0,True,"```json
{""event_class"":""E9"",""confidence"":1.0,""tool"":""power_flow"",""reason"":""The scenario explicitly injects a compound event consisting of a transmission line outage (line_1_5) and a simultaneous load surge (+20% demand across 11 components).""}
```",E9,overload,branch+demand,high,power_flow;state_estimation;contingency;n1_security;opf;grid_query_topology;grid_query_limits,E9,power_flow,True,True,True,
IEEE14_SCN_001595,E5,E1_LLM,API,True,True,True,"{'H-NUM': False, 'H-TOP': False, 'H-EQP': False, 'H-PHY': False, 'H-TOOL': False, 'H-ACT': False}",SUCCESS,1.1151864528656006,1.0,True,"```json
{""event_class"": ""E5"", ""confidence"": 1.0, ""tool"": ""power_flow"", ""reason"": ""The injected mechanism is a renewable up-ramp of 10 availability points at wind generator sgen_WIND6.""}
```",E5,none,renewable,high,n1_security;grid_query_topology,E5,power_flow,True,True,False,
IEEE14_SCN_001803,E3,E1_LLM,API,True,True,True,"{'H-NUM': False, 'H-TOP': False, 'H-EQP': False, 'H-PHY': False, 'H-TOOL': False, 'H-ACT': False}",SUCCESS,1.0393266677856443,1.0,True,"```json
{""event_class"": ""E3"", ""confidence"": 1.0, ""tool"": ""contingency"", ""reason"": ""The injected mechanism explicitly specifies the outage of a single transmission line (line_6_13), which classifies this event as a transmission-line outage.""}
```",E3,undervoltage,branch,high,power_flow;state_estimation;contingency;n1_security;grid_query_topology;grid_query_limits,E3,contingency,True,True,True,
IEEE14_SCN_000370,E1,E1_LLM,API,True,True,True,"{'H-NUM': False, 'H-TOP': False, 'H-EQP': False, 'H-PHY': False, 'H-TOOL': False, 'H-ACT': False}",SUCCESS,1.1523277759552002,0.99,True,"```json
{
  ""event_class"": ""E1"",
  ""confidence"": 0.99,
  ""tool"": ""power_flow"",
  ""reason"": ""The scenario describes a 10% demand increase at a single bus (load_bus_14), which corresponds to a positive load surge (E1).""
}
```",E1,none,demand,high,n1_security;grid_query_topology,E1,power_flow,True,True,False,
IEEE14_SCN_000326,E1,E1_LLM,API,True,True,True,"{'H-NUM': False, 'H-TOP': False, 'H-EQP': False, 'H-PHY': False, 'H-TOOL': False, 'H-ACT': False}",SUCCESS,1.0923967361450195,1.0,True,"```json
{""event_class"":""E1"",""confidence"":1.0,""tool"":""power_flow"",""reason"":""The scenario injects a 20% demand increase across multiple load buses, corresponding to a positive load surge.""}
```",E1,none,demand,high,n1_security;grid_query_topology,E1,power_flow,True,True,False,
IEEE14_SCN_000512,E1,E1_LLM,API,True,True,True,"{'H-NUM': False, 'H-TOP': False, 'H-EQP': False, 'H-PHY': False, 'H-TOOL': False, 'H-ACT': False}",SUCCESS,0.8766739368438721,1.0,True,"```json
{""event_class"":""E1"",""confidence"":1.0,""tool"":""power_flow"",""reason"":""The injected mechanism is a 10 percent demand increase at load_bus_5, which corresponds to a positive load surge.""}
```",E1,none,demand,high,n1_security;grid_query_topology,E1,power_flow,True,True,False,
IEEE14_SCN_001954,E4,E1_LLM,API,True,True,True,"{'H-NUM': False, 'H-TOP': False, 'H-EQP': False, 'H-PHY': False, 'H-TOOL': False, 'H-ACT': False}",SUCCESS,1.2220520973205566,1.0,True,"```json
{""event_class"":""E4"",""confidence"":1.0,""tool"":""contingency"",""reason"":""The injected mechanism is explicitly a single generator outage of gen_G6, which maps directly to class E4.""}
```",E4,undervoltage,generator,high,power_flow;state_estimation;contingency;n1_security;grid_query_topology;grid_query_limits,E4,contingency,True,True,True,
IEEE14_SCN_001828,E3,E1_LLM,API,True,True,True,"{'H-NUM': False, 'H-TOP': False, 'H-EQP': False, 'H-PHY': False, 'H-TOOL': False, 'H-ACT': False}",SUCCESS,1.112489938735962,1.0,True,"```json
{
  ""event_class"": ""E3"",
  ""confidence"": 1.0,
  ""tool"": ""contingency"",
  ""reason"": ""The injected mechanism is a single transmission line outage on line_6_13, which corresponds directly to class E3.""
}
```",E3,undervoltage,branch,high,power_flow;state_estimation;contingency;n1_security;grid_query_topology;grid_query_limits,E3,contingency,True,True,True,
IEEE14_SCN_002781,E9,E1_LLM,API,True,True,True,"{'H-NUM': False, 'H-TOP': False, 'H-EQP': False, 'H-PHY': False, 'H-TOOL': False, 'H-ACT': False}",SUCCESS,1.1179399490356443,1.0,True,"```json
{""event_class"":""E9"",""confidence"":1.0,""tool"":""power_flow"",""reason"":""The event description explicitly combines a generator outage (gen_G2) and a large down-ramp of renewable availability (sgen_PV14, sgen_WIND6), representing a compound event with two mechanisms.""}
```",E9,none,branch+demand,high,power_flow;contingency;n1_security;grid_query_topology,E9,power_flow,True,True,True,
IEEE14_SCN_000870,E2,E1_LLM,API,True,True,True,"{'H-NUM': False, 'H-TOP': False, 'H-EQP': False, 'H-PHY': False, 'H-TOOL': False, 'H-ACT': False}",SUCCESS,0.9936642646789552,1.0,True,"```json
{""event_class"":""E2"",""confidence"":1.0,""tool"":""power_flow"",""reason"":""The injected mechanism is a 20% demand decrease at load_bus_6, which corresponds to a negative load surge (load drop).""}
```",E2,none,demand,high,n1_security;grid_query_topology,E2,power_flow,True,True,False,
IEEE14_SCN_001725,E5,E1_LLM,API,True,True,True,"{'H-NUM': False, 'H-TOP': False, 'H-EQP': False, 'H-PHY': False, 'H-TOOL': False, 'H-ACT': False}",SUCCESS,1.1811559200286863,1.0,True,"```json
{
  ""event_class"": ""E5"",
  ""confidence"": 1.0,
  ""tool"": ""power_flow"",
  ""reason"": ""The injected mechanism explicitly describes a renewable up-ramp of availability at solar generator sgen_PV14, corresponding directly to class E5.""
}
```",E5,none,renewable,high,n1_security;grid_query_topology,E5,power_flow,True,True,False,
IEEE14_SCN_000928,E3,E1_LLM,API,True,True,True,"{'H-NUM': False, 'H-TOP': False, 'H-EQP': False, 'H-PHY': False, 'H-TOOL': False, 'H-ACT': False}",SUCCESS,1.0216281414031982,1.0,True,"```json
{""event_class"":""E3"",""confidence"":1.0,""tool"":""contingency"",""reason"":""The scenario explicitly describes a single transmission line outage on line_6_12.""}
```",E3,none,branch,high,power_flow;contingency;n1_security;grid_query_topology,E3,contingency,True,True,True,
IEEE14_SCN_002027,E3,E1_LLM,API,True,True,True,"{'H-NUM': False, 'H-TOP': False, 'H-EQP': False, 'H-PHY': False, 'H-TOOL': False, 'H-ACT': False}",SUCCESS,1.1756672859191897,1.0,True,"```json
{
  ""event_class"": ""E3"",
  ""confidence"": 1.0,
  ""tool"": ""contingency"",
  ""reason"": ""The injected mechanism is a single transmission line outage of line_6_13, which corresponds to class E3.""
}
```",E3,undervoltage,branch,high,power_flow;state_estimation;contingency;n1_security;grid_query_topology;grid_query_limits,E3,contingency,True,True,True,
IEEE14_SCN_001638,E5,E1_LLM,API,True,True,True,"{'H-NUM': False, 'H-TOP': False, 'H-EQP': False, 'H-PHY': False, 'H-TOOL': False, 'H-ACT': False}",SUCCESS,1.1327176094055176,1.0,True,"```json
{
  ""event_class"": ""E5"",
  ""confidence"": 1.0,
  ""tool"": ""power_flow"",
  ""reason"": ""The injected mechanism is a medium down-ramp of 30 availability points at renewable resource sgen_PV14, which directly corresponds to a renewable ramp event.""
}
```",E5,none,renewable,high,n1_security;grid_query_topology,E5,power_flow,True,True,False,
IEEE14_SCN_000679,E2,E1_LLM,API,True,True,True,"{'H-NUM': False, 'H-TOP': False, 'H-EQP': False, 'H-PHY': False, 'H-TOOL': False, 'H-ACT': False}",SUCCESS,1.1017379760742188,0.5,True,"```json
{""event_class"":""E2"",""confidence"":1.0,""tool"":""power_flow"",""reason"":""The injected mechanism is a 30% demand decrease at load_bus_5, which corresponds to a negative load surge (Load Drop).""}}
```",E2,none,demand,high,n1_security;grid_query_topology,E2,power_flow,True,True,False,
IEEE14_SCN_002895,E9,E1_LLM,API,True,True,True,"{'H-NUM': False, 'H-TOP': False, 'H-EQP': False, 'H-PHY': False, 'H-TOOL': False, 'H-ACT': False}",SUCCESS,1.3027780055999756,1.0,True,"```json
{
  ""event_class"": ""E9"",
  ""confidence"": 1.0,
  ""tool"": ""power_flow"",
  ""reason"": ""The injected event description explicitly combines a transmission line outage with a simultaneous demand increase across multiple load buses, classifying it as a compound event.""
}
```",E9,none,branch+demand,high,power_flow;contingency;n1_security;grid_query_topology,E9,power_flow,True,True,True,
IEEE14_SCN_000738,E2,E1_LLM,API,True,True,True,"{'H-NUM': False, 'H-TOP': False, 'H-EQP': False, 'H-PHY': False, 'H-TOOL': False, 'H-ACT': False}",SUCCESS,0.9977350234985352,1.0,True,"```json
{""event_class"":""E2"",""confidence"":1.0,""tool"":""power_flow"",""reason"":""The scenario injects a 30 percent demand decrease at load_bus_14, which corresponds to a negative load surge (Load Drop).""}
```",E2,none,demand,high,n1_security;grid_query_topology,E2,power_flow,True,True,False,
IEEE14_SCN_001211,E4,E1_LLM,API,True,True,True,"{'H-NUM': False, 'H-TOP': False, 'H-EQP': False, 'H-PHY': False, 'H-TOOL': False, 'H-ACT': False}",SUCCESS,1.1400301456451416,1.0,True,"```json
{""event_class"":""E4"",""confidence"":1.0,""tool"":""contingency"",""reason"":""The scenario explicitly specifies an outage of generator G8, corresponding to a single generator outage.""}
```",E4,none,generator,high,power_flow;contingency;n1_security;grid_query_topology,E4,contingency,True,True,True,
IEEE14_SCN_001744,E5,E1_LLM,API,True,True,True,"{'H-NUM': False, 'H-TOP': False, 'H-EQP': False, 'H-PHY': False, 'H-TOOL': False, 'H-ACT': False}",SUCCESS,1.1836316585540771,1.0,True,"```json
{
  ""event_class"": ""E5"",
  ""confidence"": 1.0,
  ""tool"": ""power_flow"",
  ""reason"": ""The injected mechanism explicitly describes a medium up-ramp of availability at solar resource sgen_PV14, which corresponds to class E5 (Renewable Ramp).""
}
```",E5,none,renewable,high,n1_security;grid_query_topology,E5,power_flow,True,True,False,
IEEE14_SCN_000352,E1,E1_LLM,API,True,True,True,"{'H-NUM': False, 'H-TOP': False, 'H-EQP': False, 'H-PHY': False, 'H-TOOL': False, 'H-ACT': False}",SUCCESS,1.1944847106933594,1.0,True,"```json
{""event_class"":""E1"",""confidence"":1.0,""tool"":""power_flow"",""reason"":""The scenario describes a 30% demand increase at load_bus_5, which corresponds to a positive load surge (E1).""}
```",E1,none,demand,high,n1_security;grid_query_topology,E1,power_flow,True,True,False,
IEEE14_SCN_000392,E1,E1_LLM,API,True,True,True,"{'H-NUM': False, 'H-TOP': False, 'H-EQP': False, 'H-PHY': False, 'H-TOOL': False, 'H-ACT': False}",SUCCESS,1.0449800491333008,0.99,True,"```json
{
  ""event_class"": ""E1"",
  ""confidence"": 0.99,
  ""tool"": ""power_flow"",
  ""reason"": ""A 20 percent demand increase at load_bus_11 constitutes a positive load surge classified as E1.""
}
```",E1,none,demand,high,n1_security;grid_query_topology,E1,power_flow,True,True,False,
IEEE14_SCN_002536,E9,E1_LLM,API,True,True,True,"{'H-NUM': False, 'H-TOP': False, 'H-EQP': False, 'H-PHY': False, 'H-TOOL': False, 'H-ACT': False}",SUCCESS,1.0110492706298828,1.0,True,"```json
{
  ""event_class"": ""E9"",
  ""confidence"": 1.0,
  ""tool"": ""contingency"",
  ""reason"": ""The injected mechanism combines a transmission line outage (line_1_2) with a demand increase across multiple load buses, matching the compound event class E9.""
}
```",E9,undervoltage+overload,branch+demand,high,power_flow;state_estimation;contingency;n1_security;opf;grid_query_topology;grid_query_limits,E9,contingency,True,False,True,
IEEE14_SCN_001757,E5,E1_LLM,API,True,True,True,"{'H-NUM': False, 'H-TOP': False, 'H-EQP': False, 'H-PHY': False, 'H-TOOL': False, 'H-ACT': False}",SUCCESS,1.0936319828033447,0.99,True,"```json
{""event_class"": ""E5"", ""confidence"": 0.99, ""tool"": ""power_flow"", ""reason"": ""The injected event explicitly describes a large down-ramp of availability at renewable generation resources sgen_PV14 and sgen_WIND6, corresponding to a renewable ramp event.""}
```",E5,none,renewable,high,n1_security;grid_query_topology,E5,power_flow,True,True,False,
IEEE14_SCN_001535,E5,E1_LLM,API,True,True,True,"{'H-NUM': False, 'H-TOP': False, 'H-EQP': False, 'H-PHY': False, 'H-TOOL': False, 'H-ACT': False}",SUCCESS,1.052898645401001,1.0,True,"```json
{""event_class"":""E5"",""confidence"":1.0,""tool"":""power_flow"",""reason"":""The injected mechanism is a medium up-ramp of 30 availability points at the photovoltaic resource sgen_PV14, which directly corresponds to a renewable ramp event.""}
```",E5,none,renewable,high,n1_security;grid_query_topology,E5,power_flow,True,True,False,
IEEE14_SCN_002826,E9,E1_LLM,API,True,True,True,"{'H-NUM': False, 'H-TOP': False, 'H-EQP': False, 'H-PHY': False, 'H-TOOL': False, 'H-ACT': False}",SUCCESS,1.4245316982269287,1.0,True,"```json
{
  ""event_class"": ""E9"",
  ""confidence"": 1.0,
  ""tool"": ""contingency"",
  ""reason"": ""The event description explicitly combines a transmission line outage with a 20% demand increase across multiple load buses, constituting a compound mechanism.""
}
```",E9,undervoltage,branch+demand,high,power_flow;state_estimation;contingency;n1_security;grid_query_topology;grid_query_limits,E9,contingency,True,True,True,
IEEE14_SCN_001769,E5,E1_LLM,API,True,True,True,"{'H-NUM': False, 'H-TOP': False, 'H-EQP': False, 'H-PHY': False, 'H-TOOL': False, 'H-ACT': False}",SUCCESS,1.302027702331543,1.0,True,"```json
{
  ""event_class"": ""E5"",
  ""confidence"": 1.0,
  ""tool"": ""power_flow"",
  ""reason"": ""The injected mechanism is a large down-ramp of 60 availability points at renewable resource sgen_PV14, which corresponds exactly to a renewable ramp event.""
}
```",E5,none,renewable,high,n1_security;grid_query_topology,E5,power_flow,True,True,False,
IEEE14_SCN_002430,E9,E1_LLM,API,True,True,True,"{'H-NUM': False, 'H-TOP': False, 'H-EQP': False, 'H-PHY': False, 'H-TOOL': False, 'H-ACT': False}",SUCCESS,1.440831184387207,0.99,True,"```json
{
  ""event_class"": ""E9"",
  ""confidence"": 0.99,
  ""tool"": ""contingency"",
  ""reason"": ""The injected mechanism specifies both a transmission line outage (line_1_5) and a 20% demand increase across multiple load buses, which represents a compound event.""
}
```",E9,overload,branch+demand,high,power_flow;state_estimation;contingency;n1_security;opf;grid_query_topology;grid_query_limits,E9,contingency,True,True,True,
IEEE14_SCN_002500,E9,E1_LLM,API,True,True,True,"{'H-NUM': False, 'H-TOP': False, 'H-EQP': False, 'H-PHY': False, 'H-TOOL': False, 'H-ACT': False}",SUCCESS,1.0826873779296875,1.0,True,"```json
{""event_class"":""E9"",""confidence"":1.0,""tool"":""power_flow"",""reason"":""The injected mechanism explicitly combines a transmission line outage (line_1_2) with a simultaneous demand surge across multiple load buses, classifying it as a compound event.""}
```",E9,undervoltage+overload,branch+demand,high,power_flow;state_estimation;contingency;n1_security;opf;grid_query_topology;grid_query_limits,E9,power_flow,True,False,True,
IEEE14_SCN_001355,E4,E1_LLM,API,True,True,True,"{'H-NUM': False, 'H-TOP': False, 'H-EQP': False, 'H-PHY': False, 'H-TOOL': False, 'H-ACT': False}",SUCCESS,1.1301612854003906,1.0,True,"```json
{
  ""event_class"": ""E4"",
  ""confidence"": 1.0,
  ""tool"": ""power_flow"",
  ""reason"": ""The scenario specifies an outage of generator G6, which corresponds directly to a single generator outage (E4).""
}
```",E4,none,generator,high,power_flow;contingency;n1_security;grid_query_topology,E4,power_flow,True,True,True,
IEEE14_SCN_002926,E9,E1_LLM,API,True,True,True,"{'H-NUM': False, 'H-TOP': False, 'H-EQP': False, 'H-PHY': False, 'H-TOOL': False, 'H-ACT': False}",SUCCESS,1.120053768157959,1.0,True,"```json
{""event_class"":""E9"",""confidence"":1.0,""tool"":""power_flow"",""reason"":""The scenario description explicitly details a compound event involving a transmission line outage and a concurrent demand increase across multiple load buses.""}
```",E9,none,branch+demand,high,power_flow;contingency;n1_security;grid_query_topology,E9,power_flow,True,True,True,
IEEE14_SCN_001686,E5,E1_LLM,API,True,True,True,"{'H-NUM': False, 'H-TOP': False, 'H-EQP': False, 'H-PHY': False, 'H-TOOL': False, 'H-ACT': False}",SUCCESS,1.114985466003418,1.0,True,"```json
{""event_class"":""E5"",""confidence"":1.0,""tool"":""power_flow"",""reason"":""The injected mechanism is a renewable ramp of 10 availability points at solar generator sgen_PV14.""}
```",E5,none,renewable,high,n1_security;grid_query_topology,E5,power_flow,True,True,False,
IEEE14_SCN_002226,E7,E1_LLM,API,True,True,True,"{'H-NUM': False, 'H-TOP': False, 'H-EQP': False, 'H-PHY': False, 'H-TOOL': False, 'H-ACT': False}",SUCCESS,1.127973556518555,0.99,True,"```json
{""event_class"":""E7"",""confidence"":0.99,""tool"":""power_flow"",""reason"":""Excitation setpoint increases across multiple generators caused bus voltages to exceed 1.05 p.u., resulting in an overvoltage violation.""}
```",E7,overvoltage,none,high,power_flow;state_estimation;n1_security;grid_query_topology;grid_query_limits,E7,power_flow,True,True,True,
IEEE14_SCN_002332,E7,E1_LLM,API,True,True,True,"{'H-NUM': False, 'H-TOP': False, 'H-EQP': False, 'H-PHY': False, 'H-TOOL': False, 'H-ACT': False}",SUCCESS,0.9124696254730223,0.98,True,"```json
{""event_class"":""E7"",""confidence"":0.98,""tool"":""power_flow"",""reason"":""The injected mechanism raises excitation setpoints across multiple generators, directly resulting in bus overvoltage conditions with peak voltage exceeding 1.05 p.u.""}
```",E7,overvoltage,none,high,power_flow;state_estimation;n1_security;grid_query_topology;grid_query_limits,E7,power_flow,True,True,True,
IEEE14_SCN_000529,E1,E1_LLM,API,True,True,True,"{'H-NUM': False, 'H-TOP': False, 'H-EQP': False, 'H-PHY': False, 'H-TOOL': False, 'H-ACT': False}",SUCCESS,1.1399352550506592,1.0,True,"```json
{""event_class"":""E1"",""confidence"":1.0,""tool"":""power_flow"",""reason"":""A 20 percent demand increase at load_bus_13 corresponds to a positive load surge classified as E1.""}
```",E1,none,demand,high,n1_security;grid_query_topology,E1,power_flow,True,True,False,
IEEE14_SCN_002533,E9,E1_LLM,API,True,True,True,"{'H-NUM': False, 'H-TOP': False, 'H-EQP': False, 'H-PHY': False, 'H-TOOL': False, 'H-ACT': False}",SUCCESS,1.1093719005584717,1.0,True,"```json
{
  ""event_class"": ""E9"",
  ""confidence"": 1.0,
  ""tool"": ""contingency"",
  ""reason"": ""The scenario describes a compound event consisting of a transmission line outage combined with a load surge across multiple buses.""
}
```",E9,undervoltage+overload,branch+demand,high,power_flow;state_estimation;contingency;n1_security;opf;grid_query_topology;grid_query_limits,E9,contingency,True,False,True,
IEEE14_SCN_000405,E1,E1_LLM,API,True,True,True,"{'H-NUM': False, 'H-TOP': False, 'H-EQP': False, 'H-PHY': False, 'H-TOOL': False, 'H-ACT': False}",SUCCESS,1.0936460494995115,1.0,True,"```json
{""event_class"":""E1"",""confidence"":1.0,""tool"":""power_flow"",""reason"":""The scenario describes a 40% demand increase across four load buses, which corresponds to a positive load surge.""}
```",E1,none,demand,high,n1_security;grid_query_topology,E1,power_flow,True,True,False,
IEEE14_SCN_000967,E3,E1_LLM,API,True,True,True,"{'H-NUM': False, 'H-TOP': False, 'H-EQP': False, 'H-PHY': False, 'H-TOOL': False, 'H-ACT': False}",SUCCESS,1.2179782390594482,1.0,True,"```json
{
  ""event_class"": ""E3"",
  ""confidence"": 1.0,
  ""tool"": ""contingency"",
  ""reason"": ""The injected mechanism explicitly specifies a single transmission line outage on line_13_14, corresponding to class E3.""
}
```",E3,none,branch,high,power_flow;contingency;n1_security;grid_query_topology,E3,contingency,True,True,True,
IEEE14_SCN_002153,E7,E1_LLM,API,True,True,True,"{'H-NUM': False, 'H-TOP': False, 'H-EQP': False, 'H-PHY': False, 'H-TOOL': False, 'H-ACT': False}",SUCCESS,1.0959141254425049,1.0,True,"```json
{""event_class"":""E7"",""confidence"":1.0,""tool"":""power_flow"",""reason"":""Excitation setpoints raised across multiple generators result in post-event bus voltages exceeding 1.05 p.u.""}
```",E7,overvoltage,none,high,power_flow;state_estimation;n1_security;grid_query_topology;grid_query_limits,E7,power_flow,True,True,True,
IEEE14_SCN_000199,E0,E1_LLM,API,True,True,True,"{'H-NUM': False, 'H-TOP': False, 'H-EQP': False, 'H-PHY': False, 'H-TOOL': False, 'H-ACT': False}",SUCCESS,1.0324854850769043,1.0,True,"```json
{""event_class"": ""E0"", ""confidence"": 1.0, ""tool"": ""power_flow"", ""reason"": ""The injected description states no disturbance was injected and no limit violations occurred.""}
```",E0,none,none,high,n1_security;grid_query_topology,E0,power_flow,True,True,False,
IEEE14_SCN_001428,E4,E1_LLM,API,True,True,True,"{'H-NUM': False, 'H-TOP': False, 'H-EQP': False, 'H-PHY': False, 'H-TOOL': False, 'H-ACT': False}",SUCCESS,0.9051165580749512,1.0,True,"```json
{""event_class"":""E4"",""confidence"":1.0,""tool"":""contingency"",""reason"":""The scenario explicitly specifies an outage of generator G2, which corresponds to a single generator outage (E4).""}
```",E4,none,generator,high,power_flow;contingency;n1_security;grid_query_topology,E4,contingency,True,True,True,
IEEE14_SCN_000337,E1,E1_LLM,API,True,True,True,"{'H-NUM': False, 'H-TOP': False, 'H-EQP': False, 'H-PHY': False, 'H-TOOL': False, 'H-ACT': False}",SUCCESS,1.0149612426757812,1.0,True,"```json
{""event_class"":""E1"",""confidence"":1.0,""tool"":""power_flow"",""reason"":""The scenario describes a 40% demand increase across multiple load buses, which corresponds to a positive load surge.""}
```",E1,none,demand,high,n1_security;grid_query_topology,E1,power_flow,True,True,False,
IEEE14_SCN_002846,E9,E1_LLM,API,True,True,True,"{'H-NUM': False, 'H-TOP': False, 'H-EQP': False, 'H-PHY': False, 'H-TOOL': False, 'H-ACT': False}",SUCCESS,1.0829625129699707,0.99,True,"```json
{
  ""event_class"": ""E9"",
  ""confidence"": 0.99,
  ""tool"": ""power_flow"",
  ""reason"": ""The scenario description explicitly states a compound event consisting of a transmission line outage combined with a 15% demand increase across multiple loads.""
}
```",E9,none,branch+demand,high,power_flow;contingency;n1_security;grid_query_topology,E9,power_flow,True,True,True,
IEEE14_SCN_001338,E4,E1_LLM,API,True,True,True,"{'H-NUM': False, 'H-TOP': False, 'H-EQP': False, 'H-PHY': False, 'H-TOOL': False, 'H-ACT': False}",SUCCESS,1.0146098136901855,1.0,True,"```json
{
  ""event_class"": ""E4"",
  ""confidence"": 1.0,
  ""tool"": ""contingency"",
  ""reason"": ""The injected mechanism explicitly specifies a single generator outage of gen_G2, which corresponds to class E4.""
}
```",E4,none,generator,high,power_flow;contingency;n1_security;grid_query_topology,E4,contingency,True,True,True,
IEEE14_SCN_002166,E7,E1_LLM,API,True,True,True,"{'H-NUM': False, 'H-TOP': False, 'H-EQP': False, 'H-PHY': False, 'H-TOOL': False, 'H-ACT': False}",SUCCESS,1.1046066284179688,1.0,True,"```json
{""event_class"":""E7"",""confidence"":1.0,""tool"":""power_flow"",""reason"":""Excitation setpoints raised across multiple generators resulting in bus overvoltage exceeding 1.05 p.u.""}
```",E7,overvoltage,none,high,power_flow;state_estimation;n1_security;grid_query_topology;grid_query_limits,E7,power_flow,True,True,True,
IEEE14_SCN_002390,E7,E1_LLM,API,True,True,True,"{'H-NUM': False, 'H-TOP': False, 'H-EQP': False, 'H-PHY': False, 'H-TOOL': False, 'H-ACT': False}",SUCCESS,1.0395557880401611,1.0,True,"```json
{""event_class"":""E7"",""confidence"":1.0,""tool"":""power_flow"",""reason"":""Excitation setpoints raised across multiple generators lead to a post-event overvoltage violation exceeding 1.05 p.u.""}
```",E7,overvoltage,none,high,power_flow;state_estimation;n1_security;grid_query_topology;grid_query_limits,E7,power_flow,True,True,True,
IEEE14_SCN_000539,E1,E1_LLM,API,True,True,True,"{'H-NUM': False, 'H-TOP': False, 'H-EQP': False, 'H-PHY': False, 'H-TOOL': False, 'H-ACT': False}",SUCCESS,1.1259894371032717,1.0,True,"```json
{""event_class"": ""E1"", ""confidence"": 1.0, ""tool"": ""power_flow"", ""reason"": ""A 10 percent demand increase at load_bus_13 corresponds to a positive load surge.""}
```",E1,none,demand,high,n1_security;grid_query_topology,E1,power_flow,True,True,False,
IEEE14_SCN_001001,E3,E1_LLM,API,True,True,True,"{'H-NUM': False, 'H-TOP': False, 'H-EQP': False, 'H-PHY': False, 'H-TOOL': False, 'H-ACT': False}",SUCCESS,0.9175682067871094,1.0,True,"```json
{""event_class"":""E3"",""confidence"":1.0,""tool"":""contingency"",""reason"":""The scenario explicitly states an injected mechanism of a single line outage on line_1_2, which corresponds directly to class E3.""}
```",E3,none,branch,high,power_flow;contingency;n1_security;grid_query_topology,E3,contingency,True,True,True,
IEEE14_SCN_000095,E0,E1_LLM,API,True,True,True,"{'H-NUM': False, 'H-TOP': False, 'H-EQP': False, 'H-PHY': False, 'H-TOOL': False, 'H-ACT': False}",SUCCESS,1.1178665161132812,1.0,True,"```json
{
  ""event_class"": ""E0"",
  ""confidence"": 1.0,
  ""tool"": ""power_flow"",
  ""reason"": ""The scenario description explicitly states 'no disturbance injected' and the effect notes 'no limit violations' with normal post-event state.""
}
```",E0,none,none,high,n1_security;grid_query_topology,E0,power_flow,True,True,False,
IEEE14_SCN_002888,E9,E1_LLM,API,True,True,True,"{'H-NUM': False, 'H-TOP': False, 'H-EQP': False, 'H-PHY': False, 'H-TOOL': False, 'H-ACT': False}",SUCCESS,1.0935471057891846,1.0,True,"```json
{""event_class"":""E9"",""confidence"":1.0,""tool"":""power_flow"",""reason"":""The scenario injects a transmission line outage (line_2_4) combined with a 20% demand increase across multiple load buses, constituting a compound event.""}
```",E9,none,branch+demand,high,power_flow;contingency;n1_security;grid_query_topology,E9,power_flow,True,True,True,
IEEE14_SCN_001817,E3,E1_LLM,API,True,True,True,"{'H-NUM': False, 'H-TOP': False, 'H-EQP': False, 'H-PHY': False, 'H-TOOL': False, 'H-ACT': False}",SUCCESS,1.4811723232269287,1.0,True,"```json
{
  ""event_class"": ""E3"",
  ""confidence"": 1.0,
  ""tool"": ""contingency"",
  ""reason"": ""The injected mechanism explicitly specifies a single line outage of line_6_13, which corresponds to class E3.""
}
```",E3,undervoltage,branch,high,power_flow;state_estimation;contingency;n1_security;grid_query_topology;grid_query_limits,E3,contingency,True,True,True,
IEEE14_SCN_002540,E9,E1_LLM,API,True,True,True,"{'H-NUM': False, 'H-TOP': False, 'H-EQP': False, 'H-PHY': False, 'H-TOOL': False, 'H-ACT': False}",SUCCESS,1.1194918155670166,1.0,True,"```json
{""event_class"":""E9"",""confidence"":1.0,""tool"":""power_flow"",""reason"":""The scenario description explicitly details a compound event involving a transmission line outage combined with a 20% demand increase across multiple load buses.""}
```",E9,overload,branch+demand,high,power_flow;state_estimation;contingency;n1_security;opf;grid_query_topology;grid_query_limits,E9,power_flow,True,True,True,
IEEE14_SCN_002952,E9,E1_LLM,API,True,True,True,"{'H-NUM': False, 'H-TOP': False, 'H-EQP': False, 'H-PHY': False, 'H-TOOL': False, 'H-ACT': False}",SUCCESS,1.2244722843170166,1.0,True,"```json
{""event_class"":""E9"",""confidence"":1.0,""tool"":""power_flow"",""reason"":""The scenario explicitly injects a compound event consisting of a transmission line outage combined with a 20 percent demand increase across multiple load buses.""}
```",E9,none,branch+demand,high,power_flow;contingency;n1_security;grid_query_topology,E9,power_flow,True,True,True,
IEEE14_SCN_001116,E3,E1_LLM,API,True,True,True,"{'H-NUM': False, 'H-TOP': False, 'H-EQP': False, 'H-PHY': False, 'H-TOOL': False, 'H-ACT': False}",SUCCESS,0.9199821949005128,1.0,True,"```json
{""event_class"":""E3"",""confidence"":1.0,""tool"":""contingency"",""reason"":""The injected mechanism explicitly states the outage of a single transmission line (line_2_5), which corresponds to class E3.""}
```",E3,none,branch,high,power_flow;contingency;n1_security;grid_query_topology,E3,contingency,True,True,True,
IEEE14_SCN_000995,E3,E1_LLM,API,True,True,True,"{'H-NUM': False, 'H-TOP': False, 'H-EQP': False, 'H-PHY': False, 'H-TOOL': False, 'H-ACT': False}",SUCCESS,0.9869582653045654,1.0,True,"```json
{
  ""event_class"": ""E3"",
  ""confidence"": 1.0,
  ""tool"": ""contingency"",
  ""reason"": ""The injected mechanism is explicitly a single transmission line outage on line_2_3, which corresponds to class E3.""
}
```",E3,none,branch,high,power_flow;contingency;n1_security;grid_query_topology,E3,contingency,True,True,True,
IEEE14_SCN_000822,E2,E1_LLM,API,True,True,True,"{'H-NUM': False, 'H-TOP': False, 'H-EQP': False, 'H-PHY': False, 'H-TOOL': False, 'H-ACT': False}",SUCCESS,1.2256340980529783,1.0,True,"```json
{
  ""event_class"": ""E2"",
  ""confidence"": 1.0,
  ""tool"": ""power_flow"",
  ""reason"": ""The injected mechanism is a 10% demand decrease at load_bus_10, which corresponds to a negative load surge (Load Drop).""
}
```",E2,none,demand,high,n1_security;grid_query_topology,E2,power_flow,True,True,False,
IEEE14_SCN_000054,E0,E1_LLM,API,True,True,True,"{'H-NUM': False, 'H-TOP': False, 'H-EQP': False, 'H-PHY': False, 'H-TOOL': False, 'H-ACT': False}",SUCCESS,1.1045966148376465,1.0,True,"```json
{""event_class"": ""E0"", ""confidence"": 1.0, ""tool"": ""power_flow"", ""reason"": ""The injected description explicitly states no disturbance was injected and the effect shows no limit violations, corresponding to a normal state.""}
```",E0,none,none,high,n1_security;grid_query_topology,E0,power_flow,True,True,False,
IEEE14_SCN_000407,E1,E1_LLM,API,True,True,True,"{'H-NUM': False, 'H-TOP': False, 'H-EQP': False, 'H-PHY': False, 'H-TOOL': False, 'H-ACT': False}",SUCCESS,1.1304051876068115,1.0,True,"```json
{""event_class"":""E1"",""confidence"":1.0,""tool"":""power_flow"",""reason"":""Injected mechanism specifies a 30% demand increase (load surge) across four load buses.""}
```",E1,none,demand,high,n1_security;grid_query_topology,E1,power_flow,True,True,False,
IEEE14_SCN_002404,E9,E1_LLM,API,True,True,True,"{'H-NUM': False, 'H-TOP': False, 'H-EQP': False, 'H-PHY': False, 'H-TOOL': False, 'H-ACT': False}",SUCCESS,1.0767743587493896,0.99,True,"```json
{
  ""event_class"": ""E9"",
  ""confidence"": 0.99,
  ""tool"": ""power_flow"",
  ""reason"": ""The injected mechanism explicitly combines a transmission line outage (line_1_2) with a demand increase across multiple load buses, matching the E9 Compound event class taxonomy.""
}
```",E9,overload,branch+demand,high,power_flow;state_estimation;contingency;n1_security;opf;grid_query_topology;grid_query_limits,E9,power_flow,True,True,True,
IEEE14_SCN_002496,E9,E1_LLM,API,True,True,True,"{'H-NUM': False, 'H-TOP': False, 'H-EQP': False, 'H-PHY': False, 'H-TOOL': False, 'H-ACT': False}",SUCCESS,0.8905260562896729,1.0,True,"```json
{""event_class"":""E9"",""confidence"":1.0,""tool"":""power_flow"",""reason"":""The scenario involves both a transmission line outage (line_1_2) and a simultaneous demand increase across multiple load buses, classifying it as a compound event.""}
```",E9,undervoltage+overload,branch+demand,high,power_flow;state_estimation;contingency;n1_security;opf;grid_query_topology;grid_query_limits,E9,power_flow,True,False,True,
IEEE14_SCN_001353,E4,E1_LLM,API,True,True,True,"{'H-NUM': False, 'H-TOP': False, 'H-EQP': False, 'H-PHY': False, 'H-TOOL': False, 'H-ACT': False}",SUCCESS,1.1056888103485107,1.0,True,"```json
{""event_class"":""E4"",""confidence"":1.0,""tool"":""contingency"",""reason"":""The injected mechanism explicitly specifies a single generator outage of target gen_G8.""}
```",E4,none,generator,high,power_flow;contingency;n1_security;grid_query_topology,E4,contingency,True,True,True,
IEEE14_SCN_002776,E9,E1_LLM,API,True,True,True,"{'H-NUM': False, 'H-TOP': False, 'H-EQP': False, 'H-PHY': False, 'H-TOOL': False, 'H-ACT': False}",SUCCESS,0.9790892601013184,1.0,True,"```json
{
  ""event_class"": ""E9"",
  ""confidence"": 1.0,
  ""tool"": ""power_flow"",
  ""reason"": ""The injected description explicitly specifies a compound event consisting of a transmission line outage combined with a load surge across multiple components.""
}
```",E9,none,branch+demand,high,power_flow;contingency;n1_security;grid_query_topology,E9,power_flow,True,True,True,
IEEE14_SCN_000755,E2,E1_LLM,API,True,True,True,"{'H-NUM': False, 'H-TOP': False, 'H-EQP': False, 'H-PHY': False, 'H-TOOL': False, 'H-ACT': False}",SUCCESS,1.016887903213501,1.0,True,"```json
{""event_class"":""E2"",""confidence"":1.0,""tool"":""power_flow"",""reason"":""A 20 percent demand decrease was injected across four load buses, corresponding to a load drop event.""}
```",E2,none,demand,high,n1_security;grid_query_topology,E2,power_flow,True,True,False,
IEEE14_SCN_002041,E3,E1_LLM,API,True,True,True,"{'H-NUM': False, 'H-TOP': False, 'H-EQP': False, 'H-PHY': False, 'H-TOOL': False, 'H-ACT': False}",SUCCESS,0.8820037841796875,1.0,True,"{""event_class"": ""E3"", ""confidence"": 1.0, ""tool"": ""contingency"", ""reason"": ""The injected mechanism is a single transmission line outage on line_6_13, which corresponds to class E3.""}",E3,undervoltage,branch,high,power_flow;state_estimation;contingency;n1_security;grid_query_topology;grid_query_limits,E3,contingency,True,True,True,
IEEE14_SCN_002388,E7,E1_LLM,API,True,True,True,"{'H-NUM': False, 'H-TOP': False, 'H-EQP': False, 'H-PHY': False, 'H-TOOL': False, 'H-ACT': False}",SUCCESS,1.1079695224761963,0.95,True,"```json
{""event_class"":""E7"",""confidence"":0.95,""tool"":""power_flow"",""reason"":""Excitation setpoints raised across multiple generators caused bus voltages to exceed 1.05 p.u., resulting in an overvoltage condition (E7).""}
```",E7,overvoltage,none,high,power_flow;state_estimation;n1_security;grid_query_topology;grid_query_limits,E7,power_flow,True,True,True,
IEEE14_SCN_002566,E9,E1_LLM,API,True,True,True,"{'H-NUM': False, 'H-TOP': False, 'H-EQP': False, 'H-PHY': False, 'H-TOOL': False, 'H-ACT': False}",SUCCESS,1.1682589054107666,1.0,True,"```json
{
  ""event_class"": ""E9"",
  ""confidence"": 1.0,
  ""tool"": ""contingency"",
  ""reason"": ""The event description explicitly states a transmission line outage combined with a 20% demand increase across multiple load buses, classifying it as a compound event (E9).""
}
```",E9,undervoltage+overload,branch+demand,high,power_flow;state_estimation;contingency;n1_security;opf;grid_query_topology;grid_query_limits,E9,contingency,True,False,True,
IEEE14_SCN_002979,E9,E1_LLM,API,True,True,True,"{'H-NUM': False, 'H-TOP': False, 'H-EQP': False, 'H-PHY': False, 'H-TOOL': False, 'H-ACT': False}",SUCCESS,1.037665605545044,1.0,True,"```json
{""event_class"":""E9"",""confidence"":1.0,""tool"":""power_flow"",""reason"":""The injected description explicitly specifies a compound event combining a transmission line outage and a demand increase.""}
```",E9,none,branch+demand,high,power_flow;contingency;n1_security;grid_query_topology,E9,power_flow,True,True,True,
IEEE14_SCN_002925,E9,E1_LLM,API,True,True,True,"{'H-NUM': False, 'H-TOP': False, 'H-EQP': False, 'H-PHY': False, 'H-TOOL': False, 'H-ACT': False}",SUCCESS,1.0910444259643557,1.0,True,"```json
{
  ""event_class"": ""E9"",
  ""confidence"": 1.0,
  ""tool"": ""power_flow"",
  ""reason"": ""The scenario description explicitly details a compound event consisting of a transmission line outage combined with a load surge across multiple buses.""
}
```",E9,none,branch+demand,high,power_flow;contingency;n1_security;grid_query_topology,E9,power_flow,True,True,True,
IEEE14_SCN_001467,E4,E1_LLM,API,True,True,True,"{'H-NUM': False, 'H-TOP': False, 'H-EQP': False, 'H-PHY': False, 'H-TOOL': False, 'H-ACT': False}",SUCCESS,0.9723479747772216,1.0,True,"```json
{""event_class"":""E4"",""confidence"":1.0,""tool"":""contingency"",""reason"":""The injected mechanism explicitly states a single generator outage (gen_G3), which corresponds to event class E4.""}
```",E4,none,generator,high,power_flow;contingency;n1_security;grid_query_topology,E4,contingency,True,True,True,
IEEE14_SCN_002621,E9,E1_LLM,API,True,True,True,"{'H-NUM': False, 'H-TOP': False, 'H-EQP': False, 'H-PHY': False, 'H-TOOL': False, 'H-ACT': False}",SUCCESS,0.9501028060913086,1.0,True,"```json
{""event_class"":""E9"",""confidence"":1.0,""tool"":""power_flow"",""reason"":""The scenario explicitly describes a compound event consisting of a transmission line outage combined with a load surge across multiple buses.""}
```",E9,overload,branch+demand,high,power_flow;state_estimation;contingency;n1_security;opf;grid_query_topology;grid_query_limits,E9,power_flow,True,True,True,
IEEE14_SCN_002945,E9,E1_LLM,API,True,True,True,"{'H-NUM': False, 'H-TOP': False, 'H-EQP': False, 'H-PHY': False, 'H-TOOL': False, 'H-ACT': False}",SUCCESS,1.2595081329345703,1.0,True,"```json
{
  ""event_class"": ""E9"",
  ""confidence"": 1.0,
  ""tool"": ""contingency"",
  ""reason"": ""The event description explicitly states a transmission line outage combined with a 15% demand increase across multiple load components, which constitutes a compound event.""
}
```",E9,none,branch+demand,high,power_flow;contingency;n1_security;grid_query_topology,E9,contingency,True,True,True,
IEEE14_SCN_001395,E4,E1_LLM,API,True,True,True,"{'H-NUM': False, 'H-TOP': False, 'H-EQP': False, 'H-PHY': False, 'H-TOOL': False, 'H-ACT': False}",SUCCESS,1.2448687553405762,1.0,True,"```json
{
  ""event_class"": ""E4"",
  ""confidence"": 1.0,
  ""tool"": ""contingency"",
  ""reason"": ""The injected mechanism explicitly specifies a single generator outage of gen_G8, which corresponds to class E4.""
}
```",E4,none,generator,high,power_flow;contingency;n1_security;grid_query_topology,E4,contingency,True,True,True,
IEEE14_SCN_001944,E3,E1_LLM,API,True,True,True,"{'H-NUM': False, 'H-TOP': False, 'H-EQP': False, 'H-PHY': False, 'H-TOOL': False, 'H-ACT': False}",SUCCESS,1.1571056842803955,1.0,True,"```json
{""event_class"":""E3"",""confidence"":1.0,""tool"":""contingency"",""reason"":""The injected mechanism explicitly states a single transmission line outage of line_6_13, which corresponds to class E3.""}
```",E3,undervoltage,branch,high,power_flow;state_estimation;contingency;n1_security;grid_query_topology;grid_query_limits,E3,contingency,True,True,True,
IEEE14_SCN_001695,E5,E1_LLM,API,True,True,True,"{'H-NUM': False, 'H-TOP': False, 'H-EQP': False, 'H-PHY': False, 'H-TOOL': False, 'H-ACT': False}",SUCCESS,0.982180118560791,1.0,True,"```json
{""event_class"":""E5"",""confidence"":1.0,""tool"":""power_flow"",""reason"":""Injected event explicitly specifies a medium down-ramp of availability at renewable resources sgen_PV14 and sgen_WIND6.""}
```",E5,none,renewable,high,n1_security;grid_query_topology,E5,power_flow,True,True,False,
IEEE14_SCN_001664,E5,E1_LLM,API,True,True,True,"{'H-NUM': False, 'H-TOP': False, 'H-EQP': False, 'H-PHY': False, 'H-TOOL': False, 'H-ACT': False}",SUCCESS,1.2652807235717771,1.0,True,"```json
{
  ""event_class"": ""E5"",
  ""confidence"": 1.0,
  ""tool"": ""power_flow"",
  ""reason"": ""The injected mechanism is a small down-ramp of 10 availability points at a wind generator (sgen_WIND6), which directly classifies as a renewable ramp (E5).""
}
```",E5,none,renewable,high,n1_security;grid_query_topology,E5,power_flow,True,True,False,
IEEE14_SCN_000993,E3,E1_LLM,API,True,True,True,"{'H-NUM': False, 'H-TOP': False, 'H-EQP': False, 'H-PHY': False, 'H-TOOL': False, 'H-ACT': False}",SUCCESS,1.1085362434387207,1.0,True,"```json
{""event_class"":""E3"",""confidence"":1.0,""tool"":""contingency"",""reason"":""The injected mechanism explicitly states a single transmission line outage of line_9_14.""}
```",E3,none,branch,high,power_flow;contingency;n1_security;grid_query_topology,E3,contingency,True,True,True,
IEEE14_SCN_001429,E4,E1_LLM,API,True,True,True,"{'H-NUM': False, 'H-TOP': False, 'H-EQP': False, 'H-PHY': False, 'H-TOOL': False, 'H-ACT': False}",SUCCESS,1.2338945865631104,1.0,True,"```json
{
  ""event_class"": ""E4"",
  ""confidence"": 1.0,
  ""tool"": ""contingency"",
  ""reason"": ""The injected mechanism explicitly specifies a single generator outage of gen_G2, which corresponds to class E4.""
}
```",E4,none,generator,high,power_flow;contingency;n1_security;grid_query_topology,E4,contingency,True,True,True,
IEEE14_SCN_001827,E3,E1_LLM,API,True,True,True,"{'H-NUM': False, 'H-TOP': False, 'H-EQP': False, 'H-PHY': False, 'H-TOOL': False, 'H-ACT': False}",SUCCESS,1.107388973236084,1.0,True,"```json
{""event_class"":""E3"",""confidence"":1.0,""tool"":""contingency"",""reason"":""The injected mechanism explicitly specifies a single transmission line outage (line_6_13), which classifies the event as an E3 transmission-line outage.""}
```",E3,undervoltage,branch,high,power_flow;state_estimation;contingency;n1_security;grid_query_topology;grid_query_limits,E3,contingency,True,True,True,
IEEE14_SCN_001720,E5,E1_LLM,API,True,True,True,"{'H-NUM': False, 'H-TOP': False, 'H-EQP': False, 'H-PHY': False, 'H-TOOL': False, 'H-ACT': False}",SUCCESS,0.9542975425720216,1.0,True,"```json
{""event_class"":""E5"",""confidence"":1.0,""tool"":""power_flow"",""reason"":""The injected mechanism is a renewable ramp affecting solar and wind resources.""}
```",E5,none,renewable,high,n1_security;grid_query_topology,E5,power_flow,True,True,False,
IEEE14_SCN_001858,E4,E1_LLM,API,True,True,True,"{'H-NUM': False, 'H-TOP': False, 'H-EQP': False, 'H-PHY': False, 'H-TOOL': False, 'H-ACT': False}",SUCCESS,1.19578218460083,1.0,True,"```json
{
  ""event_class"": ""E4"",
  ""confidence"": 1.0,
  ""tool"": ""contingency"",
  ""reason"": ""The injected mechanism explicitly specifies a single unit generator outage of gen_G6, which maps directly to class E4.""
}
```",E4,undervoltage,generator,high,power_flow;state_estimation;contingency;n1_security;grid_query_topology;grid_query_limits,E4,contingency,True,True,True,
IEEE14_SCN_000735,E2,E1_LLM,API,True,True,True,"{'H-NUM': False, 'H-TOP': False, 'H-EQP': False, 'H-PHY': False, 'H-TOOL': False, 'H-ACT': False}",SUCCESS,1.0708541870117188,0.5,True,"```json
{""event_class"":""E2"",""confidence"":1.0,""tool"":""power_flow"",""reason"":""The injected mechanism is a 20 percent demand decrease at load_bus_6, which corresponds to a negative load surge (Load Drop).""}}
```",E2,none,demand,high,n1_security;grid_query_topology,E2,power_flow,True,True,False,
IEEE14_SCN_002341,E7,E1_LLM,API,True,True,True,"{'H-NUM': False, 'H-TOP': False, 'H-EQP': False, 'H-PHY': False, 'H-TOOL': False, 'H-ACT': False}",SUCCESS,1.1792027950286863,0.99,True,"```json
{
  ""event_class"": ""E7"",
  ""confidence"": 0.99,
  ""tool"": ""power_flow"",
  ""reason"": ""The excitation setpoints were raised causing severe bus overvoltages with peak voltage reaching 1.0800 p.u. and active voltage violations.""
}
```",E7,overvoltage,none,high,power_flow;state_estimation;n1_security;grid_query_topology;grid_query_limits,E7,power_flow,True,True,True,
IEEE14_SCN_001199,E3,E1_LLM,API,True,True,True,"{'H-NUM': False, 'H-TOP': False, 'H-EQP': False, 'H-PHY': False, 'H-TOOL': False, 'H-ACT': False}",SUCCESS,1.1390674114227295,1.0,True,"```json
{""event_class"":""E3"",""confidence"":1.0,""tool"":""contingency"",""reason"":""The injected mechanism explicitly states a single transmission line outage of line_10_11.""}
```",E3,none,branch,high,power_flow;contingency;n1_security;grid_query_topology,E3,contingency,True,True,True,
IEEE14_SCN_001384,E4,E1_LLM,API,True,True,True,"{'H-NUM': False, 'H-TOP': False, 'H-EQP': False, 'H-PHY': False, 'H-TOOL': False, 'H-ACT': False}",SUCCESS,1.099269151687622,1.0,True,"```json
{""event_class"":""E4"",""confidence"":1.0,""tool"":""contingency"",""reason"":""The scenario explicitly specifies an outage of generator gen_G2, which falls under the single generator outage event class.""}
```",E4,none,generator,high,power_flow;contingency;n1_security;grid_query_topology,E4,contingency,True,True,True,
IEEE14_SCN_001784,E5,E1_LLM,API,True,True,True,"{'H-NUM': False, 'H-TOP': False, 'H-EQP': False, 'H-PHY': False, 'H-TOOL': False, 'H-ACT': False}",SUCCESS,1.0112929344177246,1.0,True,"```json
{
  ""event_class"": ""E5"",
  ""confidence"": 1.0,
  ""tool"": ""power_flow"",
  ""reason"": ""The injected event describes a medium up-ramp of availability points at photovoltaic and wind generators, which directly maps to renewable ramp class E5.""
}
```",E5,none,renewable,high,n1_security;grid_query_topology,E5,power_flow,True,True,False,
IEEE14_SCN_002692,E9,E1_LLM,API,True,True,True,"{'H-NUM': False, 'H-TOP': False, 'H-EQP': False, 'H-PHY': False, 'H-TOOL': False, 'H-ACT': False}",SUCCESS,1.1462037563323977,1.0,True,"```json
{
  ""event_class"": ""E9"",
  ""confidence"": 1.0,
  ""tool"": ""contingency"",
  ""reason"": ""The injected mechanism explicitly combines a transmission line outage (line_1_2) with a simultaneous demand increase across multiple load buses, classifying it as a compound event.""
}
```",E9,undervoltage+overload,branch+demand,high,power_flow;state_estimation;contingency;n1_security;opf;grid_query_topology;grid_query_limits,E9,contingency,True,False,True,
IEEE14_SCN_002494,E9,E1_LLM,API,True,True,True,"{'H-NUM': False, 'H-TOP': False, 'H-EQP': False, 'H-PHY': False, 'H-TOOL': False, 'H-ACT': False}",SUCCESS,1.142481565475464,1.0,True,"```json
{""event_class"":""E9"",""confidence"":1.0,""tool"":""power_flow"",""reason"":""The injected description explicitly specifies a compound event consisting of a transmission line outage combined with a 20% demand increase across multiple load buses.""}
```",E9,undervoltage+overload,branch+demand,high,power_flow;state_estimation;contingency;n1_security;opf;grid_query_topology;grid_query_limits,E9,power_flow,True,False,True,
IEEE14_SCN_002988,E9,E1_LLM,API,True,True,True,"{'H-NUM': False, 'H-TOP': False, 'H-EQP': False, 'H-PHY': False, 'H-TOOL': False, 'H-ACT': False}",SUCCESS,1.026522874832153,0.99,True,"```json
{
  ""event_class"": ""E9"",
  ""confidence"": 0.99,
  ""tool"": ""contingency"",
  ""reason"": ""The scenario description explicitly details a compound event involving a transmission line outage combined with simultaneous demand increases across multiple buses.""
}
```",E9,undervoltage,branch+demand,high,power_flow;state_estimation;contingency;n1_security;grid_query_topology;grid_query_limits,E9,contingency,True,True,True,
IEEE14_SCN_000068,E0,E1_LLM,API,True,True,True,"{'H-NUM': False, 'H-TOP': False, 'H-EQP': False, 'H-PHY': False, 'H-TOOL': False, 'H-ACT': False}",SUCCESS,1.095259428024292,0.99,True,"```json
{""event_class"":""E0"",""confidence"":0.99,""tool"":""grid_query"",""reason"":""Pre and post conditions are stable with no injected disturbance and zero limit violations.""}
```",E0,none,none,high,n1_security;grid_query_topology,E0,grid_query,True,True,False,
IEEE14_SCN_002854,E9,E1_LLM,API,True,True,True,"{'H-NUM': False, 'H-TOP': False, 'H-EQP': False, 'H-PHY': False, 'H-TOOL': False, 'H-ACT': False}",SUCCESS,0.8869304656982422,1.0,True,"```json
{""event_class"":""E9"",""confidence"":1.0,""tool"":""power_flow"",""reason"":""The scenario description explicitly states a compound event combining a transmission line outage and a demand increase.""}
```",E9,none,branch+demand,high,power_flow;contingency;n1_security;grid_query_topology,E9,power_flow,True,True,True,
IEEE14_SCN_002234,E7,E1_LLM,API,True,True,True,"{'H-NUM': False, 'H-TOP': False, 'H-EQP': False, 'H-PHY': False, 'H-TOOL': False, 'H-ACT': False}",SUCCESS,0.960292100906372,1.0,True,"```json
{""event_class"":""E7"",""confidence"":1.0,""tool"":""power_flow"",""reason"":""Excitation setpoints raised across multiple generators lead to post-event bus voltages exceeding 1.05 p.u.""}
```",E7,overvoltage,none,high,power_flow;state_estimation;n1_security;grid_query_topology;grid_query_limits,E7,power_flow,True,True,True,
IEEE14_SCN_000953,E3,E1_LLM,API,True,True,True,"{'H-NUM': False, 'H-TOP': False, 'H-EQP': False, 'H-PHY': False, 'H-TOOL': False, 'H-ACT': False}",SUCCESS,1.0434834957122805,1.0,True,"```json
{""event_class"":""E3"",""confidence"":1.0,""tool"":""contingency"",""reason"":""The injected mechanism explicitly specifies a single transmission line outage (line_2_5), corresponding directly to class E3.""}
```",E3,none,branch,high,power_flow;contingency;n1_security;grid_query_topology,E3,contingency,True,True,True,
IEEE14_SCN_002785,E9,E1_LLM,API,True,True,True,"{'H-NUM': False, 'H-TOP': False, 'H-EQP': False, 'H-PHY': False, 'H-TOOL': False, 'H-ACT': False}",SUCCESS,1.4830305576324463,1.0,True,"```json
{""event_class"":""E9"",""confidence"":1.0,""tool"":""power_flow"",""reason"":""The injected description explicitly combines a transmission line outage with a demand increase across multiple load buses, constituting a compound event.""}
```",E9,none,branch+demand,high,power_flow;contingency;n1_security;grid_query_topology,E9,power_flow,True,True,True,
IEEE14_SCN_001925,E3,E1_LLM,API,True,True,True,"{'H-NUM': False, 'H-TOP': False, 'H-EQP': False, 'H-PHY': False, 'H-TOOL': False, 'H-ACT': False}",SUCCESS,0.9684529304504396,1.0,True,"```json
{""event_class"":""E3"",""confidence"":1.0,""tool"":""contingency"",""reason"":""The injected mechanism explicitly specifies a single transmission line outage of line_13_14.""}
```",E3,undervoltage,branch,high,power_flow;state_estimation;contingency;n1_security;grid_query_topology;grid_query_limits,E3,contingency,True,True,True,
IEEE14_SCN_002703,E9,E2_LLM_RAG,API,True,True,True,"{'H-NUM': False, 'H-TOP': False, 'H-EQP': False, 'H-PHY': False, 'H-TOOL': False, 'H-ACT': False}",SUCCESS,0.9409148693084716,1.0,True,"```json
{""event_class"":""E9"",""confidence"":1.0,""tool"":""power_flow"",""reason"":""The scenario involves a transmission-line outage combined with a load surge across multiple components, representing a compound event.""}
```",E9,undervoltage,branch+demand,high,power_flow;state_estimation;contingency;n1_security;grid_query_topology;grid_query_limits,E9,power_flow,True,True,True,
IEEE14_SCN_001981,E3,E2_LLM_RAG,API,True,True,True,"{'H-NUM': False, 'H-TOP': False, 'H-EQP': False, 'H-PHY': False, 'H-TOOL': False, 'H-ACT': False}",SUCCESS,0.9695644378662108,1.0,True,"```json
{
  ""event_class"": ""E3"",
  ""confidence"": 1.0,
  ""tool"": ""contingency"",
  ""reason"": ""The injected mechanism explicitly specifies a single transmission line outage on line_6_13.""
}
```",E3,undervoltage,branch,high,power_flow;state_estimation;contingency;n1_security;grid_query_topology;grid_query_limits,E3,contingency,True,True,True,
IEEE14_SCN_000948,E3,E2_LLM_RAG,API,True,True,True,"{'H-NUM': False, 'H-TOP': False, 'H-EQP': False, 'H-PHY': False, 'H-TOOL': False, 'H-ACT': False}",SUCCESS,1.100177526473999,1.0,True,"```json
{""event_class"":""E3"",""confidence"":1.0,""tool"":""contingency"",""reason"":""The injected mechanism explicitly states a single transmission line outage of line_2_4 (scope single_branch).""}
```",E3,none,branch,high,power_flow;contingency;n1_security;grid_query_topology,E3,contingency,True,True,True,
IEEE14_SCN_001349,E4,E2_LLM_RAG,API,True,True,True,"{'H-NUM': False, 'H-TOP': False, 'H-EQP': False, 'H-PHY': False, 'H-TOOL': False, 'H-ACT': False}",SUCCESS,0.9663033485412598,1.0,True,"```json
{""event_class"":""E4"",""confidence"":1.0,""tool"":""contingency"",""reason"":""The injected event description explicitly specifies an outage of generator gen_G6, which corresponds to class E4 (Generator Outage).""}
```",E4,none,generator,high,power_flow;contingency;n1_security;grid_query_topology,E4,contingency,True,True,True,
IEEE14_SCN_002035,E3,E2_LLM_RAG,API,True,True,True,"{'H-NUM': False, 'H-TOP': False, 'H-EQP': False, 'H-PHY': False, 'H-TOOL': False, 'H-ACT': False}",SUCCESS,0.9103209972381592,1.0,True,"```json
{""event_class"":""E3"",""confidence"":1.0,""tool"":""contingency"",""reason"":""The injected mechanism explicitly specifies a single transmission line outage (line_6_13), which classifies this event as E3.""}
```",E3,undervoltage,branch,high,power_flow;state_estimation;contingency;n1_security;grid_query_topology;grid_query_limits,E3,contingency,True,True,True,
IEEE14_SCN_002982,E9,E2_LLM_RAG,API,True,True,True,"{'H-NUM': False, 'H-TOP': False, 'H-EQP': False, 'H-PHY': False, 'H-TOOL': False, 'H-ACT': False}",SUCCESS,0.9143350124359132,1.0,True,"```json
{""event_class"": ""E9"", ""confidence"": 1.0, ""tool"": ""power_flow"", ""reason"": ""The scenario description explicitly defines a compound event consisting of a transmission line outage combined with a demand increase across multiple load buses.""}
```",E9,none,branch+demand,high,power_flow;contingency;n1_security;grid_query_topology,E9,power_flow,True,True,True,
IEEE14_SCN_002055,E3,E2_LLM_RAG,API,True,True,True,"{'H-NUM': False, 'H-TOP': False, 'H-EQP': False, 'H-PHY': False, 'H-TOOL': False, 'H-ACT': False}",SUCCESS,1.166780710220337,1.0,True,"```json
{""event_class"":""E3"",""confidence"":1.0,""tool"":""contingency"",""reason"":""The injected mechanism is explicitly a single-branch line outage of line_6_13, which corresponds to class E3.""}
```",E3,undervoltage,branch,high,power_flow;state_estimation;contingency;n1_security;grid_query_topology;grid_query_limits,E3,contingency,True,True,True,
IEEE14_SCN_001408,E4,E2_LLM_RAG,API,True,True,True,"{'H-NUM': False, 'H-TOP': False, 'H-EQP': False, 'H-PHY': False, 'H-TOOL': False, 'H-ACT': False}",SUCCESS,0.9569566249847412,1.0,True,"```json
{
  ""event_class"": ""E4"",
  ""confidence"": 1.0,
  ""tool"": ""contingency"",
  ""reason"": ""The injected mechanism is an outage of generator gen_G6, which directly corresponds to a single generator outage (E4).""
}
```",E4,none,generator,high,power_flow;contingency;n1_security;grid_query_topology,E4,contingency,True,True,True,
IEEE14_SCN_001614,E5,E2_LLM_RAG,API,True,True,True,"{'H-NUM': False, 'H-TOP': False, 'H-EQP': False, 'H-PHY': False, 'H-TOOL': False, 'H-ACT': False}",SUCCESS,1.0781822204589844,1.0,True,"```json
{""event_class"": ""E5"", ""confidence"": 1.0, ""tool"": ""power_flow"", ""reason"": ""The injected event is a small up-ramp of 10 availability points at the solar generator sgen_PV14, which falls strictly under the renewable ramp taxonomy.""}
```",E5,none,renewable,high,n1_security;grid_query_topology,E5,power_flow,True,True,False,
IEEE14_SCN_001945,E3,E2_LLM_RAG,API,True,True,True,"{'H-NUM': False, 'H-TOP': False, 'H-EQP': False, 'H-PHY': False, 'H-TOOL': False, 'H-ACT': False}",SUCCESS,1.031355619430542,1.0,True,"```json
{""event_class"":""E3"",""confidence"":1.0,""tool"":""contingency"",""reason"":""The injected event specifies a single transmission line outage of line_6_13, which corresponds directly to class E3.""}
```",E3,undervoltage,branch,high,power_flow;state_estimation;contingency;n1_security;grid_query_topology;grid_query_limits,E3,contingency,True,True,True,
IEEE14_SCN_002263,E7,E2_LLM_RAG,API,True,True,True,"{'H-NUM': False, 'H-TOP': False, 'H-EQP': False, 'H-PHY': False, 'H-TOOL': False, 'H-ACT': False}",SUCCESS,0.8820850849151611,0.98,True,"```json
{""event_class"":""E7"",""confidence"":0.98,""tool"":""power_flow"",""reason"":""Excitation setpoint increases across multiple generators directly cause system-wide voltage rise leading to overvoltage (V > 1.05 pu).""}
```",E7,overvoltage,none,high,power_flow;state_estimation;n1_security;grid_query_topology;grid_query_limits,E7,power_flow,True,True,True,
IEEE14_SCN_001379,E4,E2_LLM_RAG,API,True,True,True,"{'H-NUM': False, 'H-TOP': False, 'H-EQP': False, 'H-PHY': False, 'H-TOOL': False, 'H-ACT': False}",SUCCESS,0.939028263092041,1.0,True,"```json
{""event_class"":""E4"",""confidence"":1.0,""tool"":""contingency"",""reason"":""The injected mechanism is explicitly a single unit generator outage of gen_G6.""}
```",E4,none,generator,high,power_flow;contingency;n1_security;grid_query_topology,E4,contingency,True,True,True,
IEEE14_SCN_001155,E3,E2_LLM_RAG,API,True,True,True,"{'H-NUM': False, 'H-TOP': False, 'H-EQP': False, 'H-PHY': False, 'H-TOOL': False, 'H-ACT': False}",SUCCESS,1.1254010200500488,1.0,True,"```json
{""event_class"": ""E3"", ""confidence"": 1.0, ""tool"": ""contingency"", ""reason"": ""The injected mechanism explicitly specifies a single transmission line outage of line_2_5.""}
```",E3,none,branch,high,power_flow;contingency;n1_security;grid_query_topology,E3,contingency,True,True,True,
IEEE14_SCN_002994,E9,E2_LLM_RAG,API,True,True,True,"{'H-NUM': False, 'H-TOP': False, 'H-EQP': False, 'H-PHY': False, 'H-TOOL': False, 'H-ACT': False}",SUCCESS,1.142246961593628,1.0,True,"```json
{""event_class"": ""E9"", ""confidence"": 1.0, ""tool"": ""power_flow"", ""reason"": ""The injected mechanism explicitly combines a generator outage (gen_G6) and a large down-ramp of renewables (sgen_PV14, sgen_WIND6), constituting a compound event.""}
```",E9,none,branch+demand,high,power_flow;contingency;n1_security;grid_query_topology,E9,power_flow,True,True,True,
IEEE14_SCN_002292,E7,E2_LLM_RAG,API,True,True,True,"{'H-NUM': False, 'H-TOP': False, 'H-EQP': False, 'H-PHY': False, 'H-TOOL': False, 'H-ACT': False}",SUCCESS,1.133986473083496,0.99,True,"```json
{""event_class"": ""E7"", ""confidence"": 0.99, ""tool"": ""power_flow"", ""reason"": ""The excitation setpoints were raised at multiple generators, resulting in post-event voltages exceeding 1.05 p.u. (peak 1.12% violation with overvoltage flag true).""}
```",E7,overvoltage,none,high,power_flow;state_estimation;n1_security;grid_query_topology;grid_query_limits,E7,power_flow,True,True,True,
IEEE14_SCN_001918,E3,E2_LLM_RAG,API,True,True,True,"{'H-NUM': False, 'H-TOP': False, 'H-EQP': False, 'H-PHY': False, 'H-TOOL': False, 'H-ACT': False}",SUCCESS,1.3068828582763672,1.0,True,"```json
{""event_class"":""E3"",""confidence"":1.0,""tool"":""contingency"",""reason"":""The injected mechanism explicitly states a single line outage of line_6_13.""}
```",E3,undervoltage,branch,high,power_flow;state_estimation;contingency;n1_security;grid_query_topology;grid_query_limits,E3,contingency,True,True,True,
IEEE14_SCN_001027,E3,E2_LLM_RAG,API,True,True,True,"{'H-NUM': False, 'H-TOP': False, 'H-EQP': False, 'H-PHY': False, 'H-TOOL': False, 'H-ACT': False}",SUCCESS,1.181898832321167,1.0,True,"```json
{
  ""event_class"": ""E3"",
  ""confidence"": 1.0,
  ""tool"": ""contingency"",
  ""reason"": ""The injected mechanism explicitly specifies a single-branch transmission line outage of line_2_5, corresponding to class E3.""
}
```",E3,none,branch,high,power_flow;contingency;n1_security;grid_query_topology,E3,contingency,True,True,True,
IEEE14_SCN_002976,E9,E2_LLM_RAG,API,True,True,True,"{'H-NUM': False, 'H-TOP': False, 'H-EQP': False, 'H-PHY': False, 'H-TOOL': False, 'H-ACT': False}",SUCCESS,1.0609054565429688,1.0,True,"```json
{""event_class"":""E9"",""confidence"":1.0,""tool"":""power_flow"",""reason"":""The injected mechanism explicitly states a compound event combining a transmission line outage (line_10_11) and a 25 percent demand increase across multiple load buses.""}
```",E9,undervoltage,branch+demand,high,power_flow;state_estimation;contingency;n1_security;grid_query_topology;grid_query_limits,E9,power_flow,True,True,True,
IEEE14_SCN_000382,E1,E2_LLM_RAG,API,True,True,True,"{'H-NUM': False, 'H-TOP': False, 'H-EQP': False, 'H-PHY': False, 'H-TOOL': False, 'H-ACT': False}",SUCCESS,0.952517032623291,1.0,True,"```json
{
  ""event_class"": ""E1"",
  ""confidence"": 1.0,
  ""tool"": ""power_flow"",
  ""reason"": ""The injected mechanism specifies a 30% demand increase at load_bus_4, which corresponds to class E1 (Load Surge).""
}
```",E1,none,demand,high,n1_security;grid_query_topology,E1,power_flow,True,True,False,
IEEE14_SCN_002050,E3,E2_LLM_RAG,API,True,True,True,"{'H-NUM': False, 'H-TOP': False, 'H-EQP': False, 'H-PHY': False, 'H-TOOL': False, 'H-ACT': False}",SUCCESS,1.069762945175171,1.0,True,"```json
{""event_class"":""E3"",""confidence"":1.0,""tool"":""contingency"",""reason"":""The injected mechanism explicitly states a single line outage of line_6_13, which falls under transmission-line outage (E3).""}
```",E3,undervoltage,branch,high,power_flow;state_estimation;contingency;n1_security;grid_query_topology;grid_query_limits,E3,contingency,True,True,True,
IEEE14_SCN_001778,E5,E2_LLM_RAG,API,True,True,True,"{'H-NUM': False, 'H-TOP': False, 'H-EQP': False, 'H-PHY': False, 'H-TOOL': False, 'H-ACT': False}",SUCCESS,0.888685941696167,1.0,True,"```json
{""event_class"": ""E5"", ""confidence"": 1.0, ""tool"": ""power_flow"", ""reason"": ""The injected mechanism is a renewable down-ramp at sgen_PV14.""}
```",E5,none,renewable,high,n1_security;grid_query_topology,E5,power_flow,True,True,False,
IEEE14_SCN_001347,E4,E2_LLM_RAG,API,True,True,True,"{'H-NUM': False, 'H-TOP': False, 'H-EQP': False, 'H-PHY': False, 'H-TOOL': False, 'H-ACT': False}",SUCCESS,1.1443140506744385,1.0,True,"```json
{""event_class"":""E4"",""confidence"":1.0,""tool"":""contingency"",""reason"":""The injected mechanism explicitly states an outage of generator G8, corresponding to single generator outage E4.""}
```",E4,none,generator,high,power_flow;contingency;n1_security;grid_query_topology,E4,contingency,True,True,True,
IEEE14_SCN_002877,E9,E2_LLM_RAG,API,True,True,True,"{'H-NUM': False, 'H-TOP': False, 'H-EQP': False, 'H-PHY': False, 'H-TOOL': False, 'H-ACT': False}",SUCCESS,0.9576306343078612,1.0,True,"```json
{""event_class"": ""E9"", ""confidence"": 1.0, ""tool"": ""contingency"", ""reason"": ""The scenario description explicitly details a compound event involving both a transmission line outage and a 20% demand increase across multiple load components.""}
```",E9,none,branch+demand,high,power_flow;contingency;n1_security;grid_query_topology,E9,contingency,True,True,True,
IEEE14_SCN_001956,E3,E2_LLM_RAG,API,True,True,True,"{'H-NUM': False, 'H-TOP': False, 'H-EQP': False, 'H-PHY': False, 'H-TOOL': False, 'H-ACT': False}",SUCCESS,0.9639072418212892,1.0,True,"```json
{""event_class"": ""E3"", ""confidence"": 1.0, ""tool"": ""contingency"", ""reason"": ""The injected event is a single transmission line outage of line_6_13 (line_outage scope single_branch), which directly corresponds to class E3.""}
```",E3,undervoltage,branch,high,power_flow;state_estimation;contingency;n1_security;grid_query_topology;grid_query_limits,E3,contingency,True,True,True,
IEEE14_SCN_001046,E3,E2_LLM_RAG,API,True,True,True,"{'H-NUM': False, 'H-TOP': False, 'H-EQP': False, 'H-PHY': False, 'H-TOOL': False, 'H-ACT': False}",SUCCESS,1.1895532608032229,1.0,True,"```json
{
  ""event_class"": ""E3"",
  ""confidence"": 1.0,
  ""tool"": ""contingency"",
  ""reason"": ""The injected mechanism explicitly states a single line outage of line_6_13, which corresponds to class E3.""
}
```",E3,none,branch,high,power_flow;contingency;n1_security;grid_query_topology,E3,contingency,True,True,True,
IEEE14_SCN_000841,E2,E2_LLM_RAG,API,True,True,True,"{'H-NUM': False, 'H-TOP': False, 'H-EQP': False, 'H-PHY': False, 'H-TOOL': False, 'H-ACT': False}",SUCCESS,0.8926229476928711,0.99,True,"```json
{""event_class"": ""E2"", ""confidence"": 0.99, ""tool"": ""power_flow"", ""reason"": ""The injected event is a 10% demand decrease at load_bus_13, which corresponds to a load drop (E2).""}
```",E2,none,demand,high,n1_security;grid_query_topology,E2,power_flow,True,True,False,
IEEE14_SCN_002843,E9,E2_LLM_RAG,API,True,True,True,"{'H-NUM': False, 'H-TOP': False, 'H-EQP': False, 'H-PHY': False, 'H-TOOL': False, 'H-ACT': False}",SUCCESS,1.128750562667847,1.0,True,"```json
{""event_class"": ""E9"", ""confidence"": 1.0, ""tool"": ""contingency"", ""reason"": ""The injected description explicitly specifies a compound event involving the outage of gen_G6 and a large down-ramp of availability at sgen_PV14 and sgen_WIND6.""}
```",E9,none,branch+demand,high,power_flow;contingency;n1_security;grid_query_topology,E9,contingency,True,True,True,
IEEE14_SCN_000730,E2,E2_LLM_RAG,API,True,True,True,"{'H-NUM': False, 'H-TOP': False, 'H-EQP': False, 'H-PHY': False, 'H-TOOL': False, 'H-ACT': False}",SUCCESS,1.1226489543914795,0.5,True,"```json
{""event_class"":""E2"",""confidence"":1.0,""tool"":""power_flow"",""reason"":""Injected description explicitly states a 10% demand decrease at load_bus_10, corresponding to a negative load surge (Load Drop).""}}
```",E2,none,demand,high,n1_security;grid_query_topology,E2,power_flow,True,True,False,
IEEE14_SCN_001796,E5,E2_LLM_RAG,API,True,True,True,"{'H-NUM': False, 'H-TOP': False, 'H-EQP': False, 'H-PHY': False, 'H-TOOL': False, 'H-ACT': False}",SUCCESS,1.083251953125,1.0,True,"```json
{""event_class"":""E5"",""confidence"":1.0,""tool"":""power_flow"",""reason"":""Injected event is a large up-ramp of 60 availability points at renewable resource sgen_PV14.""}
```",E5,none,renewable,high,n1_security;grid_query_topology,E5,power_flow,True,True,False,
IEEE14_SCN_001122,E3,E2_LLM_RAG,API,True,True,True,"{'H-NUM': False, 'H-TOP': False, 'H-EQP': False, 'H-PHY': False, 'H-TOOL': False, 'H-ACT': False}",SUCCESS,1.1693010330200195,1.0,True,"```json
{""event_class"": ""E3"", ""confidence"": 1.0, ""tool"": ""contingency"", ""reason"": ""The injected mechanism explicitly specifies a single transmission line outage of line_9_10.""}
```",E3,none,branch,high,power_flow;contingency;n1_security;grid_query_topology,E3,contingency,True,True,True,
IEEE14_SCN_002683,E9,E2_LLM_RAG,API,True,True,True,"{'H-NUM': False, 'H-TOP': False, 'H-EQP': False, 'H-PHY': False, 'H-TOOL': False, 'H-ACT': False}",SUCCESS,1.1437609195709229,1.0,True,"```json
{""event_class"":""E9"",""confidence"":1.0,""tool"":""power_flow"",""reason"":""The scenario involves a transmission line outage (line 1-2) combined with a simultaneous 20% demand increase across multiple load buses, constituting a compound event (E3 + E1).""}
```",E9,undervoltage+overload,branch+demand,high,power_flow;state_estimation;contingency;n1_security;opf;grid_query_topology;grid_query_limits,E9,power_flow,True,False,True,
IEEE14_SCN_001608,E5,E2_LLM_RAG,API,True,True,True,"{'H-NUM': False, 'H-TOP': False, 'H-EQP': False, 'H-PHY': False, 'H-TOOL': False, 'H-ACT': False}",SUCCESS,1.054915428161621,1.0,True,"```json
{""event_class"":""E5"",""confidence"":1.0,""tool"":""power_flow"",""reason"":""Injected mechanism is a small down-ramp of 10 availability points at renewable generator sgen_PV14.""}
```",E5,none,renewable,high,n1_security;grid_query_topology,E5,power_flow,True,True,False,
IEEE14_SCN_002129,E7,E2_LLM_RAG,API,True,True,True,"{'H-NUM': False, 'H-TOP': False, 'H-EQP': False, 'H-PHY': False, 'H-TOOL': False, 'H-ACT': False}",SUCCESS,1.079336404800415,1.0,True,"```json
{""event_class"":""E7"",""confidence"":1.0,""tool"":""power_flow"",""reason"":""Excitation setpoint increases caused post-event voltage violations exceeding 1.05 p.u. (peak 1.0800 p.u.).""}
```",E7,overvoltage,none,high,power_flow;state_estimation;n1_security;grid_query_topology;grid_query_limits,E7,power_flow,True,True,True,
IEEE14_SCN_001253,E4,E2_LLM_RAG,API,True,True,True,"{'H-NUM': False, 'H-TOP': False, 'H-EQP': False, 'H-PHY': False, 'H-TOOL': False, 'H-ACT': False}",SUCCESS,0.9564752578735352,1.0,True,"```json
{""event_class"": ""E4"", ""confidence"": 1.0, ""tool"": ""contingency"", ""reason"": ""The injected mechanism is a single generator outage of gen_G8, which corresponds to class E4.""}
```",E4,none,generator,high,power_flow;contingency;n1_security;grid_query_topology,E4,contingency,True,True,True,
IEEE14_SCN_001736,E5,E2_LLM_RAG,API,True,True,True,"{'H-NUM': False, 'H-TOP': False, 'H-EQP': False, 'H-PHY': False, 'H-TOOL': False, 'H-ACT': False}",SUCCESS,1.1250202655792236,1.0,True,"```json
{""event_class"":""E5"",""confidence"":1.0,""tool"":""power_flow"",""reason"":""Injected event is a small down-ramp of 10 availability points at renewable generator sgen_WIND6.""}
```",E5,none,renewable,high,n1_security;grid_query_topology,E5,power_flow,True,True,False,
IEEE14_SCN_001334,E4,E2_LLM_RAG,API,True,True,True,"{'H-NUM': False, 'H-TOP': False, 'H-EQP': False, 'H-PHY': False, 'H-TOOL': False, 'H-ACT': False}",SUCCESS,0.858407735824585,1.0,True,"```json
{""event_class"":""E4"",""confidence"":1.0,""tool"":""contingency"",""reason"":""The injected mechanism is explicitly a single generator outage of gen_G3.""}
```",E4,none,generator,high,power_flow;contingency;n1_security;grid_query_topology,E4,contingency,True,True,True,
IEEE14_SCN_000688,E2,E2_LLM_RAG,API,True,True,True,"{'H-NUM': False, 'H-TOP': False, 'H-EQP': False, 'H-PHY': False, 'H-TOOL': False, 'H-ACT': False}",SUCCESS,1.0384106636047363,1.0,True,"```json
{""event_class"": ""E2"", ""confidence"": 1.0, ""tool"": ""power_flow"", ""reason"": ""The injected event is a 10% demand decrease (load drop) at load_bus_4.""}
```",E2,none,demand,high,n1_security;grid_query_topology,E2,power_flow,True,True,False,
IEEE14_SCN_002071,E3,E2_LLM_RAG,API,True,True,True,"{'H-NUM': False, 'H-TOP': False, 'H-EQP': False, 'H-PHY': False, 'H-TOOL': False, 'H-ACT': False}",SUCCESS,1.0364658832550049,1.0,True,"```json
{""event_class"":""E3"",""confidence"":1.0,""tool"":""contingency"",""reason"":""The injected mechanism explicitly states a single line outage of line_6_13.""}
```",E3,undervoltage,branch,high,power_flow;state_estimation;contingency;n1_security;grid_query_topology;grid_query_limits,E3,contingency,True,True,True,
IEEE14_SCN_001282,E4,E2_LLM_RAG,API,True,True,True,"{'H-NUM': False, 'H-TOP': False, 'H-EQP': False, 'H-PHY': False, 'H-TOOL': False, 'H-ACT': False}",SUCCESS,0.9443395137786864,1.0,True,"```json
{""event_class"":""E4"",""confidence"":1.0,""tool"":""contingency"",""reason"":""The injected mechanism explicitly specifies a single unit generator outage of gen_G2, corresponding to class E4.""}
```",E4,none,generator,high,power_flow;contingency;n1_security;grid_query_topology,E4,contingency,True,True,True,
IEEE14_SCN_001766,E5,E2_LLM_RAG,API,True,True,True,"{'H-NUM': False, 'H-TOP': False, 'H-EQP': False, 'H-PHY': False, 'H-TOOL': False, 'H-ACT': False}",SUCCESS,1.068209171295166,1.0,True,"```json
{""event_class"":""E5"",""confidence"":1.0,""tool"":""power_flow"",""reason"":""Injected event description specifies a large down-ramp of 60 availability points at renewable resource sgen_WIND6.""}
```",E5,none,renewable,high,n1_security;grid_query_topology,E5,power_flow,True,True,False,
IEEE14_SCN_001668,E5,E2_LLM_RAG,API,True,True,True,"{'H-NUM': False, 'H-TOP': False, 'H-EQP': False, 'H-PHY': False, 'H-TOOL': False, 'H-ACT': False}",SUCCESS,1.0234394073486328,1.0,True,"```json
{
  ""event_class"": ""E5"",
  ""confidence"": 1.0,
  ""tool"": ""power_flow"",
  ""reason"": ""The injected mechanism explicitly specifies a renewable down-ramp of availability points at photovoltaic and wind generators.""
}
```",E5,none,renewable,high,n1_security;grid_query_topology,E5,power_flow,True,True,False,
IEEE14_SCN_000556,E1,E2_LLM_RAG,API,True,True,True,"{'H-NUM': False, 'H-TOP': False, 'H-EQP': False, 'H-PHY': False, 'H-TOOL': False, 'H-ACT': False}",SUCCESS,1.0839266777038574,1.0,True,"```json
{""event_class"": ""E1"", ""confidence"": 1.0, ""tool"": ""power_flow"", ""reason"": ""A 10% demand increase at load_bus_13 corresponds to a positive load surge classified as E1.""}
```",E1,none,demand,high,n1_security;grid_query_topology,E1,power_flow,True,True,False,
IEEE14_SCN_001060,E3,E2_LLM_RAG,API,True,True,True,"{'H-NUM': False, 'H-TOP': False, 'H-EQP': False, 'H-PHY': False, 'H-TOOL': False, 'H-ACT': False}",SUCCESS,1.1219513416290283,1.0,True,"```json
{""event_class"": ""E3"", ""confidence"": 1.0, ""tool"": ""contingency"", ""reason"": ""The injected mechanism explicitly specifies a single transmission line outage of line_6_13, which classifies as E3.""}
```",E3,none,branch,high,power_flow;contingency;n1_security;grid_query_topology,E3,contingency,True,True,True,
IEEE14_SCN_002986,E9,E2_LLM_RAG,API,True,True,True,"{'H-NUM': False, 'H-TOP': False, 'H-EQP': False, 'H-PHY': False, 'H-TOOL': False, 'H-ACT': False}",SUCCESS,1.091083288192749,1.0,True,"```json
{""event_class"":""E9"",""confidence"":1.0,""tool"":""power_flow"",""reason"":""The injected description explicitly combines a transmission line outage (line_2_5) with a 20% demand increase across multiple load buses, qualifying it as a compound event (E9).""}
```",E9,none,branch+demand,high,power_flow;contingency;n1_security;grid_query_topology,E9,power_flow,True,True,True,
IEEE14_SCN_000521,E1,E2_LLM_RAG,API,True,True,True,"{'H-NUM': False, 'H-TOP': False, 'H-EQP': False, 'H-PHY': False, 'H-TOOL': False, 'H-ACT': False}",SUCCESS,1.0810949802398682,1.0,True,"```json
{""event_class"": ""E1"", ""confidence"": 1.0, ""tool"": ""power_flow"", ""reason"": ""A 20 percent demand increase was injected at load buses 9, 10, and 14, corresponding to a positive load surge.""}
```",E1,none,demand,high,n1_security;grid_query_topology,E1,power_flow,True,True,False,
IEEE14_SCN_000636,E2,E2_LLM_RAG,API,True,True,True,"{'H-NUM': False, 'H-TOP': False, 'H-EQP': False, 'H-PHY': False, 'H-TOOL': False, 'H-ACT': False}",SUCCESS,1.0429794788360596,1.0,True,"```json
{""event_class"": ""E2"", ""confidence"": 1.0, ""tool"": ""power_flow"", ""reason"": ""The scenario describes a 10% demand decrease at load_bus_4, which corresponds to a load drop classified as E2.""}
```",E2,none,demand,high,n1_security;grid_query_topology,E2,power_flow,True,True,False,
IEEE14_SCN_000073,E0,E2_LLM_RAG,API,True,True,True,"{'H-NUM': False, 'H-TOP': False, 'H-EQP': False, 'H-PHY': False, 'H-TOOL': False, 'H-ACT': False}",SUCCESS,0.9255874156951904,1.0,True,"```json
{""event_class"": ""E0"", ""confidence"": 1.0, ""tool"": ""power_flow"", ""reason"": ""The injected description explicitly states no disturbance was injected and there are no limit violations.""}
```",E0,none,none,high,n1_security;grid_query_topology,E0,power_flow,True,True,False,
IEEE14_SCN_002471,E9,E2_LLM_RAG,API,True,True,True,"{'H-NUM': False, 'H-TOP': False, 'H-EQP': False, 'H-PHY': False, 'H-TOOL': False, 'H-ACT': False}",SUCCESS,1.221421241760254,0.99,True,"```json
{
  ""event_class"": ""E9"",
  ""confidence"": 0.99,
  ""tool"": ""contingency"",
  ""reason"": ""The injected mechanism explicitly combines a transmission line outage (line_1_5) and a 20% demand increase across multiple load buses, constituting a compound event.""
}
```",E9,overload,branch+demand,high,power_flow;state_estimation;contingency;n1_security;opf;grid_query_topology;grid_query_limits,E9,contingency,True,True,True,
IEEE14_SCN_001595,E5,E2_LLM_RAG,API,True,True,True,"{'H-NUM': False, 'H-TOP': False, 'H-EQP': False, 'H-PHY': False, 'H-TOOL': False, 'H-ACT': False}",SUCCESS,1.001934289932251,1.0,True,"```json
{""event_class"": ""E5"", ""confidence"": 1.0, ""tool"": ""power_flow"", ""reason"": ""The injected event is a renewable ramp at sgen_WIND6, corresponding directly to class E5.""}
```",E5,none,renewable,high,n1_security;grid_query_topology,E5,power_flow,True,True,False,
IEEE14_SCN_001803,E3,E2_LLM_RAG,API,True,True,True,"{'H-NUM': False, 'H-TOP': False, 'H-EQP': False, 'H-PHY': False, 'H-TOOL': False, 'H-ACT': False}",SUCCESS,1.1605017185211182,1.0,True,"```json
{
  ""event_class"": ""E3"",
  ""confidence"": 1.0,
  ""tool"": ""contingency"",
  ""reason"": ""The injected mechanism explicitly specifies a single line outage of line_6_13.""
}
```",E3,undervoltage,branch,high,power_flow;state_estimation;contingency;n1_security;grid_query_topology;grid_query_limits,E3,contingency,True,True,True,
IEEE14_SCN_000370,E1,E2_LLM_RAG,API,True,True,True,"{'H-NUM': False, 'H-TOP': False, 'H-EQP': False, 'H-PHY': False, 'H-TOOL': False, 'H-ACT': False}",SUCCESS,1.120527744293213,0.99,True,"```json
{
  ""event_class"": ""E1"",
  ""confidence"": 0.99,
  ""tool"": ""power_flow"",
  ""reason"": ""The scenario injects a 10% demand increase at load_bus_14, corresponding to a positive load surge classified as E1.""
}
```",E1,none,demand,high,n1_security;grid_query_topology,E1,power_flow,True,True,False,
IEEE14_SCN_000326,E1,E2_LLM_RAG,API,True,True,True,"{'H-NUM': False, 'H-TOP': False, 'H-EQP': False, 'H-PHY': False, 'H-TOOL': False, 'H-ACT': False}",SUCCESS,1.007385015487671,1.0,True,"```json
{""event_class"": ""E1"", ""confidence"": 1.0, ""tool"": ""power_flow"", ""reason"": ""System experiences a 20% demand increase across 11 load buses, which directly corresponds to a load surge (E1).""}
```",E1,none,demand,high,n1_security;grid_query_topology,E1,power_flow,True,True,False,
IEEE14_SCN_000512,E1,E2_LLM_RAG,API,True,True,True,"{'H-NUM': False, 'H-TOP': False, 'H-EQP': False, 'H-PHY': False, 'H-TOOL': False, 'H-ACT': False}",SUCCESS,1.139827013015747,1.0,True,"```json
{""event_class"":""E1"",""confidence"":1.0,""tool"":""power_flow"",""reason"":""Injected mechanism specifies a 10% demand increase at load_bus_5, which corresponds to a positive load surge.""}
```",E1,none,demand,high,n1_security;grid_query_topology,E1,power_flow,True,True,False,
IEEE14_SCN_001954,E4,E2_LLM_RAG,API,True,True,True,"{'H-NUM': False, 'H-TOP': False, 'H-EQP': False, 'H-PHY': False, 'H-TOOL': False, 'H-ACT': False}",SUCCESS,0.964902400970459,1.0,True,"```json
{""event_class"": ""E4"", ""confidence"": 1.0, ""tool"": ""contingency"", ""reason"": ""The injected mechanism explicitly specifies a single unit generator outage of gen_G6, which maps directly to class E4.""}
```",E4,undervoltage,generator,high,power_flow;state_estimation;contingency;n1_security;grid_query_topology;grid_query_limits,E4,contingency,True,True,True,
IEEE14_SCN_001828,E3,E2_LLM_RAG,API,True,True,True,"{'H-NUM': False, 'H-TOP': False, 'H-EQP': False, 'H-PHY': False, 'H-TOOL': False, 'H-ACT': False}",SUCCESS,1.5591402053833008,1.0,True,"```json
{
  ""event_class"": ""E3"",
  ""confidence"": 1.0,
  ""tool"": ""contingency"",
  ""reason"": ""The injected mechanism explicitly states a single branch outage of line_6_13, which corresponds to class E3 (Transmission-Line Outage).""
}
```",E3,undervoltage,branch,high,power_flow;state_estimation;contingency;n1_security;grid_query_topology;grid_query_limits,E3,contingency,True,True,True,
IEEE14_SCN_002781,E9,E2_LLM_RAG,API,True,True,True,"{'H-NUM': False, 'H-TOP': False, 'H-EQP': False, 'H-PHY': False, 'H-TOOL': False, 'H-ACT': False}",SUCCESS,0.9494056701660156,1.0,True,"```json
{
  ""event_class"": ""E9"",
  ""confidence"": 1.0,
  ""tool"": ""power_flow"",
  ""reason"": ""The event description explicitly states a compound mechanism consisting of the outage of gen_G2 combined with a large down-ramp at PV and wind generators.""
}
```",E9,none,branch+demand,high,power_flow;contingency;n1_security;grid_query_topology,E9,power_flow,True,True,True,
IEEE14_SCN_000870,E2,E2_LLM_RAG,API,True,True,True,"{'H-NUM': False, 'H-TOP': False, 'H-EQP': False, 'H-PHY': False, 'H-TOOL': False, 'H-ACT': False}",SUCCESS,1.118511438369751,1.0,True,"```json
{""event_class"":""E2"",""confidence"":1.0,""tool"":""power_flow"",""reason"":""Injected description explicitly states a 20% demand decrease at load_bus_6, corresponding to a negative load surge (Load Drop).""}
```",E2,none,demand,high,n1_security;grid_query_topology,E2,power_flow,True,True,False,
IEEE14_SCN_001725,E5,E2_LLM_RAG,API,True,True,True,"{'H-NUM': False, 'H-TOP': False, 'H-EQP': False, 'H-PHY': False, 'H-TOOL': False, 'H-ACT': False}",SUCCESS,1.3626532554626465,1.0,True,"```json
{""event_class"": ""E5"", ""confidence"": 1.0, ""tool"": ""power_flow"", ""reason"": ""The scenario directly injects a renewable ramp of 10 availability points at sgen_PV14.""}
```",E5,none,renewable,high,n1_security;grid_query_topology,E5,power_flow,True,True,False,
IEEE14_SCN_000928,E3,E2_LLM_RAG,API,True,True,True,"{'H-NUM': False, 'H-TOP': False, 'H-EQP': False, 'H-PHY': False, 'H-TOOL': False, 'H-ACT': False}",SUCCESS,1.1200966835021973,1.0,True,"```json
{""event_class"": ""E3"", ""confidence"": 1.0, ""tool"": ""contingency"", ""reason"": ""The injected mechanism is a single transmission line outage of line_6_12, which classifies as an E3 event.""}
```",E3,none,branch,high,power_flow;contingency;n1_security;grid_query_topology,E3,contingency,True,True,True,
IEEE14_SCN_002027,E3,E2_LLM_RAG,API,True,True,True,"{'H-NUM': False, 'H-TOP': False, 'H-EQP': False, 'H-PHY': False, 'H-TOOL': False, 'H-ACT': False}",SUCCESS,1.1905195713043213,1.0,True,"```json
{
  ""event_class"": ""E3"",
  ""confidence"": 1.0,
  ""tool"": ""contingency"",
  ""reason"": ""The injected mechanism explicitly specifies a single line outage of line_6_13.""
}
```",E3,undervoltage,branch,high,power_flow;state_estimation;contingency;n1_security;grid_query_topology;grid_query_limits,E3,contingency,True,True,True,
IEEE14_SCN_001638,E5,E2_LLM_RAG,API,True,True,True,"{'H-NUM': False, 'H-TOP': False, 'H-EQP': False, 'H-PHY': False, 'H-TOOL': False, 'H-ACT': False}",SUCCESS,0.9435276985168456,0.95,True,"```json
{""event_class"": ""E5"", ""confidence"": 0.95, ""tool"": ""power_flow"", ""reason"": ""The injected mechanism explicitly specifies a medium down-ramp of availability at solar generator sgen_PV14, which falls under renewable ramp.""}
```",E5,none,renewable,high,n1_security;grid_query_topology,E5,power_flow,True,True,False,
IEEE14_SCN_000679,E2,E2_LLM_RAG,API,True,True,True,"{'H-NUM': False, 'H-TOP': False, 'H-EQP': False, 'H-PHY': False, 'H-TOOL': False, 'H-ACT': False}",SUCCESS,1.2246944904327393,1.0,True,"```json
{
  ""event_class"": ""E2"",
  ""confidence"": 1.0,
  ""tool"": ""power_flow"",
  ""reason"": ""The scenario specifies a 30% demand decrease at load_bus_5, corresponding to a negative load change (Load Drop).""
}
```",E2,none,demand,high,n1_security;grid_query_topology,E2,power_flow,True,True,False,
IEEE14_SCN_002895,E9,E2_LLM_RAG,API,True,True,True,"{'H-NUM': False, 'H-TOP': False, 'H-EQP': False, 'H-PHY': False, 'H-TOOL': False, 'H-ACT': False}",SUCCESS,1.0994489192962646,1.0,True,"```json
{""event_class"": ""E9"", ""confidence"": 1.0, ""tool"": ""power_flow"", ""reason"": ""The scenario description explicitly states a compound event combining the outage of line 3-4 and a 25% demand increase across 11 components.""}
```",E9,none,branch+demand,high,power_flow;contingency;n1_security;grid_query_topology,E9,power_flow,True,True,True,
IEEE14_SCN_000738,E2,E2_LLM_RAG,API,True,True,True,"{'H-NUM': False, 'H-TOP': False, 'H-EQP': False, 'H-PHY': False, 'H-TOOL': False, 'H-ACT': False}",SUCCESS,1.1081106662750244,0.99,True,"```json
{""event_class"": ""E2"", ""confidence"": 0.99, ""tool"": ""power_flow"", ""reason"": ""The injected event is a 30% demand decrease at load_bus_14, which corresponds to a negative load change classified as E2 Load Drop.""}
```",E2,none,demand,high,n1_security;grid_query_topology,E2,power_flow,True,True,False,
IEEE14_SCN_001211,E4,E2_LLM_RAG,API,True,True,True,"{'H-NUM': False, 'H-TOP': False, 'H-EQP': False, 'H-PHY': False, 'H-TOOL': False, 'H-ACT': False}",SUCCESS,1.072507381439209,1.0,True,"```json
{""event_class"":""E4"",""confidence"":1.0,""tool"":""contingency"",""reason"":""The injected mechanism explicitly specifies a single generator outage of gen_G8.""}
```",E4,none,generator,high,power_flow;contingency;n1_security;grid_query_topology,E4,contingency,True,True,True,
IEEE14_SCN_001744,E5,E2_LLM_RAG,API,True,True,True,"{'H-NUM': False, 'H-TOP': False, 'H-EQP': False, 'H-PHY': False, 'H-TOOL': False, 'H-ACT': False}",SUCCESS,0.890798807144165,1.0,True,"```json
{""event_class"":""E5"",""confidence"":1.0,""tool"":""power_flow"",""reason"":""Injected mechanism describes a medium up-ramp of 30 availability points at renewable resource sgen_PV14.""}
```",E5,none,renewable,high,n1_security;grid_query_topology,E5,power_flow,True,True,False,
IEEE14_SCN_000352,E1,E2_LLM_RAG,API,True,True,True,"{'H-NUM': False, 'H-TOP': False, 'H-EQP': False, 'H-PHY': False, 'H-TOOL': False, 'H-ACT': False}",SUCCESS,0.9070966243743896,1.0,True,"```json
{""event_class"":""E1"",""confidence"":1.0,""tool"":""power_flow"",""reason"":""Injected mechanism describes a 30% demand increase at load_bus_5, corresponding to a positive load surge.""}
```",E1,none,demand,high,n1_security;grid_query_topology,E1,power_flow,True,True,False,
IEEE14_SCN_000392,E1,E2_LLM_RAG,API,True,True,True,"{'H-NUM': False, 'H-TOP': False, 'H-EQP': False, 'H-PHY': False, 'H-TOOL': False, 'H-ACT': False}",SUCCESS,1.0832743644714355,0.99,True,"```json
{""event_class"": ""E1"", ""confidence"": 0.99, ""tool"": ""power_flow"", ""reason"": ""The scenario describes a 20% demand increase (positive load change) at load_bus_11, which classifies as a load surge (E1).""}
```",E1,none,demand,high,n1_security;grid_query_topology,E1,power_flow,True,True,False,
IEEE14_SCN_002536,E9,E2_LLM_RAG,API,True,True,True,"{'H-NUM': False, 'H-TOP': False, 'H-EQP': False, 'H-PHY': False, 'H-TOOL': False, 'H-ACT': False}",SUCCESS,1.290457248687744,1.0,True,"```json
{""event_class"": ""E9"", ""confidence"": 1.0, ""tool"": ""power_flow"", ""reason"": ""The injected description and mechanism explicitly combine a transmission line outage (line_1_2) with a simultaneous demand increase across multiple load buses, classifying this as a compound event (E9).""}
```",E9,undervoltage+overload,branch+demand,high,power_flow;state_estimation;contingency;n1_security;opf;grid_query_topology;grid_query_limits,E9,power_flow,True,False,True,
IEEE14_SCN_001757,E5,E2_LLM_RAG,API,True,True,True,"{'H-NUM': False, 'H-TOP': False, 'H-EQP': False, 'H-PHY': False, 'H-TOOL': False, 'H-ACT': False}",SUCCESS,1.2154157161712646,0.99,True,"```json
{""event_class"": ""E5"", ""confidence"": 0.99, ""tool"": ""power_flow"", ""reason"": ""The injected event is a large down-ramp of availability points at photovoltaic and wind generators (sgen_PV14, sgen_WIND6), which directly matches the E5 Renewable Ramp classification.""}
```",E5,none,renewable,high,n1_security;grid_query_topology,E5,power_flow,True,True,False,
IEEE14_SCN_001535,E5,E2_LLM_RAG,API,True,True,True,"{'H-NUM': False, 'H-TOP': False, 'H-EQP': False, 'H-PHY': False, 'H-TOOL': False, 'H-ACT': False}",SUCCESS,0.9384028911590576,1.0,True,"```json
{""event_class"":""E5"",""confidence"":1.0,""tool"":""power_flow"",""reason"":""Injected mechanism describes a medium up-ramp of 30 availability points at renewable resource sgen_PV14.""}
```",E5,none,renewable,high,n1_security;grid_query_topology,E5,power_flow,True,True,False,
IEEE14_SCN_002826,E9,E2_LLM_RAG,API,True,True,True,"{'H-NUM': False, 'H-TOP': False, 'H-EQP': False, 'H-PHY': False, 'H-TOOL': False, 'H-ACT': False}",SUCCESS,0.947474241256714,1.0,True,"```json
{""event_class"":""E9"",""confidence"":1.0,""tool"":""power_flow"",""reason"":""The scenario description explicitly defines a compound event consisting of a transmission line outage combined with a 20% demand increase across multiple load buses.""}
```",E9,undervoltage,branch+demand,high,power_flow;state_estimation;contingency;n1_security;grid_query_topology;grid_query_limits,E9,power_flow,True,True,True,
IEEE14_SCN_001769,E5,E2_LLM_RAG,API,True,True,True,"{'H-NUM': False, 'H-TOP': False, 'H-EQP': False, 'H-PHY': False, 'H-TOOL': False, 'H-ACT': False}",SUCCESS,1.103163719177246,1.0,True,"```json
{
  ""event_class"": ""E5"",
  ""confidence"": 1.0,
  ""tool"": ""power_flow"",
  ""reason"": ""The injected mechanism is a large down-ramp of availability at solar resource sgen_PV14, which directly corresponds to a renewable ramp event.""
}
```",E5,none,renewable,high,n1_security;grid_query_topology,E5,power_flow,True,True,False,
IEEE14_SCN_002430,E9,E2_LLM_RAG,API,True,True,True,"{'H-NUM': False, 'H-TOP': False, 'H-EQP': False, 'H-PHY': False, 'H-TOOL': False, 'H-ACT': False}",SUCCESS,1.2310278415679932,1.0,True,"```json
{""event_class"":""E9"",""confidence"":1.0,""tool"":""power_flow"",""reason"":""The injected mechanism explicitly combines a transmission line outage (line_1_5) with a simultaneous demand increase across multiple load buses, classifying it as a compound event (E9).""}
```",E9,overload,branch+demand,high,power_flow;state_estimation;contingency;n1_security;opf;grid_query_topology;grid_query_limits,E9,power_flow,True,True,True,
IEEE14_SCN_002500,E9,E2_LLM_RAG,API,True,True,True,"{'H-NUM': False, 'H-TOP': False, 'H-EQP': False, 'H-PHY': False, 'H-TOOL': False, 'H-ACT': False}",SUCCESS,1.1116633415222168,1.0,True,"```json
{""event_class"": ""E9"", ""confidence"": 1.0, ""tool"": ""contingency"", ""reason"": ""The scenario description explicitly details a compound event involving both a transmission line outage (line_1_2) and a simultaneous load surge (+20% demand increase) across multiple components.""}
```",E9,undervoltage+overload,branch+demand,high,power_flow;state_estimation;contingency;n1_security;opf;grid_query_topology;grid_query_limits,E9,contingency,True,False,True,
IEEE14_SCN_001355,E4,E2_LLM_RAG,API,True,True,True,"{'H-NUM': False, 'H-TOP': False, 'H-EQP': False, 'H-PHY': False, 'H-TOOL': False, 'H-ACT': False}",SUCCESS,0.941002368927002,1.0,True,"```json
{""event_class"":""E4"",""confidence"":1.0,""tool"":""contingency"",""reason"":""The injected mechanism explicitly states the outage of a single generator (gen_G6), which classifies as a generator outage (E4).""}
```",E4,none,generator,high,power_flow;contingency;n1_security;grid_query_topology,E4,contingency,True,True,True,
IEEE14_SCN_002926,E9,E2_LLM_RAG,API,True,True,True,"{'H-NUM': False, 'H-TOP': False, 'H-EQP': False, 'H-PHY': False, 'H-TOOL': False, 'H-ACT': False}",SUCCESS,0.9811978340148926,1.0,True,"```json
{""event_class"": ""E9"", ""confidence"": 1.0, ""tool"": ""contingency"", ""reason"": ""The scenario description explicitly states a compound event combining a transmission line outage (line_3_4) and a 20% demand increase across multiple load buses.""}
```",E9,none,branch+demand,high,power_flow;contingency;n1_security;grid_query_topology,E9,contingency,True,True,True,
IEEE14_SCN_001686,E5,E2_LLM_RAG,API,True,True,True,"{'H-NUM': False, 'H-TOP': False, 'H-EQP': False, 'H-PHY': False, 'H-TOOL': False, 'H-ACT': False}",SUCCESS,1.1248188018798828,1.0,True,"```json
{""event_class"": ""E5"", ""confidence"": 1.0, ""tool"": ""power_flow"", ""reason"": ""The injected event is a renewable ramp of 10 availability points at the solar generator sgen_PV14, which corresponds directly to class E5.""}
```",E5,none,renewable,high,n1_security;grid_query_topology,E5,power_flow,True,True,False,
IEEE14_SCN_002226,E7,E2_LLM_RAG,API,True,True,True,"{'H-NUM': False, 'H-TOP': False, 'H-EQP': False, 'H-PHY': False, 'H-TOOL': False, 'H-ACT': False}",SUCCESS,1.076207399368286,0.98,True,"```json
{""event_class"":""E7"",""confidence"":0.98,""tool"":""power_flow"",""reason"":""Excitation setpoints raised across multiple generators resulting in bus overvoltage exceeding 1.05 p.u.""}
```",E7,overvoltage,none,high,power_flow;state_estimation;n1_security;grid_query_topology;grid_query_limits,E7,power_flow,True,True,True,
IEEE14_SCN_002332,E7,E2_LLM_RAG,API,True,True,True,"{'H-NUM': False, 'H-TOP': False, 'H-EQP': False, 'H-PHY': False, 'H-TOOL': False, 'H-ACT': False}",SUCCESS,1.0483722686767578,1.0,True,"```json
{""event_class"":""E7"",""confidence"":1.0,""tool"":""power_flow"",""reason"":""Excitation setpoints raised across multiple generators resulting in bus overvoltage exceeding 1.05 p.u.""}
```",E7,overvoltage,none,high,power_flow;state_estimation;n1_security;grid_query_topology;grid_query_limits,E7,power_flow,True,True,True,
IEEE14_SCN_000529,E1,E2_LLM_RAG,API,True,True,True,"{'H-NUM': False, 'H-TOP': False, 'H-EQP': False, 'H-PHY': False, 'H-TOOL': False, 'H-ACT': False}",SUCCESS,1.056481122970581,1.0,True,"```json
{""event_class"": ""E1"", ""confidence"": 1.0, ""tool"": ""power_flow"", ""reason"": ""A 20% demand increase at load_bus_13 corresponds to a positive load surge classified as E1.""}
```",E1,none,demand,high,n1_security;grid_query_topology,E1,power_flow,True,True,False,
IEEE14_SCN_002533,E9,E2_LLM_RAG,API,True,True,True,"{'H-NUM': False, 'H-TOP': False, 'H-EQP': False, 'H-PHY': False, 'H-TOOL': False, 'H-ACT': False}",SUCCESS,0.9961786270141602,1.0,True,"```json
{""event_class"":""E9"",""confidence"":1.0,""tool"":""power_flow"",""reason"":""The scenario description explicitly defines a compound event consisting of a transmission line outage (line_1_2) and a 20% demand increase across multiple load buses.""}
```",E9,undervoltage+overload,branch+demand,high,power_flow;state_estimation;contingency;n1_security;opf;grid_query_topology;grid_query_limits,E9,power_flow,True,False,True,
IEEE14_SCN_000405,E1,E2_LLM_RAG,API,True,True,True,"{'H-NUM': False, 'H-TOP': False, 'H-EQP': False, 'H-PHY': False, 'H-TOOL': False, 'H-ACT': False}",SUCCESS,1.215904951095581,1.0,True,"```json
{""event_class"": ""E1"", ""confidence"": 1.0, ""tool"": ""power_flow"", ""reason"": ""A 40% demand increase was injected across four load buses (bus 6, 11, 12, and 13), corresponding to a positive load surge.""}
```",E1,none,demand,high,n1_security;grid_query_topology,E1,power_flow,True,True,False,
IEEE14_SCN_000967,E3,E2_LLM_RAG,API,True,True,True,"{'H-NUM': False, 'H-TOP': False, 'H-EQP': False, 'H-PHY': False, 'H-TOOL': False, 'H-ACT': False}",SUCCESS,1.0208854675292969,1.0,True,"```json
{""event_class"":""E3"",""confidence"":1.0,""tool"":""contingency"",""reason"":""The injected mechanism is explicitly a single transmission line outage (line_13_14), which falls under class E3.""}
```",E3,none,branch,high,power_flow;contingency;n1_security;grid_query_topology,E3,contingency,True,True,True,
IEEE14_SCN_002153,E7,E2_LLM_RAG,API,True,True,True,"{'H-NUM': False, 'H-TOP': False, 'H-EQP': False, 'H-PHY': False, 'H-TOOL': False, 'H-ACT': False}",SUCCESS,1.1089959144592283,1.0,True,"```json
{""event_class"":""E7"",""confidence"":1.0,""tool"":""power_flow"",""reason"":""Excitation setpoints raised across multiple generators result in post-event bus voltages exceeding 1.05 p.u.""}
```",E7,overvoltage,none,high,power_flow;state_estimation;n1_security;grid_query_topology;grid_query_limits,E7,power_flow,True,True,True,
IEEE14_SCN_000199,E0,E2_LLM_RAG,API,True,True,True,"{'H-NUM': False, 'H-TOP': False, 'H-EQP': False, 'H-PHY': False, 'H-TOOL': False, 'H-ACT': False}",SUCCESS,0.9076721668243408,1.0,True,"```json
{""event_class"": ""E0"", ""confidence"": 1.0, ""tool"": ""power_flow"", ""reason"": ""The injected description explicitly states no disturbance injected, and there are no limit violations in the post-event state.""}
```",E0,none,none,high,n1_security;grid_query_topology,E0,power_flow,True,True,False,
IEEE14_SCN_001428,E4,E2_LLM_RAG,API,True,True,True,"{'H-NUM': False, 'H-TOP': False, 'H-EQP': False, 'H-PHY': False, 'H-TOOL': False, 'H-ACT': False}",SUCCESS,1.466886043548584,1.0,True,"```json
{""event_class"":""E4"",""confidence"":1.0,""tool"":""contingency"",""reason"":""The injected mechanism explicitly specifies a single generator outage of gen_G2, which corresponds to class E4.""}
```",E4,none,generator,high,power_flow;contingency;n1_security;grid_query_topology,E4,contingency,True,True,True,
IEEE14_SCN_000337,E1,E2_LLM_RAG,API,True,True,True,"{'H-NUM': False, 'H-TOP': False, 'H-EQP': False, 'H-PHY': False, 'H-TOOL': False, 'H-ACT': False}",SUCCESS,1.0433735847473145,1.0,True,"```json
{""event_class"": ""E1"", ""confidence"": 1.0, ""tool"": ""power_flow"", ""reason"": ""The injected mechanism explicitly describes a 40% demand increase at four load buses, corresponding to a positive load surge.""}
```",E1,none,demand,high,n1_security;grid_query_topology,E1,power_flow,True,True,False,
IEEE14_SCN_002846,E9,E2_LLM_RAG,API,True,True,True,"{'H-NUM': False, 'H-TOP': False, 'H-EQP': False, 'H-PHY': False, 'H-TOOL': False, 'H-ACT': False}",SUCCESS,1.0528147220611572,0.99,True,"```json
{
  ""event_class"": ""E9"",
  ""confidence"": 0.99,
  ""tool"": ""contingency"",
  ""reason"": ""The injected description explicitly specifies a compound event consisting of the outage of line 3-4 combined with a 15% demand increase across multiple load buses.""
}
```",E9,none,branch+demand,high,power_flow;contingency;n1_security;grid_query_topology,E9,contingency,True,True,True,
IEEE14_SCN_001338,E4,E2_LLM_RAG,API,True,True,True,"{'H-NUM': False, 'H-TOP': False, 'H-EQP': False, 'H-PHY': False, 'H-TOOL': False, 'H-ACT': False}",SUCCESS,1.2101597785949707,1.0,True,"```json
{""event_class"":""E4"",""confidence"":1.0,""tool"":""contingency"",""reason"":""The injected mechanism explicitly specifies an outage of single generator gen_G2, which corresponds to class E4.""}
```",E4,none,generator,high,power_flow;contingency;n1_security;grid_query_topology,E4,contingency,True,True,True,
IEEE14_SCN_002166,E7,E2_LLM_RAG,API,True,True,True,"{'H-NUM': False, 'H-TOP': False, 'H-EQP': False, 'H-PHY': False, 'H-TOOL': False, 'H-ACT': False}",SUCCESS,1.1567792892456057,0.95,True,"```json
{
  ""event_class"": ""E7"",
  ""confidence"": 0.95,
  ""tool"": ""power_flow"",
  ""reason"": ""Excitation setpoints were raised across multiple generators, directly driving post-event bus voltage above 1.05 p.u. (peak 1.0800 p.u., overvoltage violation True).""
}
```",E7,overvoltage,none,high,power_flow;state_estimation;n1_security;grid_query_topology;grid_query_limits,E7,power_flow,True,True,True,
IEEE14_SCN_002390,E7,E2_LLM_RAG,API,True,True,True,"{'H-NUM': False, 'H-TOP': False, 'H-EQP': False, 'H-PHY': False, 'H-TOOL': False, 'H-ACT': False}",SUCCESS,1.141098976135254,0.95,True,"```json
{
  ""event_class"": ""E7"",
  ""confidence"": 0.95,
  ""tool"": ""power_flow"",
  ""reason"": ""The injected mechanism raised excitation setpoints by 0.020 p.u. across multiple generators, resulting in an overvoltage condition with peak voltage exceeding 1.05 pu (up to 1.0800 pu).""
}
```",E7,overvoltage,none,high,power_flow;state_estimation;n1_security;grid_query_topology;grid_query_limits,E7,power_flow,True,True,True,
IEEE14_SCN_000539,E1,E2_LLM_RAG,API,True,True,True,"{'H-NUM': False, 'H-TOP': False, 'H-EQP': False, 'H-PHY': False, 'H-TOOL': False, 'H-ACT': False}",SUCCESS,0.9334068298339844,1.0,True,"```json
{""event_class"": ""E1"", ""confidence"": 1.0, ""tool"": ""power_flow"", ""reason"": ""The injected event is a 10% demand increase at load_bus_13, which corresponds to a positive load surge (E1).""}
```",E1,none,demand,high,n1_security;grid_query_topology,E1,power_flow,True,True,False,
IEEE14_SCN_001001,E3,E2_LLM_RAG,API,True,True,True,"{'H-NUM': False, 'H-TOP': False, 'H-EQP': False, 'H-PHY': False, 'H-TOOL': False, 'H-ACT': False}",SUCCESS,0.9301960468292236,1.0,True,"```json
{""event_class"": ""E3"", ""confidence"": 1.0, ""tool"": ""contingency"", ""reason"": ""The injected mechanism explicitly specifies a single transmission line outage of line_1_2.""}
```",E3,none,branch,high,power_flow;contingency;n1_security;grid_query_topology,E3,contingency,True,True,True,
IEEE14_SCN_000095,E0,E2_LLM_RAG,API,True,True,True,"{'H-NUM': False, 'H-TOP': False, 'H-EQP': False, 'H-PHY': False, 'H-TOOL': False, 'H-ACT': False}",SUCCESS,0.9258468151092528,1.0,True,"```json
{""event_class"": ""E0"", ""confidence"": 1.0, ""tool"": ""power_flow"", ""reason"": ""The injected description explicitly states no disturbance was injected, and there are no limit violations in the post-event state.""}
```",E0,none,none,high,n1_security;grid_query_topology,E0,power_flow,True,True,False,
IEEE14_SCN_002888,E9,E2_LLM_RAG,API,True,True,True,"{'H-NUM': False, 'H-TOP': False, 'H-EQP': False, 'H-PHY': False, 'H-TOOL': False, 'H-ACT': False}",SUCCESS,1.1917922496795654,0.99,True,"```json
{
  ""event_class"": ""E9"",
  ""confidence"": 0.99,
  ""tool"": ""contingency"",
  ""reason"": ""The injected description and mechanism explicitly state a compound event combining a transmission line outage (line 2-4) and a 20% demand increase across multiple load buses.""
}
```",E9,none,branch+demand,high,power_flow;contingency;n1_security;grid_query_topology,E9,contingency,True,True,True,
IEEE14_SCN_001817,E3,E2_LLM_RAG,API,True,True,True,"{'H-NUM': False, 'H-TOP': False, 'H-EQP': False, 'H-PHY': False, 'H-TOOL': False, 'H-ACT': False}",SUCCESS,0.93318510055542,1.0,True,"```json
{""event_class"": ""E3"", ""confidence"": 1.0, ""tool"": ""contingency"", ""reason"": ""The injected mechanism explicitly specifies a single transmission line outage of line_6_13.""}
```",E3,undervoltage,branch,high,power_flow;state_estimation;contingency;n1_security;grid_query_topology;grid_query_limits,E3,contingency,True,True,True,
IEEE14_SCN_002540,E9,E2_LLM_RAG,API,True,True,True,"{'H-NUM': False, 'H-TOP': False, 'H-EQP': False, 'H-PHY': False, 'H-TOOL': False, 'H-ACT': False}",SUCCESS,1.137730836868286,1.0,True,"```json
{""event_class"":""E9"",""confidence"":1.0,""tool"":""power_flow"",""reason"":""The scenario description explicitly details a compound event involving a transmission line outage (line_1_5) combined with a 20% demand increase across multiple load buses.""}
```",E9,overload,branch+demand,high,power_flow;state_estimation;contingency;n1_security;opf;grid_query_topology;grid_query_limits,E9,power_flow,True,True,True,
IEEE14_SCN_002952,E9,E2_LLM_RAG,API,True,True,True,"{'H-NUM': False, 'H-TOP': False, 'H-EQP': False, 'H-PHY': False, 'H-TOOL': False, 'H-ACT': False}",SUCCESS,1.3148300647735596,1.0,True,"```json
{""event_class"":""E9"",""confidence"":1.0,""tool"":""power_flow"",""reason"":""The injected description explicitly specifies a compound event consisting of a transmission line outage (line_2_5) combined with a 20% demand increase across multiple load buses.""}
```",E9,none,branch+demand,high,power_flow;contingency;n1_security;grid_query_topology,E9,power_flow,True,True,True,
IEEE14_SCN_001116,E3,E2_LLM_RAG,API,True,True,True,"{'H-NUM': False, 'H-TOP': False, 'H-EQP': False, 'H-PHY': False, 'H-TOOL': False, 'H-ACT': False}",SUCCESS,1.0975964069366455,1.0,True,"```json
{""event_class"":""E3"",""confidence"":1.0,""tool"":""contingency"",""reason"":""The injected mechanism explicitly states an outage of line_2_5, which classifies as a single transmission-line outage.""}
```",E3,none,branch,high,power_flow;contingency;n1_security;grid_query_topology,E3,contingency,True,True,True,
IEEE14_SCN_000995,E3,E2_LLM_RAG,API,True,True,True,"{'H-NUM': False, 'H-TOP': False, 'H-EQP': False, 'H-PHY': False, 'H-TOOL': False, 'H-ACT': False}",SUCCESS,1.025099277496338,1.0,True,"```json
{""event_class"": ""E3"", ""confidence"": 1.0, ""tool"": ""contingency"", ""reason"": ""The injected event is a single transmission line outage of line_2_3, classified under E3.""}
```",E3,none,branch,high,power_flow;contingency;n1_security;grid_query_topology,E3,contingency,True,True,True,
IEEE14_SCN_000822,E2,E2_LLM_RAG,API,True,True,True,"{'H-NUM': False, 'H-TOP': False, 'H-EQP': False, 'H-PHY': False, 'H-TOOL': False, 'H-ACT': False}",SUCCESS,0.8769321441650391,0.98,True,"```json
{""event_class"": ""E2"", ""confidence"": 0.98, ""tool"": ""power_flow"", ""reason"": ""A 10% demand decrease at load_bus_10 corresponds to a load drop event classified as E2.""}
```",E2,none,demand,high,n1_security;grid_query_topology,E2,power_flow,True,True,False,
IEEE14_SCN_000054,E0,E2_LLM_RAG,API,True,True,True,"{'H-NUM': False, 'H-TOP': False, 'H-EQP': False, 'H-PHY': False, 'H-TOOL': False, 'H-ACT': False}",SUCCESS,1.105741262435913,1.0,True,"```json
{
  ""event_class"": ""E0"",
  ""confidence"": 1.0,
  ""tool"": ""power_flow"",
  ""reason"": ""The injected description explicitly states no disturbance was injected, and all post-event metrics and limit violations confirm normal operating conditions.""
}
```",E0,none,none,high,n1_security;grid_query_topology,E0,power_flow,True,True,False,
IEEE14_SCN_000407,E1,E2_LLM_RAG,API,True,True,True,"{'H-NUM': False, 'H-TOP': False, 'H-EQP': False, 'H-PHY': False, 'H-TOOL': False, 'H-ACT': False}",SUCCESS,0.9722771644592284,0.99,True,"```json
{""event_class"": ""E1"", ""confidence"": 0.99, ""tool"": ""power_flow"", ""reason"": ""The injected event is a 30% demand increase (positive load change) across four load buses, correctly classified as a load surge (E1).""}
```",E1,none,demand,high,n1_security;grid_query_topology,E1,power_flow,True,True,False,
IEEE14_SCN_002404,E9,E2_LLM_RAG,API,True,True,True,"{'H-NUM': False, 'H-TOP': False, 'H-EQP': False, 'H-PHY': False, 'H-TOOL': False, 'H-ACT': False}",SUCCESS,1.084456443786621,1.0,True,"```json
{""event_class"":""E9"",""confidence"":1.0,""tool"":""power_flow"",""reason"":""The injected description explicitly specifies a compound event involving the outage of line_1_2 combined with a 20% demand increase across multiple load buses.""}
```",E9,overload,branch+demand,high,power_flow;state_estimation;contingency;n1_security;opf;grid_query_topology;grid_query_limits,E9,power_flow,True,True,True,
IEEE14_SCN_002496,E9,E2_LLM_RAG,API,True,True,True,"{'H-NUM': False, 'H-TOP': False, 'H-EQP': False, 'H-PHY': False, 'H-TOOL': False, 'H-ACT': False}",SUCCESS,1.1771488189697266,1.0,True,"```json
{""event_class"": ""E9"", ""confidence"": 1.0, ""tool"": ""contingency"", ""reason"": ""The injected description and mechanism explicitly combine a transmission line outage (line_1_2) and a simultaneous load surge (+20% demand across multiple buses), fulfilling the criteria for a compound event (E9).""}
```",E9,undervoltage+overload,branch+demand,high,power_flow;state_estimation;contingency;n1_security;opf;grid_query_topology;grid_query_limits,E9,contingency,True,False,True,
IEEE14_SCN_001353,E4,E2_LLM_RAG,API,True,True,True,"{'H-NUM': False, 'H-TOP': False, 'H-EQP': False, 'H-PHY': False, 'H-TOOL': False, 'H-ACT': False}",SUCCESS,1.0735735893249512,1.0,True,"```json
{""event_class"": ""E4"", ""confidence"": 1.0, ""tool"": ""contingency"", ""reason"": ""The injected event is a single generator outage (gen_G8), which directly classifies as E4 Generator Outage.""}
```",E4,none,generator,high,power_flow;contingency;n1_security;grid_query_topology,E4,contingency,True,True,True,
IEEE14_SCN_002776,E9,E2_LLM_RAG,API,True,True,True,"{'H-NUM': False, 'H-TOP': False, 'H-EQP': False, 'H-PHY': False, 'H-TOOL': False, 'H-ACT': False}",SUCCESS,1.253040790557861,1.0,True,"```json
{""event_class"":""E9"",""confidence"":1.0,""tool"":""power_flow"",""reason"":""The injected description explicitly combines a transmission line outage (line_9_10) and a load surge (25% demand increase at multiple components), which classifies this as a compound event.""}
```",E9,none,branch+demand,high,power_flow;contingency;n1_security;grid_query_topology,E9,power_flow,True,True,True,
IEEE14_SCN_000755,E2,E2_LLM_RAG,API,True,True,True,"{'H-NUM': False, 'H-TOP': False, 'H-EQP': False, 'H-PHY': False, 'H-TOOL': False, 'H-ACT': False}",SUCCESS,1.1172206401824951,1.0,True,"```json
{
  ""event_class"": ""E2"",
  ""confidence"": 1.0,
  ""tool"": ""power_flow"",
  ""reason"": ""The injected mechanism specifies a 20% demand decrease across four load buses, which classifies the event as an E2 Load Drop.""
}
```",E2,none,demand,high,n1_security;grid_query_topology,E2,power_flow,True,True,False,
IEEE14_SCN_002041,E3,E2_LLM_RAG,API,True,True,True,"{'H-NUM': False, 'H-TOP': False, 'H-EQP': False, 'H-PHY': False, 'H-TOOL': False, 'H-ACT': False}",SUCCESS,1.0848510265350342,1.0,True,"```json
{""event_class"": ""E3"", ""confidence"": 1.0, ""tool"": ""contingency"", ""reason"": ""The injected mechanism explicitly specifies a single transmission line outage of line_6_13.""}
```",E3,undervoltage,branch,high,power_flow;state_estimation;contingency;n1_security;grid_query_topology;grid_query_limits,E3,contingency,True,True,True,
IEEE14_SCN_002388,E7,E2_LLM_RAG,API,True,True,True,"{'H-NUM': False, 'H-TOP': False, 'H-EQP': False, 'H-PHY': False, 'H-TOOL': False, 'H-ACT': False}",SUCCESS,0.955780029296875,0.99,True,"```json
{""event_class"":""E7"",""confidence"":0.99,""tool"":""power_flow"",""reason"":""Excitation setpoints were raised across multiple generators, resulting in a post-event voltage violation above 1.05 p.u. (peak 1.0800 p.u.).""}
```",E7,overvoltage,none,high,power_flow;state_estimation;n1_security;grid_query_topology;grid_query_limits,E7,power_flow,True,True,True,
IEEE14_SCN_002566,E9,E2_LLM_RAG,API,True,True,True,"{'H-NUM': False, 'H-TOP': False, 'H-EQP': False, 'H-PHY': False, 'H-TOOL': False, 'H-ACT': False}",SUCCESS,1.1337637901306152,1.0,True,"```json
{
  ""event_class"": ""E9"",
  ""confidence"": 1.0,
  ""tool"": ""contingency"",
  ""reason"": ""The injected description explicitly specifies a compound event consisting of a transmission line outage combined with a 20% demand increase across multiple load buses.""
}
```",E9,undervoltage+overload,branch+demand,high,power_flow;state_estimation;contingency;n1_security;opf;grid_query_topology;grid_query_limits,E9,contingency,True,False,True,
IEEE14_SCN_002979,E9,E2_LLM_RAG,API,True,True,True,"{'H-NUM': False, 'H-TOP': False, 'H-EQP': False, 'H-PHY': False, 'H-TOOL': False, 'H-ACT': False}",SUCCESS,0.9001479148864746,1.0,True,"```json
{""event_class"":""E9"",""confidence"":1.0,""tool"":""power_flow"",""reason"":""The scenario injects a compound event consisting of a transmission line outage combined with a load surge across multiple buses.""}
```",E9,none,branch+demand,high,power_flow;contingency;n1_security;grid_query_topology,E9,power_flow,True,True,True,
IEEE14_SCN_002925,E9,E2_LLM_RAG,API,True,True,True,"{'H-NUM': False, 'H-TOP': False, 'H-EQP': False, 'H-PHY': False, 'H-TOOL': False, 'H-ACT': False}",SUCCESS,1.2003049850463867,1.0,True,"```json
{
  ""event_class"": ""E9"",
  ""confidence"": 1.0,
  ""tool"": ""power_flow"",
  ""reason"": ""The injected mechanism explicitly combines a transmission line outage (line_9_14) with a concurrent demand increase across multiple load buses, classifying it as a compound event.""
}
```",E9,none,branch+demand,high,power_flow;contingency;n1_security;grid_query_topology,E9,power_flow,True,True,True,
IEEE14_SCN_001467,E4,E2_LLM_RAG,API,True,True,True,"{'H-NUM': False, 'H-TOP': False, 'H-EQP': False, 'H-PHY': False, 'H-TOOL': False, 'H-ACT': False}",SUCCESS,1.1356446743011477,1.0,True,"```json
{""event_class"":""E4"",""confidence"":1.0,""tool"":""contingency"",""reason"":""The injected mechanism is an outage of generator gen_G3, which directly corresponds to a single generator outage (E4).""}
```",E4,none,generator,high,power_flow;contingency;n1_security;grid_query_topology,E4,contingency,True,True,True,
IEEE14_SCN_002621,E9,E2_LLM_RAG,API,True,True,True,"{'H-NUM': False, 'H-TOP': False, 'H-EQP': False, 'H-PHY': False, 'H-TOOL': False, 'H-ACT': False}",SUCCESS,1.105731964111328,1.0,True,"```json
{""event_class"":""E9"",""confidence"":1.0,""tool"":""power_flow"",""reason"":""The scenario explicitly indicates a compound event involving the outage of line 1-2 and a 20% demand increase across multiple load buses.""}
```",E9,overload,branch+demand,high,power_flow;state_estimation;contingency;n1_security;opf;grid_query_topology;grid_query_limits,E9,power_flow,True,True,True,
IEEE14_SCN_002945,E9,E2_LLM_RAG,API,True,True,True,"{'H-NUM': False, 'H-TOP': False, 'H-EQP': False, 'H-PHY': False, 'H-TOOL': False, 'H-ACT': False}",SUCCESS,1.1203274726867676,1.0,True,"```json
{""event_class"":""E9"",""confidence"":1.0,""tool"":""power_flow"",""reason"":""The injected description explicitly specifies a compound event combining a transmission line outage (line_3_4) and a 15% demand increase across 11 components.""}
```",E9,none,branch+demand,high,power_flow;contingency;n1_security;grid_query_topology,E9,power_flow,True,True,True,
IEEE14_SCN_001395,E4,E2_LLM_RAG,API,True,True,True,"{'H-NUM': False, 'H-TOP': False, 'H-EQP': False, 'H-PHY': False, 'H-TOOL': False, 'H-ACT': False}",SUCCESS,1.122384786605835,1.0,True,"```json
{""event_class"":""E4"",""confidence"":1.0,""tool"":""contingency"",""reason"":""The injected mechanism explicitly specifies an outage of single generator gen_G8, which corresponds to class E4 (Generator Outage).""}
```",E4,none,generator,high,power_flow;contingency;n1_security;grid_query_topology,E4,contingency,True,True,True,
IEEE14_SCN_001944,E3,E2_LLM_RAG,API,True,True,True,"{'H-NUM': False, 'H-TOP': False, 'H-EQP': False, 'H-PHY': False, 'H-TOOL': False, 'H-ACT': False}",SUCCESS,1.0958757400512695,1.0,True,"```json
{
  ""event_class"": ""E3"",
  ""confidence"": 1.0,
  ""tool"": ""contingency"",
  ""reason"": ""The injected mechanism explicitly states a single-branch transmission line outage of line_6_13, which corresponds to class E3.""
}
```",E3,undervoltage,branch,high,power_flow;state_estimation;contingency;n1_security;grid_query_topology;grid_query_limits,E3,contingency,True,True,True,
IEEE14_SCN_001695,E5,E2_LLM_RAG,API,True,True,True,"{'H-NUM': False, 'H-TOP': False, 'H-EQP': False, 'H-PHY': False, 'H-TOOL': False, 'H-ACT': False}",SUCCESS,1.1320242881774902,0.99,True,"```json
{
  ""event_class"": ""E5"",
  ""confidence"": 0.99,
  ""tool"": ""power_flow"",
  ""reason"": ""The injected event specifies a medium down-ramp of 30 availability points at renewable resources sgen_PV14 and sgen_WIND6, which directly maps to renewable ramp (E5).""
}
```",E5,none,renewable,high,n1_security;grid_query_topology,E5,power_flow,True,True,False,
IEEE14_SCN_001664,E5,E2_LLM_RAG,API,True,True,True,"{'H-NUM': False, 'H-TOP': False, 'H-EQP': False, 'H-PHY': False, 'H-TOOL': False, 'H-ACT': False}",SUCCESS,1.173635721206665,0.99,True,"```json
{""event_class"": ""E5"", ""confidence"": 0.99, ""tool"": ""power_flow"", ""reason"": ""The injected event is a small down-ramp of 10 availability points at wind generator sgen_WIND6, which classifies as a renewable ramp (E5).""}
```",E5,none,renewable,high,n1_security;grid_query_topology,E5,power_flow,True,True,False,
IEEE14_SCN_000993,E3,E2_LLM_RAG,API,True,True,True,"{'H-NUM': False, 'H-TOP': False, 'H-EQP': False, 'H-PHY': False, 'H-TOOL': False, 'H-ACT': False}",SUCCESS,1.1311860084533691,0.99,True,"```json
{""event_class"": ""E3"", ""confidence"": 0.99, ""tool"": ""contingency"", ""reason"": ""The injected mechanism explicitly specifies a single-branch transmission line outage of line_9_14, corresponding to event class E3.""}
```",E3,none,branch,high,power_flow;contingency;n1_security;grid_query_topology,E3,contingency,True,True,True,
IEEE14_SCN_001429,E4,E2_LLM_RAG,API,True,True,True,"{'H-NUM': False, 'H-TOP': False, 'H-EQP': False, 'H-PHY': False, 'H-TOOL': False, 'H-ACT': False}",SUCCESS,1.075103759765625,1.0,True,"```json
{""event_class"": ""E4"", ""confidence"": 1.0, ""tool"": ""contingency"", ""reason"": ""The injected mechanism explicitly specifies a single-unit generator outage of gen_G2.""}
```",E4,none,generator,high,power_flow;contingency;n1_security;grid_query_topology,E4,contingency,True,True,True,
IEEE14_SCN_001827,E3,E2_LLM_RAG,API,True,True,True,"{'H-NUM': False, 'H-TOP': False, 'H-EQP': False, 'H-PHY': False, 'H-TOOL': False, 'H-ACT': False}",SUCCESS,1.1580092906951904,1.0,True,"```json
{""event_class"": ""E3"", ""confidence"": 1.0, ""tool"": ""contingency"", ""reason"": ""The injected mechanism is a single transmission line outage of line_6_13, which corresponds directly to class E3.""}
```",E3,undervoltage,branch,high,power_flow;state_estimation;contingency;n1_security;grid_query_topology;grid_query_limits,E3,contingency,True,True,True,
IEEE14_SCN_001720,E5,E2_LLM_RAG,API,True,True,True,"{'H-NUM': False, 'H-TOP': False, 'H-EQP': False, 'H-PHY': False, 'H-TOOL': False, 'H-ACT': False}",SUCCESS,0.9970364570617676,0.95,True,"```json
{""event_class"": ""E5"", ""confidence"": 0.95, ""tool"": ""power_flow"", ""reason"": ""The injected description specifies a small up-ramp of 10 availability points at renewable resources sgen_PV14 and sgen_WIND6, which directly maps to renewable ramp class E5.""}
```",E5,none,renewable,high,n1_security;grid_query_topology,E5,power_flow,True,True,False,
IEEE14_SCN_001858,E4,E2_LLM_RAG,API,True,True,True,"{'H-NUM': False, 'H-TOP': False, 'H-EQP': False, 'H-PHY': False, 'H-TOOL': False, 'H-ACT': False}",SUCCESS,1.1471569538116455,1.0,True,"```json
{""event_class"": ""E4"", ""confidence"": 1.0, ""tool"": ""power_flow"", ""reason"": ""The injected mechanism explicitly specifies a single-unit generator outage of gen_G6, which maps directly to class E4.""}
```",E4,undervoltage,generator,high,power_flow;state_estimation;contingency;n1_security;grid_query_topology;grid_query_limits,E4,power_flow,True,True,True,
IEEE14_SCN_000735,E2,E2_LLM_RAG,API,True,True,True,"{'H-NUM': False, 'H-TOP': False, 'H-EQP': False, 'H-PHY': False, 'H-TOOL': False, 'H-ACT': False}",SUCCESS,1.0955820083618164,1.0,True,"```json
{""event_class"": ""E2"", ""confidence"": 1.0, ""tool"": ""power_flow"", ""reason"": ""A 20% demand decrease at load_bus_6 corresponds to a negative load surge (load drop).""}
```",E2,none,demand,high,n1_security;grid_query_topology,E2,power_flow,True,True,False,
IEEE14_SCN_002341,E7,E2_LLM_RAG,API,True,True,True,"{'H-NUM': False, 'H-TOP': False, 'H-EQP': False, 'H-PHY': False, 'H-TOOL': False, 'H-ACT': False}",SUCCESS,1.1384830474853516,0.98,True,"```json
{""event_class"":""E7"",""confidence"":0.98,""tool"":""power_flow"",""reason"":""Excitation setpoint increases across multiple generators directly drive bus voltages above 1.05 pu, resulting in an overvoltage condition (E7).""}
```",E7,overvoltage,none,high,power_flow;state_estimation;n1_security;grid_query_topology;grid_query_limits,E7,power_flow,True,True,True,
IEEE14_SCN_001199,E3,E2_LLM_RAG,API,True,True,True,"{'H-NUM': False, 'H-TOP': False, 'H-EQP': False, 'H-PHY': False, 'H-TOOL': False, 'H-ACT': False}",SUCCESS,1.0970346927642822,1.0,True,"```json
{""event_class"":""E3"",""confidence"":1.0,""tool"":""contingency"",""reason"":""The injected mechanism explicitly specifies a single transmission line outage of line_10_11.""}
```",E3,none,branch,high,power_flow;contingency;n1_security;grid_query_topology,E3,contingency,True,True,True,
IEEE14_SCN_001384,E4,E2_LLM_RAG,API,True,True,True,"{'H-NUM': False, 'H-TOP': False, 'H-EQP': False, 'H-PHY': False, 'H-TOOL': False, 'H-ACT': False}",SUCCESS,1.1373398303985596,1.0,True,"```json
{""event_class"":""E4"",""confidence"":1.0,""tool"":""contingency"",""reason"":""The injected mechanism explicitly specifies an outage of generator G2, which corresponds to class E4 (Generator Outage).""}
```",E4,none,generator,high,power_flow;contingency;n1_security;grid_query_topology,E4,contingency,True,True,True,
IEEE14_SCN_001784,E5,E2_LLM_RAG,API,True,True,True,"{'H-NUM': False, 'H-TOP': False, 'H-EQP': False, 'H-PHY': False, 'H-TOOL': False, 'H-ACT': False}",SUCCESS,1.0298078060150146,1.0,True,"```json
{""event_class"":""E5"",""confidence"":1.0,""tool"":""power_flow"",""reason"":""Injected mechanism describes a medium up-ramp of availability points at solar and wind resources (sgen_PV14 and sgen_WIND6), which classifies as a renewable ramp (E5).""}
```",E5,none,renewable,high,n1_security;grid_query_topology,E5,power_flow,True,True,False,
IEEE14_SCN_002692,E9,E2_LLM_RAG,API,True,True,True,"{'H-NUM': False, 'H-TOP': False, 'H-EQP': False, 'H-PHY': False, 'H-TOOL': False, 'H-ACT': False}",SUCCESS,0.9105494022369384,1.0,True,"```json
{""event_class"":""E9"",""confidence"":1.0,""tool"":""power_flow"",""reason"":""The scenario description explicitly details a compound event involving a transmission line outage and a simultaneous demand increase across multiple load buses.""}
```",E9,undervoltage+overload,branch+demand,high,power_flow;state_estimation;contingency;n1_security;opf;grid_query_topology;grid_query_limits,E9,power_flow,True,False,True,
IEEE14_SCN_002494,E9,E2_LLM_RAG,API,True,True,True,"{'H-NUM': False, 'H-TOP': False, 'H-EQP': False, 'H-PHY': False, 'H-TOOL': False, 'H-ACT': False}",SUCCESS,0.892723798751831,1.0,True,"```json
{""event_class"":""E9"",""confidence"":1.0,""tool"":""power_flow"",""reason"":""The scenario involves both a transmission line outage (line_1_2) and a simultaneous load surge across multiple buses, classifying it as a compound event (E9).""}
```",E9,undervoltage+overload,branch+demand,high,power_flow;state_estimation;contingency;n1_security;opf;grid_query_topology;grid_query_limits,E9,power_flow,True,False,True,
IEEE14_SCN_002988,E9,E2_LLM_RAG,API,True,True,True,"{'H-NUM': False, 'H-TOP': False, 'H-EQP': False, 'H-PHY': False, 'H-TOOL': False, 'H-ACT': False}",SUCCESS,1.0436458587646484,1.0,True,"```json
{""event_class"":""E9"",""confidence"":1.0,""tool"":""power_flow"",""reason"":""The injected mechanism explicitly states a compound event combining a transmission line outage and a 20% demand increase across multiple load components.""}
```",E9,undervoltage,branch+demand,high,power_flow;state_estimation;contingency;n1_security;grid_query_topology;grid_query_limits,E9,power_flow,True,True,True,
IEEE14_SCN_000068,E0,E2_LLM_RAG,API,True,True,True,"{'H-NUM': False, 'H-TOP': False, 'H-EQP': False, 'H-PHY': False, 'H-TOOL': False, 'H-ACT': False}",SUCCESS,1.1184911727905271,1.0,True,"```json
{""event_class"": ""E0"", ""confidence"": 1.0, ""tool"": ""power_flow"", ""reason"": ""Pre and post scenarios indicate no disturbance injected with no limit violations.""}
```",E0,none,none,high,n1_security;grid_query_topology,E0,power_flow,True,True,False,
IEEE14_SCN_002854,E9,E2_LLM_RAG,API,True,True,True,"{'H-NUM': False, 'H-TOP': False, 'H-EQP': False, 'H-PHY': False, 'H-TOOL': False, 'H-ACT': False}",SUCCESS,1.1258702278137207,1.0,True,"```json
{
  ""event_class"": ""E9"",
  ""confidence"": 1.0,
  ""tool"": ""power_flow"",
  ""reason"": ""The injected description explicitly specifies a compound event combining the outage of line 4-5 and a 20% demand increase across 11 load components.""
}
```",E9,none,branch+demand,high,power_flow;contingency;n1_security;grid_query_topology,E9,power_flow,True,True,True,
IEEE14_SCN_002234,E7,E2_LLM_RAG,API,True,True,True,"{'H-NUM': False, 'H-TOP': False, 'H-EQP': False, 'H-PHY': False, 'H-TOOL': False, 'H-ACT': False}",SUCCESS,0.9557332992553712,0.99,True,"```json
{
  ""event_class"": ""E7"",
  ""confidence"": 0.99,
  ""tool"": ""power_flow"",
  ""reason"": ""Excitation setpoints raised across multiple generators resulting in post-event bus overvoltages exceeding 1.05 p.u.""
}
```",E7,overvoltage,none,high,power_flow;state_estimation;n1_security;grid_query_topology;grid_query_limits,E7,power_flow,True,True,True,
IEEE14_SCN_000953,E3,E2_LLM_RAG,API,True,True,True,"{'H-NUM': False, 'H-TOP': False, 'H-EQP': False, 'H-PHY': False, 'H-TOOL': False, 'H-ACT': False}",SUCCESS,0.9139928817749025,1.0,True,"```json
{""event_class"":""E3"",""confidence"":1.0,""tool"":""contingency"",""reason"":""The injected mechanism is a single transmission line outage on line_2_5 (line_outage), which directly corresponds to class E3.""}
```",E3,none,branch,high,power_flow;contingency;n1_security;grid_query_topology,E3,contingency,True,True,True,
IEEE14_SCN_002785,E9,E2_LLM_RAG,API,True,True,True,"{'H-NUM': False, 'H-TOP': False, 'H-EQP': False, 'H-PHY': False, 'H-TOOL': False, 'H-ACT': False}",SUCCESS,1.2166645526885986,1.0,True,"```json
{""event_class"":""E9"",""confidence"":1.0,""tool"":""power_flow"",""reason"":""The scenario describes an outage of line 9-14 combined with a 25% demand increase across 11 load components, representing a compound event with two distinct mechanisms.""}
```",E9,none,branch+demand,high,power_flow;contingency;n1_security;grid_query_topology,E9,power_flow,True,True,True,
IEEE14_SCN_001925,E3,E2_LLM_RAG,API,True,True,True,"{'H-NUM': False, 'H-TOP': False, 'H-EQP': False, 'H-PHY': False, 'H-TOOL': False, 'H-ACT': False}",SUCCESS,1.289992094039917,1.0,True,"```json
{""event_class"": ""E3"", ""confidence"": 1.0, ""tool"": ""contingency"", ""reason"": ""The injected mechanism is a single transmission line outage of line_13_14, which falls under class E3.""}
```",E3,undervoltage,branch,high,power_flow;state_estimation;contingency;n1_security;grid_query_topology;grid_query_limits,E3,contingency,True,True,True,
IEEE14_SCN_002703,E9,E3_LLM_Tools,API,True,True,True,"{'H-NUM': False, 'H-TOP': False, 'H-EQP': False, 'H-PHY': False, 'H-TOOL': False, 'H-ACT': False}",SUCCESS,1.0059595108032229,1.0,True,"```json
{""event_class"": ""E9"", ""confidence"": 1.0, ""tool"": ""power_flow"", ""reason"": ""The scenario description and injected mechanism explicitly combine a transmission line outage (line_13_14) with a simultaneous demand increase across multiple load buses, classifying it as a compound event.""}
```",E9,undervoltage,branch+demand,high,power_flow;state_estimation;contingency;n1_security;grid_query_topology;grid_query_limits,E9,power_flow,True,True,True,
IEEE14_SCN_001981,E3,E3_LLM_Tools,API,True,True,True,"{'H-NUM': False, 'H-TOP': False, 'H-EQP': False, 'H-PHY': False, 'H-TOOL': False, 'H-ACT': False}",SUCCESS,1.217153787612915,1.0,True,"```json
{
  ""event_class"": ""E3"",
  ""confidence"": 1.0,
  ""tool"": ""contingency"",
  ""reason"": ""The injected mechanism is explicitly a single transmission line outage on line_6_13, which classifies as E3.""
}
```",E3,undervoltage,branch,high,power_flow;state_estimation;contingency;n1_security;grid_query_topology;grid_query_limits,E3,contingency,True,True,True,
IEEE14_SCN_000948,E3,E3_LLM_Tools,API,True,True,True,"{'H-NUM': False, 'H-TOP': False, 'H-EQP': False, 'H-PHY': False, 'H-TOOL': False, 'H-ACT': False}",SUCCESS,1.0478496551513672,1.0,True,"```json
{""event_class"":""E3"",""confidence"":1.0,""tool"":""contingency"",""reason"":""The injected mechanism specifies a single transmission line outage on line_2_4.""}
```",E3,none,branch,high,power_flow;contingency;n1_security;grid_query_topology,E3,contingency,True,True,True,
IEEE14_SCN_001349,E4,E3_LLM_Tools,API,True,True,True,"{'H-NUM': False, 'H-TOP': False, 'H-EQP': False, 'H-PHY': False, 'H-TOOL': False, 'H-ACT': False}",SUCCESS,0.9032344818115234,1.0,True,"```json
{""event_class"":""E4"",""confidence"":1.0,""tool"":""contingency"",""reason"":""The injected mechanism is explicitly a single unit generator outage of gen_G6.""}
```",E4,none,generator,high,power_flow;contingency;n1_security;grid_query_topology,E4,contingency,True,True,True,
IEEE14_SCN_002035,E3,E3_LLM_Tools,API,True,True,True,"{'H-NUM': False, 'H-TOP': False, 'H-EQP': False, 'H-PHY': False, 'H-TOOL': False, 'H-ACT': False}",SUCCESS,0.8894639015197754,1.0,True,"```json
{""event_class"": ""E3"", ""confidence"": 1.0, ""tool"": ""contingency"", ""reason"": ""The injected mechanism explicitly specifies a single transmission line outage of line_6_13.""}
```",E3,undervoltage,branch,high,power_flow;state_estimation;contingency;n1_security;grid_query_topology;grid_query_limits,E3,contingency,True,True,True,
IEEE14_SCN_002982,E9,E3_LLM_Tools,API,True,True,True,"{'H-NUM': False, 'H-TOP': False, 'H-EQP': False, 'H-PHY': False, 'H-TOOL': False, 'H-ACT': False}",SUCCESS,1.1083145141601562,1.0,True,"```json
{
  ""event_class"": ""E9"",
  ""confidence"": 1.0,
  ""tool"": ""power_flow"",
  ""reason"": ""The scenario description explicitly defines a compound event consisting of a transmission line outage and a demand increase across multiple load buses.""
}
```",E9,none,branch+demand,high,power_flow;contingency;n1_security;grid_query_topology,E9,power_flow,True,True,True,
IEEE14_SCN_002055,E3,E3_LLM_Tools,API,True,True,True,"{'H-NUM': False, 'H-TOP': False, 'H-EQP': False, 'H-PHY': False, 'H-TOOL': False, 'H-ACT': False}",SUCCESS,1.026801586151123,1.0,True,"```json
{""event_class"": ""E3"", ""confidence"": 1.0, ""tool"": ""contingency"", ""reason"": ""The injected mechanism explicitly specifies a single transmission line outage of line_6_13, which corresponds to class E3.""}
```",E3,undervoltage,branch,high,power_flow;state_estimation;contingency;n1_security;grid_query_topology;grid_query_limits,E3,contingency,True,True,True,
IEEE14_SCN_001408,E4,E3_LLM_Tools,API,True,True,True,"{'H-NUM': False, 'H-TOP': False, 'H-EQP': False, 'H-PHY': False, 'H-TOOL': False, 'H-ACT': False}",SUCCESS,1.057868480682373,1.0,True,"```json
{""event_class"":""E4"",""confidence"":1.0,""tool"":""contingency"",""reason"":""The injected mechanism explicitly specifies a single generator outage of gen_G6, corresponding directly to event class E4.""}
```",E4,none,generator,high,power_flow;contingency;n1_security;grid_query_topology,E4,contingency,True,True,True,
IEEE14_SCN_001614,E5,E3_LLM_Tools,API,True,True,True,"{'H-NUM': False, 'H-TOP': False, 'H-EQP': False, 'H-PHY': False, 'H-TOOL': False, 'H-ACT': False}",SUCCESS,1.126811981201172,0.99,True,"```json
{
  ""event_class"": ""E5"",
  ""confidence"": 0.99,
  ""tool"": ""power_flow"",
  ""reason"": ""The injected mechanism is a small up-ramp of availability at solar resource sgen_PV14, which corresponds directly to a renewable ramp event.""
}
```",E5,none,renewable,high,n1_security;grid_query_topology,E5,power_flow,True,True,False,
IEEE14_SCN_001945,E3,E3_LLM_Tools,API,True,True,True,"{'H-NUM': False, 'H-TOP': False, 'H-EQP': False, 'H-PHY': False, 'H-TOOL': False, 'H-ACT': False}",SUCCESS,1.0921165943145752,1.0,True,"```json
{""event_class"":""E3"",""confidence"":1.0,""tool"":""contingency"",""reason"":""The injected mechanism explicitly states a single transmission line outage of line_6_13, which corresponds to class E3.""}
```",E3,undervoltage,branch,high,power_flow;state_estimation;contingency;n1_security;grid_query_topology;grid_query_limits,E3,contingency,True,True,True,
IEEE14_SCN_002263,E7,E3_LLM_Tools,API,True,True,True,"{'H-NUM': False, 'H-TOP': False, 'H-EQP': False, 'H-PHY': False, 'H-TOOL': False, 'H-ACT': False}",SUCCESS,1.1294126510620115,1.0,True,"```json
{""event_class"":""E7"",""confidence"":1.0,""tool"":""grid_query"",""reason"":""Excitation setpoints raised across multiple generators resulting in a post-event bus overvoltage with voltages reaching up to 1.0800 pu (V > 1.05).""}
```",E7,overvoltage,none,high,power_flow;state_estimation;n1_security;grid_query_topology;grid_query_limits,E7,grid_query,True,True,False,
IEEE14_SCN_001379,E4,E3_LLM_Tools,API,True,True,True,"{'H-NUM': False, 'H-TOP': False, 'H-EQP': False, 'H-PHY': False, 'H-TOOL': False, 'H-ACT': False}",SUCCESS,1.0101633071899414,1.0,True,"```json
{""event_class"":""E4"",""confidence"":1.0,""tool"":""contingency"",""reason"":""The injected mechanism explicitly states an outage of generator G6.""}
```",E4,none,generator,high,power_flow;contingency;n1_security;grid_query_topology,E4,contingency,True,True,True,
IEEE14_SCN_001155,E3,E3_LLM_Tools,API,True,True,True,"{'H-NUM': False, 'H-TOP': False, 'H-EQP': False, 'H-PHY': False, 'H-TOOL': False, 'H-ACT': False}",SUCCESS,1.1439332962036133,1.0,True,"```json
{
  ""event_class"": ""E3"",
  ""confidence"": 1.0,
  ""tool"": ""contingency"",
  ""reason"": ""The injected mechanism explicitly specifies a single transmission line outage of line_2_5, which corresponds to class E3.""
}
```",E3,none,branch,high,power_flow;contingency;n1_security;grid_query_topology,E3,contingency,True,True,True,
IEEE14_SCN_002994,E9,E3_LLM_Tools,API,True,True,True,"{'H-NUM': False, 'H-TOP': False, 'H-EQP': False, 'H-PHY': False, 'H-TOOL': False, 'H-ACT': False}",SUCCESS,1.170412540435791,1.0,True,"```json
{""event_class"": ""E9"", ""confidence"": 1.0, ""tool"": ""contingency"", ""reason"": ""The injected description explicitly specifies a compound event consisting of a generator outage and a large down-ramp of renewable availability at PV and wind plants.""}
```",E9,none,branch+demand,high,power_flow;contingency;n1_security;grid_query_topology,E9,contingency,True,True,True,
IEEE14_SCN_002292,E7,E3_LLM_Tools,API,True,True,True,"{'H-NUM': False, 'H-TOP': False, 'H-EQP': False, 'H-PHY': False, 'H-TOOL': False, 'H-ACT': False}",SUCCESS,0.9015274047851562,1.0,True,"```json
{""event_class"":""E7"",""confidence"":1.0,""tool"":""grid_query"",""reason"":""Excitation setpoints raised across multiple generators resulting in system overvoltage with voltage reaching 1.0800 pu (>1.05 pu).""}
```",E7,overvoltage,none,high,power_flow;state_estimation;n1_security;grid_query_topology;grid_query_limits,E7,grid_query,True,True,False,
IEEE14_SCN_001918,E3,E3_LLM_Tools,API,True,True,True,"{'H-NUM': False, 'H-TOP': False, 'H-EQP': False, 'H-PHY': False, 'H-TOOL': False, 'H-ACT': False}",SUCCESS,1.1536567211151123,1.0,True,"```json
{
  ""event_class"": ""E3"",
  ""confidence"": 1.0,
  ""tool"": ""power_flow"",
  ""reason"": ""The injected mechanism explicitly specifies a single line outage of line_6_13, which corresponds to class E3.""
}
```",E3,undervoltage,branch,high,power_flow;state_estimation;contingency;n1_security;grid_query_topology;grid_query_limits,E3,power_flow,True,True,True,
IEEE14_SCN_001027,E3,E3_LLM_Tools,API,True,True,True,"{'H-NUM': False, 'H-TOP': False, 'H-EQP': False, 'H-PHY': False, 'H-TOOL': False, 'H-ACT': False}",SUCCESS,1.0823204517364502,1.0,True,"```json
{""event_class"":""E3"",""confidence"":1.0,""tool"":""contingency"",""reason"":""The injected mechanism is a single transmission line outage on line_2_5, which directly corresponds to class E3.""}
```",E3,none,branch,high,power_flow;contingency;n1_security;grid_query_topology,E3,contingency,True,True,True,
IEEE14_SCN_002976,E9,E3_LLM_Tools,API,True,True,True,"{'H-NUM': False, 'H-TOP': False, 'H-EQP': False, 'H-PHY': False, 'H-TOOL': False, 'H-ACT': False}",SUCCESS,1.0815367698669434,1.0,True,"```json
{""event_class"":""E9"",""confidence"":1.0,""tool"":""power_flow"",""reason"":""The scenario description explicitly details a compound event involving a transmission line outage combined with a load surge across multiple buses.""}
```",E9,undervoltage,branch+demand,high,power_flow;state_estimation;contingency;n1_security;grid_query_topology;grid_query_limits,E9,power_flow,True,True,True,
IEEE14_SCN_000382,E1,E3_LLM_Tools,API,True,True,True,"{'H-NUM': False, 'H-TOP': False, 'H-EQP': False, 'H-PHY': False, 'H-TOOL': False, 'H-ACT': False}",SUCCESS,1.0598561763763428,1.0,True,"```json
{""event_class"": ""E1"", ""confidence"": 1.0, ""tool"": ""power_flow"", ""reason"": ""A 30 percent demand increase at load_bus_4 corresponds to a positive load surge classified as E1.""}
```",E1,none,demand,high,n1_security;grid_query_topology,E1,power_flow,True,True,False,
IEEE14_SCN_002050,E3,E3_LLM_Tools,API,True,True,True,"{'H-NUM': False, 'H-TOP': False, 'H-EQP': False, 'H-PHY': False, 'H-TOOL': False, 'H-ACT': False}",SUCCESS,1.185136318206787,1.0,True,"```json
{
  ""event_class"": ""E3"",
  ""confidence"": 1.0,
  ""tool"": ""contingency"",
  ""reason"": ""The injected mechanism explicitly states an outage of transmission line 6_13, which corresponds to class E3 (Transmission-Line Outage).""
}
```",E3,undervoltage,branch,high,power_flow;state_estimation;contingency;n1_security;grid_query_topology;grid_query_limits,E3,contingency,True,True,True,
IEEE14_SCN_001778,E5,E3_LLM_Tools,API,True,True,True,"{'H-NUM': False, 'H-TOP': False, 'H-EQP': False, 'H-PHY': False, 'H-TOOL': False, 'H-ACT': False}",SUCCESS,0.8506278991699219,1.0,True,"```json
{""event_class"": ""E5"", ""confidence"": 1.0, ""tool"": ""power_flow"", ""reason"": ""The injected mechanism is a renewable ramp of 10 availability points down at solar generator sgen_PV14.""}
```",E5,none,renewable,high,n1_security;grid_query_topology,E5,power_flow,True,True,False,
IEEE14_SCN_001347,E4,E3_LLM_Tools,API,True,True,True,"{'H-NUM': False, 'H-TOP': False, 'H-EQP': False, 'H-PHY': False, 'H-TOOL': False, 'H-ACT': False}",SUCCESS,1.071382999420166,1.0,True,"```json
{""event_class"":""E4"",""confidence"":1.0,""tool"":""contingency"",""reason"":""The scenario explicitly specifies the outage of a single generator (gen_G8), which directly corresponds to class E4.""}
```",E4,none,generator,high,power_flow;contingency;n1_security;grid_query_topology,E4,contingency,True,True,True,
IEEE14_SCN_002877,E9,E3_LLM_Tools,API,True,True,True,"{'H-NUM': False, 'H-TOP': False, 'H-EQP': False, 'H-PHY': False, 'H-TOOL': False, 'H-ACT': False}",SUCCESS,1.0129270553588867,1.0,True,"```json
{""event_class"":""E9"",""confidence"":1.0,""tool"":""power_flow"",""reason"":""The scenario explicitly injects a compound event consisting of a transmission line outage and a 20% demand increase across multiple load components.""}
```",E9,none,branch+demand,high,power_flow;contingency;n1_security;grid_query_topology,E9,power_flow,True,True,True,
IEEE14_SCN_001956,E3,E3_LLM_Tools,API,True,True,True,"{'H-NUM': False, 'H-TOP': False, 'H-EQP': False, 'H-PHY': False, 'H-TOOL': False, 'H-ACT': False}",SUCCESS,0.9704077243804932,1.0,True,"```json
{
  ""event_class"": ""E3"",
  ""confidence"": 1.0,
  ""tool"": ""contingency"",
  ""reason"": ""The injected mechanism is explicitly a single transmission line outage of line_6_13, which falls under class E3.""
}
```",E3,undervoltage,branch,high,power_flow;state_estimation;contingency;n1_security;grid_query_topology;grid_query_limits,E3,contingency,True,True,True,
IEEE14_SCN_001046,E3,E3_LLM_Tools,API,True,True,True,"{'H-NUM': False, 'H-TOP': False, 'H-EQP': False, 'H-PHY': False, 'H-TOOL': False, 'H-ACT': False}",SUCCESS,0.9552879333496094,1.0,True,"```json
{
  ""event_class"": ""E3"",
  ""confidence"": 1.0,
  ""tool"": ""contingency"",
  ""reason"": ""The injected mechanism explicitly specifies a single transmission line outage on line_6_13.""
}
```",E3,none,branch,high,power_flow;contingency;n1_security;grid_query_topology,E3,contingency,True,True,True,
IEEE14_SCN_000841,E2,E3_LLM_Tools,API,True,True,True,"{'H-NUM': False, 'H-TOP': False, 'H-EQP': False, 'H-PHY': False, 'H-TOOL': False, 'H-ACT': False}",SUCCESS,1.1230721473693848,1.0,True,"```json
{""event_class"": ""E2"", ""confidence"": 1.0, ""tool"": ""power_flow"", ""reason"": ""The injected event is a 10% demand decrease at load_bus_13, which corresponds to a negative load surge (Load Drop).""}
```",E2,none,demand,high,n1_security;grid_query_topology,E2,power_flow,True,True,False,
IEEE14_SCN_002843,E9,E3_LLM_Tools,API,True,True,True,"{'H-NUM': False, 'H-TOP': False, 'H-EQP': False, 'H-PHY': False, 'H-TOOL': False, 'H-ACT': False}",SUCCESS,0.983076810836792,1.0,True,"```json
{
  ""event_class"": ""E9"",
  ""confidence"": 1.0,
  ""tool"": ""contingency"",
  ""reason"": ""The event description explicitly states a compound mechanism consisting of the outage of gen_G6 and a large down-ramp at renewable sources sgen_PV14 and sgen_WIND6.""
}
```",E9,none,branch+demand,high,power_flow;contingency;n1_security;grid_query_topology,E9,contingency,True,True,True,
IEEE14_SCN_000730,E2,E3_LLM_Tools,API,True,True,True,"{'H-NUM': False, 'H-TOP': False, 'H-EQP': False, 'H-PHY': False, 'H-TOOL': False, 'H-ACT': False}",SUCCESS,1.128063678741455,1.0,True,"```json
{""event_class"": ""E2"", ""confidence"": 1.0, ""tool"": ""power_flow"", ""reason"": ""The injected event is a 10% demand decrease at load_bus_10, which corresponds to a load drop (E2).""}
```",E2,none,demand,high,n1_security;grid_query_topology,E2,power_flow,True,True,False,
IEEE14_SCN_001796,E5,E3_LLM_Tools,API,True,True,True,"{'H-NUM': False, 'H-TOP': False, 'H-EQP': False, 'H-PHY': False, 'H-TOOL': False, 'H-ACT': False}",SUCCESS,1.150331735610962,1.0,True,"```json
{
  ""event_class"": ""E5"",
  ""confidence"": 1.0,
  ""tool"": ""power_flow"",
  ""reason"": ""The injected mechanism is a large up-ramp of 60 availability points at renewable resource sgen_PV14, which directly classifies as a renewable ramp (E5).""
}
```",E5,none,renewable,high,n1_security;grid_query_topology,E5,power_flow,True,True,False,
IEEE14_SCN_001122,E3,E3_LLM_Tools,API,True,True,True,"{'H-NUM': False, 'H-TOP': False, 'H-EQP': False, 'H-PHY': False, 'H-TOOL': False, 'H-ACT': False}",SUCCESS,1.082190752029419,1.0,True,"```json
{""event_class"":""E3"",""confidence"":1.0,""tool"":""contingency"",""reason"":""The injected mechanism explicitly states a single line outage of line_9_10, which corresponds to class E3.""}
```",E3,none,branch,high,power_flow;contingency;n1_security;grid_query_topology,E3,contingency,True,True,True,
IEEE14_SCN_002683,E9,E3_LLM_Tools,API,True,True,True,"{'H-NUM': False, 'H-TOP': False, 'H-EQP': False, 'H-PHY': False, 'H-TOOL': False, 'H-ACT': False}",SUCCESS,1.122183322906494,1.0,True,"```json
{""event_class"": ""E9"", ""confidence"": 1.0, ""tool"": ""grid_query"", ""reason"": ""The scenario description explicitly details a compound event involving both a transmission line outage and a load surge.""}
```",E9,undervoltage+overload,branch+demand,high,power_flow;state_estimation;contingency;n1_security;opf;grid_query_topology;grid_query_limits,E9,grid_query,True,False,False,
IEEE14_SCN_001608,E5,E3_LLM_Tools,API,True,True,True,"{'H-NUM': False, 'H-TOP': False, 'H-EQP': False, 'H-PHY': False, 'H-TOOL': False, 'H-ACT': False}",SUCCESS,1.1100339889526367,1.0,True,"```json
{""event_class"":""E5"",""confidence"":1.0,""tool"":""power_flow"",""reason"":""Injected event is a renewable ramp at solar resource sgen_PV14, classified under E5.""}
```",E5,none,renewable,high,n1_security;grid_query_topology,E5,power_flow,True,True,False,
IEEE14_SCN_002129,E7,E3_LLM_Tools,API,True,True,True,"{'H-NUM': False, 'H-TOP': False, 'H-EQP': False, 'H-PHY': False, 'H-TOOL': False, 'H-ACT': False}",SUCCESS,1.0901496410369873,1.0,True,"```json
{""event_class"":""E7"",""confidence"":1.0,""tool"":""grid_query"",""reason"":""The post-event state shows bus voltages reaching up to 1.0800 p.u. with overvoltage violations, triggered by upward excitation setpoint shifts across multiple generators.""}
```",E7,overvoltage,none,high,power_flow;state_estimation;n1_security;grid_query_topology;grid_query_limits,E7,grid_query,True,True,False,
IEEE14_SCN_001253,E4,E3_LLM_Tools,API,True,True,True,"{'H-NUM': False, 'H-TOP': False, 'H-EQP': False, 'H-PHY': False, 'H-TOOL': False, 'H-ACT': False}",SUCCESS,0.9055697917938232,1.0,True,"```json
{""event_class"":""E4"",""confidence"":1.0,""tool"":""contingency"",""reason"":""The injected mechanism is a single generator outage (gen_G8), which corresponds directly to class E4.""}
```",E4,none,generator,high,power_flow;contingency;n1_security;grid_query_topology,E4,contingency,True,True,True,
IEEE14_SCN_001736,E5,E3_LLM_Tools,API,True,True,True,"{'H-NUM': False, 'H-TOP': False, 'H-EQP': False, 'H-PHY': False, 'H-TOOL': False, 'H-ACT': False}",SUCCESS,0.899681568145752,1.0,True,"```json
{
  ""event_class"": ""E5"",
  ""confidence"": 1.0,
  ""tool"": ""power_flow"",
  ""reason"": ""The injected mechanism explicitly describes a small down-ramp of availability points at a wind generator (renewable ramp).""
}
```",E5,none,renewable,high,n1_security;grid_query_topology,E5,power_flow,True,True,False,
IEEE14_SCN_001334,E4,E3_LLM_Tools,API,True,True,True,"{'H-NUM': False, 'H-TOP': False, 'H-EQP': False, 'H-PHY': False, 'H-TOOL': False, 'H-ACT': False}",SUCCESS,1.094343662261963,1.0,True,"```json
{""event_class"": ""E4"", ""confidence"": 1.0, ""tool"": ""contingency"", ""reason"": ""The injected event is the outage of a single generator (gen_G3), which directly corresponds to a Generator Outage (E4).""}
```",E4,none,generator,high,power_flow;contingency;n1_security;grid_query_topology,E4,contingency,True,True,True,
IEEE14_SCN_000688,E2,E3_LLM_Tools,API,True,True,True,"{'H-NUM': False, 'H-TOP': False, 'H-EQP': False, 'H-PHY': False, 'H-TOOL': False, 'H-ACT': False}",SUCCESS,1.049788236618042,0.99,True,"```json
{
  ""event_class"": ""E2"",
  ""confidence"": 0.99,
  ""tool"": ""power_flow"",
  ""reason"": ""The injected event is a 10% demand decrease at load_bus_4, which corresponds to a negative load surge (Load Drop).""
}
```",E2,none,demand,high,n1_security;grid_query_topology,E2,power_flow,True,True,False,
IEEE14_SCN_002071,E3,E3_LLM_Tools,API,True,True,True,"{'H-NUM': False, 'H-TOP': False, 'H-EQP': False, 'H-PHY': False, 'H-TOOL': False, 'H-ACT': False}",SUCCESS,1.089040994644165,1.0,True,"```json
{
  ""event_class"": ""E3"",
  ""confidence"": 1.0,
  ""tool"": ""contingency"",
  ""reason"": ""The injected mechanism explicitly states a single transmission line outage of line_6_13.""
}
```",E3,undervoltage,branch,high,power_flow;state_estimation;contingency;n1_security;grid_query_topology;grid_query_limits,E3,contingency,True,True,True,
IEEE14_SCN_001282,E4,E3_LLM_Tools,API,True,True,True,"{'H-NUM': False, 'H-TOP': False, 'H-EQP': False, 'H-PHY': False, 'H-TOOL': False, 'H-ACT': False}",SUCCESS,0.9709370136260986,1.0,True,"```json
{""event_class"":""E4"",""confidence"":1.0,""tool"":""power_flow"",""reason"":""The injected mechanism explicitly states an outage of generator G2, which corresponds to class E4 (Generator Outage).""}
```",E4,none,generator,high,power_flow;contingency;n1_security;grid_query_topology,E4,power_flow,True,True,True,
IEEE14_SCN_001766,E5,E3_LLM_Tools,API,True,True,True,"{'H-NUM': False, 'H-TOP': False, 'H-EQP': False, 'H-PHY': False, 'H-TOOL': False, 'H-ACT': False}",SUCCESS,0.9529807567596436,1.0,True,"```json
{""event_class"": ""E5"", ""confidence"": 1.0, ""tool"": ""grid_query"", ""reason"": ""The injected event is a large down-ramp of availability at wind generator sgen_WIND6, which directly corresponds to a renewable ramp.""}
```",E5,none,renewable,high,n1_security;grid_query_topology,E5,grid_query,True,True,False,
IEEE14_SCN_001668,E5,E3_LLM_Tools,API,True,True,True,"{'H-NUM': False, 'H-TOP': False, 'H-EQP': False, 'H-PHY': False, 'H-TOOL': False, 'H-ACT': False}",SUCCESS,0.8939120769500732,1.0,True,"```json
{""event_class"": ""E5"", ""confidence"": 1.0, ""tool"": ""power_flow"", ""reason"": ""The injected mechanism is a renewable down-ramp at PV and wind generators, which directly maps to class E5.""}
```",E5,none,renewable,high,n1_security;grid_query_topology,E5,power_flow,True,True,False,
IEEE14_SCN_000556,E1,E3_LLM_Tools,API,True,True,True,"{'H-NUM': False, 'H-TOP': False, 'H-EQP': False, 'H-PHY': False, 'H-TOOL': False, 'H-ACT': False}",SUCCESS,0.980576515197754,1.0,True,"```json
{""event_class"": ""E1"", ""confidence"": 1.0, ""tool"": ""power_flow"", ""reason"": ""The scenario describes a 10% demand increase at load_bus_13, which corresponds to a positive load surge.""}
```",E1,none,demand,high,n1_security;grid_query_topology,E1,power_flow,True,True,False,
IEEE14_SCN_001060,E3,E3_LLM_Tools,API,True,True,True,"{'H-NUM': False, 'H-TOP': False, 'H-EQP': False, 'H-PHY': False, 'H-TOOL': False, 'H-ACT': False}",SUCCESS,1.2108123302459717,1.0,True,"```json
{""event_class"": ""E3"", ""confidence"": 1.0, ""tool"": ""contingency"", ""reason"": ""The injected mechanism explicitly specifies a single transmission line outage (line_6_13), which directly corresponds to class E3.""}
```",E3,none,branch,high,power_flow;contingency;n1_security;grid_query_topology,E3,contingency,True,True,True,
IEEE14_SCN_002986,E9,E3_LLM_Tools,API,True,True,True,"{'H-NUM': False, 'H-TOP': False, 'H-EQP': False, 'H-PHY': False, 'H-TOOL': False, 'H-ACT': False}",SUCCESS,1.1188910007476809,1.0,True,"```json
{
  ""event_class"": ""E9"",
  ""confidence"": 1.0,
  ""tool"": ""contingency"",
  ""reason"": ""The injected description explicitly specifies a compound event consisting of a transmission line outage combined with a load surge.""
}
```",E9,none,branch+demand,high,power_flow;contingency;n1_security;grid_query_topology,E9,contingency,True,True,True,
IEEE14_SCN_000521,E1,E3_LLM_Tools,API,True,True,True,"{'H-NUM': False, 'H-TOP': False, 'H-EQP': False, 'H-PHY': False, 'H-TOOL': False, 'H-ACT': False}",SUCCESS,0.9384036064147948,1.0,True,"```json
{""event_class"":""E1"",""confidence"":1.0,""tool"":""power_flow"",""reason"":""The injected event specifies a 20% demand increase across load buses 9, 10, and 14, corresponding to a positive load surge.""}
```",E1,none,demand,high,n1_security;grid_query_topology,E1,power_flow,True,True,False,
IEEE14_SCN_000636,E2,E3_LLM_Tools,API,True,True,True,"{'H-NUM': False, 'H-TOP': False, 'H-EQP': False, 'H-PHY': False, 'H-TOOL': False, 'H-ACT': False}",SUCCESS,0.9755029678344728,0.5,True,"```json
{""event_class"":""E2"",""confidence"":1.0,""tool"":""power_flow"",""reason"":""The scenario injects a 10% demand decrease at load_bus_4, which corresponds to a negative load surge (Load Drop).""}}
```",E2,none,demand,high,n1_security;grid_query_topology,E2,power_flow,True,True,False,
IEEE14_SCN_000073,E0,E3_LLM_Tools,API,True,True,True,"{'H-NUM': False, 'H-TOP': False, 'H-EQP': False, 'H-PHY': False, 'H-TOOL': False, 'H-ACT': False}",SUCCESS,0.8573296070098877,1.0,True,"```json
{""event_class"": ""E0"", ""confidence"": 1.0, ""tool"": ""power_flow"", ""reason"": ""The injected description confirms no disturbance was injected and there are no limit violations.""}
```",E0,none,none,high,n1_security;grid_query_topology,E0,power_flow,True,True,False,
IEEE14_SCN_002471,E9,E3_LLM_Tools,API,True,True,True,"{'H-NUM': False, 'H-TOP': False, 'H-EQP': False, 'H-PHY': False, 'H-TOOL': False, 'H-ACT': False}",SUCCESS,1.055619478225708,1.0,True,"```json
{""event_class"":""E9"",""confidence"":1.0,""tool"":""grid_query"",""reason"":""The scenario clearly states a compound mechanism involving a transmission line outage (line_1_5) combined with a 20% demand increase across multiple load buses.""}
```",E9,overload,branch+demand,high,power_flow;state_estimation;contingency;n1_security;opf;grid_query_topology;grid_query_limits,E9,grid_query,True,True,False,
IEEE14_SCN_001595,E5,E3_LLM_Tools,API,True,True,True,"{'H-NUM': False, 'H-TOP': False, 'H-EQP': False, 'H-PHY': False, 'H-TOOL': False, 'H-ACT': False}",SUCCESS,1.0645461082458496,1.0,True,"```json
{""event_class"":""E5"",""confidence"":1.0,""tool"":""power_flow"",""reason"":""Injected event description confirms a small up-ramp of availability points at wind generator sgen_WIND6.""}
```",E5,none,renewable,high,n1_security;grid_query_topology,E5,power_flow,True,True,False,
IEEE14_SCN_001803,E3,E3_LLM_Tools,API,True,True,True,"{'H-NUM': False, 'H-TOP': False, 'H-EQP': False, 'H-PHY': False, 'H-TOOL': False, 'H-ACT': False}",SUCCESS,1.0823099613189695,1.0,True,"```json
{""event_class"":""E3"",""confidence"":1.0,""tool"":""contingency"",""reason"":""The injected mechanism explicitly specifies a single transmission line outage (line_6_13), which classifies as an E3 event.""}
```",E3,undervoltage,branch,high,power_flow;state_estimation;contingency;n1_security;grid_query_topology;grid_query_limits,E3,contingency,True,True,True,
IEEE14_SCN_000370,E1,E3_LLM_Tools,API,True,True,True,"{'H-NUM': False, 'H-TOP': False, 'H-EQP': False, 'H-PHY': False, 'H-TOOL': False, 'H-ACT': False}",SUCCESS,1.065720796585083,1.0,True,"```json
{""event_class"": ""E1"", ""confidence"": 1.0, ""tool"": ""power_flow"", ""reason"": ""The scenario describes a 10% demand increase at load_bus_14, which corresponds to a positive load surge classified as E1.""}
```",E1,none,demand,high,n1_security;grid_query_topology,E1,power_flow,True,True,False,
IEEE14_SCN_000326,E1,E3_LLM_Tools,API,True,True,True,"{'H-NUM': False, 'H-TOP': False, 'H-EQP': False, 'H-PHY': False, 'H-TOOL': False, 'H-ACT': False}",SUCCESS,0.9410617351531982,1.0,True,"```json
{""event_class"":""E1"",""confidence"":1.0,""tool"":""power_flow"",""reason"":""The scenario exhibits a 20 percent demand increase across 11 load buses, which corresponds to a positive load surge.""}
```",E1,none,demand,high,n1_security;grid_query_topology,E1,power_flow,True,True,False,
IEEE14_SCN_000512,E1,E3_LLM_Tools,API,True,True,True,"{'H-NUM': False, 'H-TOP': False, 'H-EQP': False, 'H-PHY': False, 'H-TOOL': False, 'H-ACT': False}",SUCCESS,0.8841001987457275,1.0,True,"```json
{""event_class"":""E1"",""confidence"":1.0,""tool"":""power_flow"",""reason"":""The injected mechanism specifies a 10% demand increase (positive magnitude) at load_bus_5, corresponding to a load surge.""}
```",E1,none,demand,high,n1_security;grid_query_topology,E1,power_flow,True,True,False,
IEEE14_SCN_001954,E4,E3_LLM_Tools,API,True,True,True,"{'H-NUM': False, 'H-TOP': False, 'H-EQP': False, 'H-PHY': False, 'H-TOOL': False, 'H-ACT': False}",SUCCESS,0.951603889465332,1.0,True,"```json
{""event_class"": ""E4"", ""confidence"": 1.0, ""tool"": ""contingency"", ""reason"": ""The injected mechanism explicitly specifies the outage of generator gen_G6, which corresponds to class E4 (Generator Outage).""}
```",E4,undervoltage,generator,high,power_flow;state_estimation;contingency;n1_security;grid_query_topology;grid_query_limits,E4,contingency,True,True,True,
IEEE14_SCN_001828,E3,E3_LLM_Tools,API,True,True,True,"{'H-NUM': False, 'H-TOP': False, 'H-EQP': False, 'H-PHY': False, 'H-TOOL': False, 'H-ACT': False}",SUCCESS,1.173759698867798,1.0,True,"```json
{""event_class"": ""E3"", ""confidence"": 1.0, ""tool"": ""contingency"", ""reason"": ""The injected mechanism explicitly specifies a single transmission line outage of line_6_13.""}
```",E3,undervoltage,branch,high,power_flow;state_estimation;contingency;n1_security;grid_query_topology;grid_query_limits,E3,contingency,True,True,True,
IEEE14_SCN_002781,E9,E3_LLM_Tools,API,True,True,True,"{'H-NUM': False, 'H-TOP': False, 'H-EQP': False, 'H-PHY': False, 'H-TOOL': False, 'H-ACT': False}",SUCCESS,1.0579912662506104,1.0,True,"```json
{""event_class"":""E9"",""confidence"":1.0,""tool"":""power_flow"",""reason"":""The injected description explicitly specifies a compound event involving a generator outage at gen_G2 combined with a large down-ramp of availability at sgen_PV14 and sgen_WIND6.""}
```",E9,none,branch+demand,high,power_flow;contingency;n1_security;grid_query_topology,E9,power_flow,True,True,True,
IEEE14_SCN_000870,E2,E3_LLM_Tools,API,True,True,True,"{'H-NUM': False, 'H-TOP': False, 'H-EQP': False, 'H-PHY': False, 'H-TOOL': False, 'H-ACT': False}",SUCCESS,1.1072916984558103,1.0,True,"```json
{""event_class"":""E2"",""confidence"":1.0,""tool"":""power_flow"",""reason"":""The injected event description specifies a 20% demand decrease at load_bus_6, which corresponds to a negative load surge (Load Drop).""}
```",E2,none,demand,high,n1_security;grid_query_topology,E2,power_flow,True,True,False,
IEEE14_SCN_001725,E5,E3_LLM_Tools,API,True,True,True,"{'H-NUM': False, 'H-TOP': False, 'H-EQP': False, 'H-PHY': False, 'H-TOOL': False, 'H-ACT': False}",SUCCESS,1.0875310897827148,1.0,True,"```json
{""event_class"":""E5"",""confidence"":1.0,""tool"":""power_flow"",""reason"":""Injected mechanism specifies a renewable ramp of 10 availability points at sgen_PV14.""}
```",E5,none,renewable,high,n1_security;grid_query_topology,E5,power_flow,True,True,False,
IEEE14_SCN_000928,E3,E3_LLM_Tools,API,True,True,True,"{'H-NUM': False, 'H-TOP': False, 'H-EQP': False, 'H-PHY': False, 'H-TOOL': False, 'H-ACT': False}",SUCCESS,0.8923029899597168,1.0,True,"```json
{""event_class"": ""E3"", ""confidence"": 1.0, ""tool"": ""contingency"", ""reason"": ""The scenario describes a single transmission line outage targeting line_6_12, which directly maps to class E3.""}
```",E3,none,branch,high,power_flow;contingency;n1_security;grid_query_topology,E3,contingency,True,True,True,
IEEE14_SCN_002027,E3,E3_LLM_Tools,API,True,True,True,"{'H-NUM': False, 'H-TOP': False, 'H-EQP': False, 'H-PHY': False, 'H-TOOL': False, 'H-ACT': False}",SUCCESS,0.977858543395996,1.0,True,"```json
{
  ""event_class"": ""E3"",
  ""confidence"": 1.0,
  ""tool"": ""contingency"",
  ""reason"": ""The injected mechanism explicitly specifies a single line outage of line_6_13, which corresponds to class E3.""
}
```",E3,undervoltage,branch,high,power_flow;state_estimation;contingency;n1_security;grid_query_topology;grid_query_limits,E3,contingency,True,True,True,
IEEE14_SCN_001638,E5,E3_LLM_Tools,API,True,True,True,"{'H-NUM': False, 'H-TOP': False, 'H-EQP': False, 'H-PHY': False, 'H-TOOL': False, 'H-ACT': False}",SUCCESS,1.1464922428131104,1.0,True,"```json
{
  ""event_class"": ""E5"",
  ""confidence"": 1.0,
  ""tool"": ""power_flow"",
  ""reason"": ""The injected mechanism is a medium down-ramp of availability at solar PV14, which falls strictly under the renewable ramp event class.""
}
```",E5,none,renewable,high,n1_security;grid_query_topology,E5,power_flow,True,True,False,
IEEE14_SCN_000679,E2,E3_LLM_Tools,API,True,True,True,"{'H-NUM': False, 'H-TOP': False, 'H-EQP': False, 'H-PHY': False, 'H-TOOL': False, 'H-ACT': False}",SUCCESS,1.0776734352111816,1.0,True,"```json
{""event_class"": ""E2"", ""confidence"": 1.0, ""tool"": ""power_flow"", ""reason"": ""A 30% demand decrease at load_bus_5 corresponds to a negative load surge (load drop).""}
```",E2,none,demand,high,n1_security;grid_query_topology,E2,power_flow,True,True,False,
IEEE14_SCN_002895,E9,E3_LLM_Tools,API,True,True,True,"{'H-NUM': False, 'H-TOP': False, 'H-EQP': False, 'H-PHY': False, 'H-TOOL': False, 'H-ACT': False}",SUCCESS,1.1154401302337646,1.0,True,"```json
{""event_class"":""E9"",""confidence"":1.0,""tool"":""power_flow"",""reason"":""The scenario explicitly injects a compound event consisting of a transmission line outage combined with a load surge across multiple buses.""}
```",E9,none,branch+demand,high,power_flow;contingency;n1_security;grid_query_topology,E9,power_flow,True,True,True,
IEEE14_SCN_000738,E2,E3_LLM_Tools,API,True,True,True,"{'H-NUM': False, 'H-TOP': False, 'H-EQP': False, 'H-PHY': False, 'H-TOOL': False, 'H-ACT': False}",SUCCESS,1.1104261875152588,1.0,True,"```json
{""event_class"":""E2"",""confidence"":1.0,""tool"":""power_flow"",""reason"":""The injected mechanism is a 30% demand decrease at load_bus_14, which corresponds to a load drop event (E2).""}
```",E2,none,demand,high,n1_security;grid_query_topology,E2,power_flow,True,True,False,
IEEE14_SCN_001211,E4,E3_LLM_Tools,API,True,True,True,"{'H-NUM': False, 'H-TOP': False, 'H-EQP': False, 'H-PHY': False, 'H-TOOL': False, 'H-ACT': False}",SUCCESS,1.0294346809387207,1.0,True,"```json
{""event_class"":""E4"",""confidence"":1.0,""tool"":""contingency"",""reason"":""The injected mechanism explicitly states an outage of single generator gen_G8, which corresponds to class E4.""}
```",E4,none,generator,high,power_flow;contingency;n1_security;grid_query_topology,E4,contingency,True,True,True,
IEEE14_SCN_001744,E5,E3_LLM_Tools,API,True,True,True,"{'H-NUM': False, 'H-TOP': False, 'H-EQP': False, 'H-PHY': False, 'H-TOOL': False, 'H-ACT': False}",SUCCESS,0.9764854907989502,1.0,True,"```json
{""event_class"": ""E5"", ""confidence"": 1.0, ""tool"": ""power_flow"", ""reason"": ""The injected event is a medium up-ramp of 30 availability points at the photovoltaic resource sgen_PV14, which directly corresponds to a renewable ramp.""}
```",E5,none,renewable,high,n1_security;grid_query_topology,E5,power_flow,True,True,False,
IEEE14_SCN_000352,E1,E3_LLM_Tools,API,True,True,True,"{'H-NUM': False, 'H-TOP': False, 'H-EQP': False, 'H-PHY': False, 'H-TOOL': False, 'H-ACT': False}",SUCCESS,1.115198850631714,1.0,True,"```json
{""event_class"":""E1"",""confidence"":1.0,""tool"":""power_flow"",""reason"":""The scenario describes a 30% demand increase at load_bus_5, which corresponds to a positive load surge (E1).""}
```",E1,none,demand,high,n1_security;grid_query_topology,E1,power_flow,True,True,False,
IEEE14_SCN_000392,E1,E3_LLM_Tools,API,True,True,True,"{'H-NUM': False, 'H-TOP': False, 'H-EQP': False, 'H-PHY': False, 'H-TOOL': False, 'H-ACT': False}",SUCCESS,1.129926681518555,1.0,True,"```json
{
  ""event_class"": ""E1"",
  ""confidence"": 1.0,
  ""tool"": ""power_flow"",
  ""reason"": ""The injected mechanism explicitly specifies a 20% demand increase at load_bus_11, which corresponds to a positive load surge.""
}
```",E1,none,demand,high,n1_security;grid_query_topology,E1,power_flow,True,True,False,
IEEE14_SCN_002536,E9,E3_LLM_Tools,API,True,True,True,"{'H-NUM': False, 'H-TOP': False, 'H-EQP': False, 'H-PHY': False, 'H-TOOL': False, 'H-ACT': False}",SUCCESS,1.1728193759918213,0.99,True,"```json
{""event_class"": ""E9"", ""confidence"": 0.99, ""tool"": ""grid_query"", ""reason"": ""The scenario description explicitly states a compound event involving a transmission line outage combined with a load surge across multiple buses.""}
```",E9,undervoltage+overload,branch+demand,high,power_flow;state_estimation;contingency;n1_security;opf;grid_query_topology;grid_query_limits,E9,grid_query,True,False,False,
IEEE14_SCN_001757,E5,E3_LLM_Tools,API,True,True,True,"{'H-NUM': False, 'H-TOP': False, 'H-EQP': False, 'H-PHY': False, 'H-TOOL': False, 'H-ACT': False}",SUCCESS,1.169102907180786,1.0,True,"```json
{
  ""event_class"": ""E5"",
  ""confidence"": 1.0,
  ""tool"": ""power_flow"",
  ""reason"": ""The injected mechanism explicitly describes a large down-ramp of availability at renewable resources sgen_PV14 and sgen_WIND6.""
}
```",E5,none,renewable,high,n1_security;grid_query_topology,E5,power_flow,True,True,False,
IEEE14_SCN_001535,E5,E3_LLM_Tools,API,True,True,True,"{'H-NUM': False, 'H-TOP': False, 'H-EQP': False, 'H-PHY': False, 'H-TOOL': False, 'H-ACT': False}",SUCCESS,1.126136064529419,1.0,True,"```json
{""event_class"":""E5"",""confidence"":1.0,""tool"":""power_flow"",""reason"":""Injected mechanism describes a medium up-ramp of availability points at photovoltaic generator sgen_PV14.""}
```",E5,none,renewable,high,n1_security;grid_query_topology,E5,power_flow,True,True,False,
IEEE14_SCN_002826,E9,E3_LLM_Tools,API,True,True,True,"{'H-NUM': False, 'H-TOP': False, 'H-EQP': False, 'H-PHY': False, 'H-TOOL': False, 'H-ACT': False}",SUCCESS,1.0937018394470217,1.0,True,"```json
{""event_class"":""E9"",""confidence"":1.0,""tool"":""power_flow"",""reason"":""The injected description explicitly combines a transmission line outage and a 20% demand increase across multiple load buses, constituting a compound event.""}
```",E9,undervoltage,branch+demand,high,power_flow;state_estimation;contingency;n1_security;grid_query_topology;grid_query_limits,E9,power_flow,True,True,True,
IEEE14_SCN_001769,E5,E3_LLM_Tools,API,True,True,True,"{'H-NUM': False, 'H-TOP': False, 'H-EQP': False, 'H-PHY': False, 'H-TOOL': False, 'H-ACT': False}",SUCCESS,1.1187753677368164,1.0,True,"{""event_class"": ""E5"", ""confidence"": 1.0, ""tool"": ""power_flow"", ""reason"": ""The injected event is a large down-ramp of 60 availability points at renewable resource sgen_PV14, which correctly maps to an E5 Renewable Ramp.""}",E5,none,renewable,high,n1_security;grid_query_topology,E5,power_flow,True,True,False,
IEEE14_SCN_002430,E9,E3_LLM_Tools,API,True,True,True,"{'H-NUM': False, 'H-TOP': False, 'H-EQP': False, 'H-PHY': False, 'H-TOOL': False, 'H-ACT': False}",SUCCESS,1.0918874740600586,1.0,True,"```json
{""event_class"":""E9"",""confidence"":1.0,""tool"":""grid_query"",""reason"":""The scenario clearly states a compound event involving a line outage (line_1_5) combined with a 20% demand increase across multiple load buses.""}
```",E9,overload,branch+demand,high,power_flow;state_estimation;contingency;n1_security;opf;grid_query_topology;grid_query_limits,E9,grid_query,True,True,False,
IEEE14_SCN_002500,E9,E3_LLM_Tools,API,True,True,True,"{'H-NUM': False, 'H-TOP': False, 'H-EQP': False, 'H-PHY': False, 'H-TOOL': False, 'H-ACT': False}",SUCCESS,1.0359091758728027,1.0,True,"```json
{""event_class"": ""E9"", ""confidence"": 1.0, ""tool"": ""contingency"", ""reason"": ""The scenario description explicitly details a compound event involving a transmission line outage combined with a load surge across multiple components.""}
```",E9,undervoltage+overload,branch+demand,high,power_flow;state_estimation;contingency;n1_security;opf;grid_query_topology;grid_query_limits,E9,contingency,True,False,True,
IEEE14_SCN_001355,E4,E3_LLM_Tools,API,True,True,True,"{'H-NUM': False, 'H-TOP': False, 'H-EQP': False, 'H-PHY': False, 'H-TOOL': False, 'H-ACT': False}",SUCCESS,1.1346991062164309,1.0,True,"```json
{
  ""event_class"": ""E4"",
  ""confidence"": 1.0,
  ""tool"": ""contingency"",
  ""reason"": ""The injected mechanism is explicitly defined as a single generator outage of gen_G6, which maps directly to class E4.""
}
```",E4,none,generator,high,power_flow;contingency;n1_security;grid_query_topology,E4,contingency,True,True,True,
IEEE14_SCN_002926,E9,E3_LLM_Tools,API,True,True,True,"{'H-NUM': False, 'H-TOP': False, 'H-EQP': False, 'H-PHY': False, 'H-TOOL': False, 'H-ACT': False}",SUCCESS,1.0704562664031982,1.0,True,"```json
{""event_class"":""E9"",""confidence"":1.0,""tool"":""power_flow"",""reason"":""The injected description explicitly combines a transmission line outage (line_3_4) and a 20% demand increase across multiple load buses, classifying this as a compound event (E9).""}
```",E9,none,branch+demand,high,power_flow;contingency;n1_security;grid_query_topology,E9,power_flow,True,True,True,
IEEE14_SCN_001686,E5,E3_LLM_Tools,API,True,True,True,"{'H-NUM': False, 'H-TOP': False, 'H-EQP': False, 'H-PHY': False, 'H-TOOL': False, 'H-ACT': False}",SUCCESS,1.127274751663208,1.0,True,"```json
{""event_class"":""E5"",""confidence"":1.0,""tool"":""power_flow"",""reason"":""Injected mechanism describes a small up-ramp of availability at solar resource sgen_PV14.""}
```",E5,none,renewable,high,n1_security;grid_query_topology,E5,power_flow,True,True,False,
IEEE14_SCN_002226,E7,E3_LLM_Tools,API,True,True,True,"{'H-NUM': False, 'H-TOP': False, 'H-EQP': False, 'H-PHY': False, 'H-TOOL': False, 'H-ACT': False}",SUCCESS,1.2336277961730957,0.95,True,"```json
{
  ""event_class"": ""E7"",
  ""confidence"": 0.95,
  ""tool"": ""grid_query"",
  ""reason"": ""The post-event state exhibits voltage violations exceeding 1.05 p.u. (peak 1.0800 p.u.) driven by excitation setpoint shifts across multiple generators, matching the overvoltage class E7.""
}
```",E7,overvoltage,none,high,power_flow;state_estimation;n1_security;grid_query_topology;grid_query_limits,E7,grid_query,True,True,False,
IEEE14_SCN_002332,E7,E3_LLM_Tools,API,True,True,True,"{'H-NUM': False, 'H-TOP': False, 'H-EQP': False, 'H-PHY': False, 'H-TOOL': False, 'H-ACT': False}",SUCCESS,1.1068191528320312,0.99,True,"```json
{""event_class"":""E7"",""confidence"":0.99,""tool"":""grid_query"",""reason"":""The injected event is an AVR setpoint shift raising excitation across multiple generators, directly causing bus overvoltage exceeding 1.05 p.u.""}
```",E7,overvoltage,none,high,power_flow;state_estimation;n1_security;grid_query_topology;grid_query_limits,E7,grid_query,True,True,False,
IEEE14_SCN_000529,E1,E3_LLM_Tools,API,True,True,True,"{'H-NUM': False, 'H-TOP': False, 'H-EQP': False, 'H-PHY': False, 'H-TOOL': False, 'H-ACT': False}",SUCCESS,1.0802786350250244,1.0,True,"```json
{""event_class"": ""E1"", ""confidence"": 1.0, ""tool"": ""power_flow"", ""reason"": ""A positive 20% demand increase was injected at load_bus_13, which corresponds to class E1 (Load Surge).""}
```",E1,none,demand,high,n1_security;grid_query_topology,E1,power_flow,True,True,False,
IEEE14_SCN_002533,E9,E3_LLM_Tools,API,True,True,True,"{'H-NUM': False, 'H-TOP': False, 'H-EQP': False, 'H-PHY': False, 'H-TOOL': False, 'H-ACT': False}",SUCCESS,1.3386404514312744,1.0,True,"```json
{
  ""event_class"": ""E9"",
  ""confidence"": 1.0,
  ""tool"": ""grid_query"",
  ""reason"": ""The injected description explicitly indicates a compound event consisting of a transmission line outage combined with a load surge.""
}
```",E9,undervoltage+overload,branch+demand,high,power_flow;state_estimation;contingency;n1_security;opf;grid_query_topology;grid_query_limits,E9,grid_query,True,False,False,
IEEE14_SCN_000405,E1,E3_LLM_Tools,API,True,True,True,"{'H-NUM': False, 'H-TOP': False, 'H-EQP': False, 'H-PHY': False, 'H-TOOL': False, 'H-ACT': False}",SUCCESS,1.198307752609253,0.99,True,"```json
{""event_class"": ""E1"", ""confidence"": 0.99, ""tool"": ""power_flow"", ""reason"": ""The injected event is a 40% demand increase (load surge) distributed across multiple load buses.""}
```",E1,none,demand,high,n1_security;grid_query_topology,E1,power_flow,True,True,False,
IEEE14_SCN_000967,E3,E3_LLM_Tools,API,True,True,True,"{'H-NUM': False, 'H-TOP': False, 'H-EQP': False, 'H-PHY': False, 'H-TOOL': False, 'H-ACT': False}",SUCCESS,0.9257967472076416,1.0,True,"```json
{
  ""event_class"": ""E3"",
  ""confidence"": 1.0,
  ""tool"": ""contingency"",
  ""reason"": ""The injected mechanism explicitly specifies a single line outage of line_13_14, which corresponds to class E3.""
}
```",E3,none,branch,high,power_flow;contingency;n1_security;grid_query_topology,E3,contingency,True,True,True,
IEEE14_SCN_002153,E7,E3_LLM_Tools,API,True,True,True,"{'H-NUM': False, 'H-TOP': False, 'H-EQP': False, 'H-PHY': False, 'H-TOOL': False, 'H-ACT': False}",SUCCESS,1.0881423950195312,1.0,True,"```json
{""event_class"":""E7"",""confidence"":1.0,""tool"":""grid_query"",""reason"":""The post-event state exhibits an overvoltage violation with peak voltage reaching 1.0800 p.u. (V > 1.05) caused by excitation setpoint increases.""}
```",E7,overvoltage,none,high,power_flow;state_estimation;n1_security;grid_query_topology;grid_query_limits,E7,grid_query,True,True,False,
IEEE14_SCN_000199,E0,E3_LLM_Tools,API,True,True,True,"{'H-NUM': False, 'H-TOP': False, 'H-EQP': False, 'H-PHY': False, 'H-TOOL': False, 'H-ACT': False}",SUCCESS,1.2444100379943848,1.0,True,"```json
{
  ""event_class"": ""E0"",
  ""confidence"": 1.0,
  ""tool"": ""power_flow"",
  ""reason"": ""The scenario description explicitly states no disturbance was injected and the effect lists zero limit violations.""
}
```",E0,none,none,high,n1_security;grid_query_topology,E0,power_flow,True,True,False,
IEEE14_SCN_001428,E4,E3_LLM_Tools,API,True,True,True,"{'H-NUM': False, 'H-TOP': False, 'H-EQP': False, 'H-PHY': False, 'H-TOOL': False, 'H-ACT': False}",SUCCESS,1.0550711154937744,1.0,True,"```json
{""event_class"":""E4"",""confidence"":1.0,""tool"":""contingency"",""reason"":""The injected mechanism explicitly states an outage of generator G2, which corresponds to class E4 (Generator Outage).""}
```",E4,none,generator,high,power_flow;contingency;n1_security;grid_query_topology,E4,contingency,True,True,True,
IEEE14_SCN_000337,E1,E3_LLM_Tools,API,True,True,True,"{'H-NUM': False, 'H-TOP': False, 'H-EQP': False, 'H-PHY': False, 'H-TOOL': False, 'H-ACT': False}",SUCCESS,1.0817782878875732,1.0,True,"```json
{
  ""event_class"": ""E1"",
  ""confidence"": 1.0,
  ""tool"": ""power_flow"",
  ""reason"": ""A 40% demand increase was injected across multiple load buses, corresponding to a positive load surge.""
}
```",E1,none,demand,high,n1_security;grid_query_topology,E1,power_flow,True,True,False,
IEEE14_SCN_002846,E9,E3_LLM_Tools,API,True,True,True,"{'H-NUM': False, 'H-TOP': False, 'H-EQP': False, 'H-PHY': False, 'H-TOOL': False, 'H-ACT': False}",SUCCESS,1.1019246578216553,1.0,True,"```json
{""event_class"":""E9"",""confidence"":1.0,""tool"":""power_flow"",""reason"":""The scenario explicitly describes a compound event combining a transmission line outage (line_3_4) and a simultaneous load surge (+15% demand) across multiple buses.""}
```",E9,none,branch+demand,high,power_flow;contingency;n1_security;grid_query_topology,E9,power_flow,True,True,True,
IEEE14_SCN_001338,E4,E3_LLM_Tools,API,True,True,True,"{'H-NUM': False, 'H-TOP': False, 'H-EQP': False, 'H-PHY': False, 'H-TOOL': False, 'H-ACT': False}",SUCCESS,1.1194441318511963,1.0,True,"```json
{
  ""event_class"": ""E4"",
  ""confidence"": 1.0,
  ""tool"": ""contingency"",
  ""reason"": ""The injected mechanism explicitly specifies a single generator outage of gen_G2, which maps directly to class E4.""
}
```",E4,none,generator,high,power_flow;contingency;n1_security;grid_query_topology,E4,contingency,True,True,True,
IEEE14_SCN_002166,E7,E3_LLM_Tools,API,True,True,True,"{'H-NUM': False, 'H-TOP': False, 'H-EQP': False, 'H-PHY': False, 'H-TOOL': False, 'H-ACT': False}",SUCCESS,1.0845987796783447,1.0,True,"```json
{""event_class"":""E7"",""confidence"":1.0,""tool"":""grid_query"",""reason"":""Excitation setpoints raised across multiple generators lead to bus overvoltage conditions exceeding 1.05 p.u.""}
```",E7,overvoltage,none,high,power_flow;state_estimation;n1_security;grid_query_topology;grid_query_limits,E7,grid_query,True,True,False,
IEEE14_SCN_002390,E7,E3_LLM_Tools,API,True,True,True,"{'H-NUM': False, 'H-TOP': False, 'H-EQP': False, 'H-PHY': False, 'H-TOOL': False, 'H-ACT': False}",SUCCESS,0.91868257522583,1.0,True,"```json
{""event_class"":""E7"",""confidence"":1.0,""tool"":""grid_query"",""reason"":""Excitation setpoints were raised across multiple generators, resulting in a post-event bus voltage violation exceeding 1.05 p.u.""}
```",E7,overvoltage,none,high,power_flow;state_estimation;n1_security;grid_query_topology;grid_query_limits,E7,grid_query,True,True,False,
IEEE14_SCN_000539,E1,E3_LLM_Tools,API,True,True,True,"{'H-NUM': False, 'H-TOP': False, 'H-EQP': False, 'H-PHY': False, 'H-TOOL': False, 'H-ACT': False}",SUCCESS,0.916461706161499,1.0,True,"```json
{""event_class"": ""E1"", ""confidence"": 1.0, ""tool"": ""power_flow"", ""reason"": ""A 10 percent demand increase at load_bus_13 represents a positive load surge classified as E1.""}
```",E1,none,demand,high,n1_security;grid_query_topology,E1,power_flow,True,True,False,
IEEE14_SCN_001001,E3,E3_LLM_Tools,API,True,True,True,"{'H-NUM': False, 'H-TOP': False, 'H-EQP': False, 'H-PHY': False, 'H-TOOL': False, 'H-ACT': False}",SUCCESS,0.9582555294036864,1.0,True,"```json
{""event_class"":""E3"",""confidence"":1.0,""tool"":""contingency"",""reason"":""The injected mechanism explicitly states a single-branch line outage of line_1_2, which corresponds to class E3.""}
```",E3,none,branch,high,power_flow;contingency;n1_security;grid_query_topology,E3,contingency,True,True,True,
IEEE14_SCN_000095,E0,E3_LLM_Tools,API,True,True,True,"{'H-NUM': False, 'H-TOP': False, 'H-EQP': False, 'H-PHY': False, 'H-TOOL': False, 'H-ACT': False}",SUCCESS,0.9315922260284424,1.0,True,"```json
{""event_class"": ""E0"", ""confidence"": 1.0, ""tool"": ""power_flow"", ""reason"": ""The injected description confirms no disturbance was injected and there are no limit violations.""}
```",E0,none,none,high,n1_security;grid_query_topology,E0,power_flow,True,True,False,
IEEE14_SCN_002888,E9,E3_LLM_Tools,API,True,True,True,"{'H-NUM': False, 'H-TOP': False, 'H-EQP': False, 'H-PHY': False, 'H-TOOL': False, 'H-ACT': False}",SUCCESS,1.124434471130371,0.99,True,"```json
{""event_class"":""E9"",""confidence"":0.99,""tool"":""power_flow"",""reason"":""The injected description explicitly specifies a compound event consisting of a transmission line outage (line_2_4) and a 20% demand increase across multiple load buses.""}
```",E9,none,branch+demand,high,power_flow;contingency;n1_security;grid_query_topology,E9,power_flow,True,True,True,
IEEE14_SCN_001817,E3,E3_LLM_Tools,API,True,True,True,"{'H-NUM': False, 'H-TOP': False, 'H-EQP': False, 'H-PHY': False, 'H-TOOL': False, 'H-ACT': False}",SUCCESS,0.9747686386108398,1.0,True,"```json
{""event_class"": ""E3"", ""confidence"": 1.0, ""tool"": ""contingency"", ""reason"": ""The injected mechanism explicitly specifies a single transmission line outage on line_6_13.""}
```",E3,undervoltage,branch,high,power_flow;state_estimation;contingency;n1_security;grid_query_topology;grid_query_limits,E3,contingency,True,True,True,
IEEE14_SCN_002540,E9,E3_LLM_Tools,API,True,True,True,"{'H-NUM': False, 'H-TOP': False, 'H-EQP': False, 'H-PHY': False, 'H-TOOL': False, 'H-ACT': False}",SUCCESS,1.224697828292847,1.0,True,"```json
{""event_class"": ""E9"", ""confidence"": 1.0, ""tool"": ""power_flow"", ""reason"": ""The injected description and mechanism explicitly combine a transmission-line outage (line_1_5) and a 20% demand increase across multiple load buses, constituting a compound event.""}
```",E9,overload,branch+demand,high,power_flow;state_estimation;contingency;n1_security;opf;grid_query_topology;grid_query_limits,E9,power_flow,True,True,True,
IEEE14_SCN_002952,E9,E3_LLM_Tools,API,True,True,True,"{'H-NUM': False, 'H-TOP': False, 'H-EQP': False, 'H-PHY': False, 'H-TOOL': False, 'H-ACT': False}",SUCCESS,1.0453441143035889,1.0,True,"```json
{""event_class"":""E9"",""confidence"":1.0,""tool"":""power_flow"",""reason"":""The scenario explicitly states a compound event consisting of a transmission line outage and a demand increase.""}
```",E9,none,branch+demand,high,power_flow;contingency;n1_security;grid_query_topology,E9,power_flow,True,True,True,
IEEE14_SCN_001116,E3,E3_LLM_Tools,API,True,True,True,"{'H-NUM': False, 'H-TOP': False, 'H-EQP': False, 'H-PHY': False, 'H-TOOL': False, 'H-ACT': False}",SUCCESS,1.2766573429107666,1.0,True,"```json
{""event_class"":""E3"",""confidence"":1.0,""tool"":""contingency"",""reason"":""The injected mechanism explicitly states an outage of a single transmission line (line_2_5), which corresponds to class E3.""}
```",E3,none,branch,high,power_flow;contingency;n1_security;grid_query_topology,E3,contingency,True,True,True,
IEEE14_SCN_000995,E3,E3_LLM_Tools,API,True,True,True,"{'H-NUM': False, 'H-TOP': False, 'H-EQP': False, 'H-PHY': False, 'H-TOOL': False, 'H-ACT': False}",SUCCESS,0.9225656986236572,1.0,True,"```json
{""event_class"":""E3"",""confidence"":1.0,""tool"":""contingency"",""reason"":""The scenario clearly specifies a single line outage on line_2_3, which directly corresponds to class E3.""}
```",E3,none,branch,high,power_flow;contingency;n1_security;grid_query_topology,E3,contingency,True,True,True,
IEEE14_SCN_000822,E2,E3_LLM_Tools,API,True,True,True,"{'H-NUM': False, 'H-TOP': False, 'H-EQP': False, 'H-PHY': False, 'H-TOOL': False, 'H-ACT': False}",SUCCESS,1.1727871894836426,1.0,True,"```json
{""event_class"": ""E2"", ""confidence"": 1.0, ""tool"": ""power_flow"", ""reason"": ""The injected event is a 10% demand decrease (load drop) at load_bus_10, which corresponds to class E2.""}
```",E2,none,demand,high,n1_security;grid_query_topology,E2,power_flow,True,True,False,
IEEE14_SCN_000054,E0,E3_LLM_Tools,API,True,True,True,"{'H-NUM': False, 'H-TOP': False, 'H-EQP': False, 'H-PHY': False, 'H-TOOL': False, 'H-ACT': False}",SUCCESS,1.0425398349761963,0.99,True,"```json
{""event_class"": ""E0"", ""confidence"": 0.99, ""tool"": ""power_flow"", ""reason"": ""The scenario description states 'no disturbance injected' and post-event statistics confirm no limit violations.""}
```",E0,none,none,high,n1_security;grid_query_topology,E0,power_flow,True,True,False,
IEEE14_SCN_000407,E1,E3_LLM_Tools,API,True,True,True,"{'H-NUM': False, 'H-TOP': False, 'H-EQP': False, 'H-PHY': False, 'H-TOOL': False, 'H-ACT': False}",SUCCESS,0.9579534530639648,0.99,True,"```json
{
  ""event_class"": ""E1"",
  ""confidence"": 0.99,
  ""tool"": ""power_flow"",
  ""reason"": ""The scenario description specifies a 30% demand increase across four load buses, corresponding to a positive load surge.""
}
```",E1,none,demand,high,n1_security;grid_query_topology,E1,power_flow,True,True,False,
IEEE14_SCN_002404,E9,E3_LLM_Tools,API,True,True,True,"{'H-NUM': False, 'H-TOP': False, 'H-EQP': False, 'H-PHY': False, 'H-TOOL': False, 'H-ACT': False}",SUCCESS,1.1880226135253906,0.99,True,"```json
{
  ""event_class"": ""E9"",
  ""confidence"": 0.99,
  ""tool"": ""contingency"",
  ""reason"": ""The scenario injects a transmission line outage combined with a 20% demand increase across multiple load components, which constitutes a compound event.""
}
```",E9,overload,branch+demand,high,power_flow;state_estimation;contingency;n1_security;opf;grid_query_topology;grid_query_limits,E9,contingency,True,True,True,
IEEE14_SCN_002496,E9,E3_LLM_Tools,API,True,True,True,"{'H-NUM': False, 'H-TOP': False, 'H-EQP': False, 'H-PHY': False, 'H-TOOL': False, 'H-ACT': False}",SUCCESS,1.066131830215454,1.0,True,"```json
{""event_class"": ""E9"", ""confidence"": 1.0, ""tool"": ""grid_query"", ""reason"": ""The scenario features a compound event combining a transmission line outage (line_1_2) and a 20% demand increase across multiple load buses.""}
```",E9,undervoltage+overload,branch+demand,high,power_flow;state_estimation;contingency;n1_security;opf;grid_query_topology;grid_query_limits,E9,grid_query,True,False,False,
IEEE14_SCN_001353,E4,E3_LLM_Tools,API,True,True,True,"{'H-NUM': False, 'H-TOP': False, 'H-EQP': False, 'H-PHY': False, 'H-TOOL': False, 'H-ACT': False}",SUCCESS,0.9576196670532228,1.0,True,"```json
{""event_class"":""E4"",""confidence"":1.0,""tool"":""power_flow"",""reason"":""The injected mechanism explicitly states an outage of generator G8, corresponding to class E4.""}
```",E4,none,generator,high,power_flow;contingency;n1_security;grid_query_topology,E4,power_flow,True,True,True,
IEEE14_SCN_002776,E9,E3_LLM_Tools,API,True,True,True,"{'H-NUM': False, 'H-TOP': False, 'H-EQP': False, 'H-PHY': False, 'H-TOOL': False, 'H-ACT': False}",SUCCESS,1.0680227279663086,0.99,True,"```json
{""event_class"": ""E9"", ""confidence"": 0.99, ""tool"": ""contingency"", ""reason"": ""The injected description explicitly combines a transmission line outage with a simultaneous demand increase across multiple load components, classifying it as a compound event (E9).""}
```",E9,none,branch+demand,high,power_flow;contingency;n1_security;grid_query_topology,E9,contingency,True,True,True,
IEEE14_SCN_000755,E2,E3_LLM_Tools,API,True,True,True,"{'H-NUM': False, 'H-TOP': False, 'H-EQP': False, 'H-PHY': False, 'H-TOOL': False, 'H-ACT': False}",SUCCESS,0.9393508434295654,1.0,True,"```json
{""event_class"":""E2"",""confidence"":1.0,""tool"":""power_flow"",""reason"":""The injected description explicitly specifies a 20% demand decrease (load drop) across four load buses.""}
```",E2,none,demand,high,n1_security;grid_query_topology,E2,power_flow,True,True,False,
IEEE14_SCN_002041,E3,E3_LLM_Tools,API,True,True,True,"{'H-NUM': False, 'H-TOP': False, 'H-EQP': False, 'H-PHY': False, 'H-TOOL': False, 'H-ACT': False}",SUCCESS,1.1942815780639648,1.0,True,"```json
{""event_class"": ""E3"", ""confidence"": 1.0, ""tool"": ""contingency"", ""reason"": ""The injected mechanism is a single transmission line outage of line_6_13, which corresponds directly to class E3.""}
```",E3,undervoltage,branch,high,power_flow;state_estimation;contingency;n1_security;grid_query_topology;grid_query_limits,E3,contingency,True,True,True,
IEEE14_SCN_002388,E7,E3_LLM_Tools,API,True,True,True,"{'H-NUM': False, 'H-TOP': False, 'H-EQP': False, 'H-PHY': False, 'H-TOOL': False, 'H-ACT': False}",SUCCESS,1.1144859790802002,0.98,True,"```json
{""event_class"":""E7"",""confidence"":0.98,""tool"":""grid_query"",""reason"":""Excitation setpoints raised across multiple generators result in post-event voltages exceeding 1.05 p.u. (peak 1.08 p.u.), classifying the event as an overvoltage.""}
```",E7,overvoltage,none,high,power_flow;state_estimation;n1_security;grid_query_topology;grid_query_limits,E7,grid_query,True,True,False,
IEEE14_SCN_002566,E9,E3_LLM_Tools,API,True,True,True,"{'H-NUM': False, 'H-TOP': False, 'H-EQP': False, 'H-PHY': False, 'H-TOOL': False, 'H-ACT': False}",SUCCESS,1.081005573272705,1.0,True,"```json
{""event_class"":""E9"",""confidence"":1.0,""tool"":""grid_query"",""reason"":""The injected description explicitly combines a transmission line outage (line_1_2) and a simultaneous load surge (20% demand increase across multiple components).""}
```",E9,undervoltage+overload,branch+demand,high,power_flow;state_estimation;contingency;n1_security;opf;grid_query_topology;grid_query_limits,E9,grid_query,True,False,False,
IEEE14_SCN_002979,E9,E3_LLM_Tools,API,True,True,True,"{'H-NUM': False, 'H-TOP': False, 'H-EQP': False, 'H-PHY': False, 'H-TOOL': False, 'H-ACT': False}",SUCCESS,1.1225697994232178,1.0,True,"```json
{""event_class"":""E9"",""confidence"":1.0,""tool"":""power_flow"",""reason"":""The scenario description explicitly states a compound event combining a transmission line outage and a demand increase.""}
```",E9,none,branch+demand,high,power_flow;contingency;n1_security;grid_query_topology,E9,power_flow,True,True,True,
IEEE14_SCN_002925,E9,E3_LLM_Tools,API,True,True,True,"{'H-NUM': False, 'H-TOP': False, 'H-EQP': False, 'H-PHY': False, 'H-TOOL': False, 'H-ACT': False}",SUCCESS,1.001634120941162,1.0,True,"```json
{""event_class"":""E9"",""confidence"":1.0,""tool"":""power_flow"",""reason"":""The scenario description explicitly states a compound event combining a transmission line outage and a demand increase across multiple buses.""}
```",E9,none,branch+demand,high,power_flow;contingency;n1_security;grid_query_topology,E9,power_flow,True,True,True,
IEEE14_SCN_001467,E4,E3_LLM_Tools,API,True,True,True,"{'H-NUM': False, 'H-TOP': False, 'H-EQP': False, 'H-PHY': False, 'H-TOOL': False, 'H-ACT': False}",SUCCESS,1.177170991897583,1.0,True,"```json
{""event_class"":""E4"",""confidence"":1.0,""tool"":""power_flow"",""reason"":""The injected mechanism is the outage of a single generator (gen_G3), which directly corresponds to a Generator Outage.""}
```",E4,none,generator,high,power_flow;contingency;n1_security;grid_query_topology,E4,power_flow,True,True,True,
IEEE14_SCN_002621,E9,E3_LLM_Tools,API,True,True,True,"{'H-NUM': False, 'H-TOP': False, 'H-EQP': False, 'H-PHY': False, 'H-TOOL': False, 'H-ACT': False}",SUCCESS,0.9009902477264404,1.0,True,"```json
{""event_class"":""E9"",""confidence"":1.0,""tool"":""grid_query"",""reason"":""The injected mechanism explicitly states a compound event combining a transmission line outage (line_1_2) and a load surge (+20% demand increase across 11 components), resulting in a line overload.""}
```",E9,overload,branch+demand,high,power_flow;state_estimation;contingency;n1_security;opf;grid_query_topology;grid_query_limits,E9,grid_query,True,True,False,
IEEE14_SCN_002945,E9,E3_LLM_Tools,API,True,True,True,"{'H-NUM': False, 'H-TOP': False, 'H-EQP': False, 'H-PHY': False, 'H-TOOL': False, 'H-ACT': False}",SUCCESS,0.9152796268463136,1.0,True,"```json
{""event_class"":""E9"",""confidence"":1.0,""tool"":""power_flow"",""reason"":""The scenario clearly states a compound event combining a transmission line outage (line_3_4) and a simultaneous load surge (+15% demand across multiple buses).""}
```",E9,none,branch+demand,high,power_flow;contingency;n1_security;grid_query_topology,E9,power_flow,True,True,True,
IEEE14_SCN_001395,E4,E3_LLM_Tools,API,True,True,True,"{'H-NUM': False, 'H-TOP': False, 'H-EQP': False, 'H-PHY': False, 'H-TOOL': False, 'H-ACT': False}",SUCCESS,1.0392475128173828,1.0,True,"```json
{""event_class"": ""E4"", ""confidence"": 1.0, ""tool"": ""contingency"", ""reason"": ""The injected event is a single generator outage of gen_G8, which directly corresponds to class E4.""}
```",E4,none,generator,high,power_flow;contingency;n1_security;grid_query_topology,E4,contingency,True,True,True,
IEEE14_SCN_001944,E3,E3_LLM_Tools,API,True,True,True,"{'H-NUM': False, 'H-TOP': False, 'H-EQP': False, 'H-PHY': False, 'H-TOOL': False, 'H-ACT': False}",SUCCESS,1.1684696674346924,1.0,True,"```json
{
  ""event_class"": ""E3"",
  ""confidence"": 1.0,
  ""tool"": ""contingency"",
  ""reason"": ""The injected mechanism explicitly specifies a single transmission line outage on line_6_13, which matches the criteria for event class E3.""
}
```",E3,undervoltage,branch,high,power_flow;state_estimation;contingency;n1_security;grid_query_topology;grid_query_limits,E3,contingency,True,True,True,
IEEE14_SCN_001695,E5,E3_LLM_Tools,API,True,True,True,"{'H-NUM': False, 'H-TOP': False, 'H-EQP': False, 'H-PHY': False, 'H-TOOL': False, 'H-ACT': False}",SUCCESS,1.061244249343872,1.0,True,"```json
{""event_class"":""E5"",""confidence"":1.0,""tool"":""power_flow"",""reason"":""Injected event is a medium down-ramp of 30 availability points at renewable generation sources sgen_PV14 and sgen_WIND6.""}
```",E5,none,renewable,high,n1_security;grid_query_topology,E5,power_flow,True,True,False,
IEEE14_SCN_001664,E5,E3_LLM_Tools,API,True,True,True,"{'H-NUM': False, 'H-TOP': False, 'H-EQP': False, 'H-PHY': False, 'H-TOOL': False, 'H-ACT': False}",SUCCESS,1.1252012252807615,1.0,True,"```json
{""event_class"":""E5"",""confidence"":1.0,""tool"":""power_flow"",""reason"":""Injected description confirms a renewable down-ramp of 10 availability points at sgen_WIND6.""}
```",E5,none,renewable,high,n1_security;grid_query_topology,E5,power_flow,True,True,False,
IEEE14_SCN_000993,E3,E3_LLM_Tools,API,True,True,True,"{'H-NUM': False, 'H-TOP': False, 'H-EQP': False, 'H-PHY': False, 'H-TOOL': False, 'H-ACT': False}",SUCCESS,0.9774174690246582,1.0,True,"```json
{
  ""event_class"": ""E3"",
  ""confidence"": 1.0,
  ""tool"": ""contingency"",
  ""reason"": ""The injected mechanism explicitly states a single transmission line outage of line_9_14, which corresponds to class E3.""
}
```",E3,none,branch,high,power_flow;contingency;n1_security;grid_query_topology,E3,contingency,True,True,True,
IEEE14_SCN_001429,E4,E3_LLM_Tools,API,True,True,True,"{'H-NUM': False, 'H-TOP': False, 'H-EQP': False, 'H-PHY': False, 'H-TOOL': False, 'H-ACT': False}",SUCCESS,1.1634304523468018,1.0,True,"```json
{""event_class"": ""E4"", ""confidence"": 1.0, ""tool"": ""contingency"", ""reason"": ""The injected event description explicitly states the outage of generator gen_G2, which corresponds to class E4 (Generator Outage).""}
```",E4,none,generator,high,power_flow;contingency;n1_security;grid_query_topology,E4,contingency,True,True,True,
IEEE14_SCN_001827,E3,E3_LLM_Tools,API,True,True,True,"{'H-NUM': False, 'H-TOP': False, 'H-EQP': False, 'H-PHY': False, 'H-TOOL': False, 'H-ACT': False}",SUCCESS,1.1884419918060305,1.0,True,"```json
{""event_class"": ""E3"", ""confidence"": 1.0, ""tool"": ""contingency"", ""reason"": ""The injected mechanism explicitly specifies a single transmission line outage of line_6_13.""}
```",E3,undervoltage,branch,high,power_flow;state_estimation;contingency;n1_security;grid_query_topology;grid_query_limits,E3,contingency,True,True,True,
IEEE14_SCN_001720,E5,E3_LLM_Tools,API,True,True,True,"{'H-NUM': False, 'H-TOP': False, 'H-EQP': False, 'H-PHY': False, 'H-TOOL': False, 'H-ACT': False}",SUCCESS,1.1595149040222168,1.0,True,"```json
{""event_class"": ""E5"", ""confidence"": 1.0, ""tool"": ""power_flow"", ""reason"": ""The injected mechanism is a renewable ramp affecting PV and wind resources (small up-ramp of 10 availability points), corresponding directly to class E5.""}
```",E5,none,renewable,high,n1_security;grid_query_topology,E5,power_flow,True,True,False,
IEEE14_SCN_001858,E4,E3_LLM_Tools,API,True,True,True,"{'H-NUM': False, 'H-TOP': False, 'H-EQP': False, 'H-PHY': False, 'H-TOOL': False, 'H-ACT': False}",SUCCESS,1.3198256492614746,1.0,True,"```json
{""event_class"": ""E4"", ""confidence"": 1.0, ""tool"": ""contingency"", ""reason"": ""The injected mechanism explicitly states a single unit generator outage of gen_G6, which maps to class E4.""}
```",E4,undervoltage,generator,high,power_flow;state_estimation;contingency;n1_security;grid_query_topology;grid_query_limits,E4,contingency,True,True,True,
IEEE14_SCN_000735,E2,E3_LLM_Tools,API,True,True,True,"{'H-NUM': False, 'H-TOP': False, 'H-EQP': False, 'H-PHY': False, 'H-TOOL': False, 'H-ACT': False}",SUCCESS,1.1277203559875488,1.0,True,"```json
{""event_class"":""E2"",""confidence"":1.0,""tool"":""power_flow"",""reason"":""The scenario description explicitly details a 20% demand decrease at load_bus_6, which corresponds to class E2 (Load Drop with negative injected magnitude percent).""}
```",E2,none,demand,high,n1_security;grid_query_topology,E2,power_flow,True,True,False,
IEEE14_SCN_002341,E7,E3_LLM_Tools,API,True,True,True,"{'H-NUM': False, 'H-TOP': False, 'H-EQP': False, 'H-PHY': False, 'H-TOOL': False, 'H-ACT': False}",SUCCESS,0.8990182876586914,1.0,True,"```json
{""event_class"":""E7"",""confidence"":1.0,""tool"":""grid_query"",""reason"":""Excitation setpoints raised across multiple generators resulting in bus overvoltages above 1.05 p.u.""}
```",E7,overvoltage,none,high,power_flow;state_estimation;n1_security;grid_query_topology;grid_query_limits,E7,grid_query,True,True,False,
IEEE14_SCN_001199,E3,E3_LLM_Tools,API,True,True,True,"{'H-NUM': False, 'H-TOP': False, 'H-EQP': False, 'H-PHY': False, 'H-TOOL': False, 'H-ACT': False}",SUCCESS,1.026047706604004,1.0,True,"```json
{""event_class"": ""E3"", ""confidence"": 1.0, ""tool"": ""contingency"", ""reason"": ""The injected mechanism is a single transmission line outage on line_10_11, which falls directly under class E3.""}
```",E3,none,branch,high,power_flow;contingency;n1_security;grid_query_topology,E3,contingency,True,True,True,
IEEE14_SCN_001384,E4,E3_LLM_Tools,API,True,True,True,"{'H-NUM': False, 'H-TOP': False, 'H-EQP': False, 'H-PHY': False, 'H-TOOL': False, 'H-ACT': False}",SUCCESS,1.106630802154541,1.0,True,"```json
{""event_class"":""E4"",""confidence"":1.0,""tool"":""power_flow"",""reason"":""The scenario explicitly describes a single generator outage of G2.""}
```",E4,none,generator,high,power_flow;contingency;n1_security;grid_query_topology,E4,power_flow,True,True,True,
IEEE14_SCN_001784,E5,E3_LLM_Tools,API,True,True,True,"{'H-NUM': False, 'H-TOP': False, 'H-EQP': False, 'H-PHY': False, 'H-TOOL': False, 'H-ACT': False}",SUCCESS,1.130885362625122,1.0,True,"```json
{""event_class"":""E5"",""confidence"":1.0,""tool"":""power_flow"",""reason"":""The injected mechanism is a medium up-ramp of renewable availability at solar and wind generators, which corresponds to class E5.""}
```",E5,none,renewable,high,n1_security;grid_query_topology,E5,power_flow,True,True,False,
IEEE14_SCN_002692,E9,E3_LLM_Tools,API,True,True,True,"{'H-NUM': False, 'H-TOP': False, 'H-EQP': False, 'H-PHY': False, 'H-TOOL': False, 'H-ACT': False}",SUCCESS,0.9817147254943848,1.0,True,"```json
{""event_class"":""E9"",""confidence"":1.0,""tool"":""grid_query"",""reason"":""The scenario description explicitly details a compound event involving a transmission line outage and a multi-component load surge.""}
```",E9,undervoltage+overload,branch+demand,high,power_flow;state_estimation;contingency;n1_security;opf;grid_query_topology;grid_query_limits,E9,grid_query,True,False,False,
IEEE14_SCN_002494,E9,E3_LLM_Tools,API,True,True,True,"{'H-NUM': False, 'H-TOP': False, 'H-EQP': False, 'H-PHY': False, 'H-TOOL': False, 'H-ACT': False}",SUCCESS,1.056767463684082,1.0,True,"```json
{
  ""event_class"": ""E9"",
  ""confidence"": 1.0,
  ""tool"": ""grid_query"",
  ""reason"": ""The scenario involves both a transmission line outage (line_1_2) and a simultaneous load surge (+20% demand across multiple buses), correctly classified as a compound event (E9).""
}
```",E9,undervoltage+overload,branch+demand,high,power_flow;state_estimation;contingency;n1_security;opf;grid_query_topology;grid_query_limits,E9,grid_query,True,False,False,
IEEE14_SCN_002988,E9,E3_LLM_Tools,API,True,True,True,"{'H-NUM': False, 'H-TOP': False, 'H-EQP': False, 'H-PHY': False, 'H-TOOL': False, 'H-ACT': False}",SUCCESS,0.917980432510376,1.0,True,"```json
{""event_class"":""E9"",""confidence"":1.0,""tool"":""grid_query"",""reason"":""The injected description explicitly specifies a compound event involving a transmission line outage combined with a load surge across multiple buses.""}
```",E9,undervoltage,branch+demand,high,power_flow;state_estimation;contingency;n1_security;grid_query_topology;grid_query_limits,E9,grid_query,True,True,False,
IEEE14_SCN_000068,E0,E3_LLM_Tools,API,True,True,True,"{'H-NUM': False, 'H-TOP': False, 'H-EQP': False, 'H-PHY': False, 'H-TOOL': False, 'H-ACT': False}",SUCCESS,1.1215870380401611,1.0,True,"```json
{""event_class"": ""E0"", ""confidence"": 1.0, ""tool"": ""power_flow"", ""reason"": ""Pre and post conditions show no disturbance injected and no limit violations, corresponding to normal operation.""}
```",E0,none,none,high,n1_security;grid_query_topology,E0,power_flow,True,True,False,
IEEE14_SCN_002854,E9,E3_LLM_Tools,API,True,True,True,"{'H-NUM': False, 'H-TOP': False, 'H-EQP': False, 'H-PHY': False, 'H-TOOL': False, 'H-ACT': False}",SUCCESS,1.125657320022583,1.0,True,"```json
{
  ""event_class"": ""E9"",
  ""confidence"": 1.0,
  ""tool"": ""power_flow"",
  ""reason"": ""The scenario description explicitly defines a compound event consisting of a transmission line outage combined with a load surge across multiple buses.""
}
```",E9,none,branch+demand,high,power_flow;contingency;n1_security;grid_query_topology,E9,power_flow,True,True,True,
IEEE14_SCN_002234,E7,E3_LLM_Tools,API,True,True,True,"{'H-NUM': False, 'H-TOP': False, 'H-EQP': False, 'H-PHY': False, 'H-TOOL': False, 'H-ACT': False}",SUCCESS,0.9058117866516112,1.0,True,"```json
{""event_class"":""E7"",""confidence"":1.0,""tool"":""grid_query"",""reason"":""Excitation setpoints raised across multiple generators resulting in bus overvoltages exceeding 1.05 p.u.""}
```",E7,overvoltage,none,high,power_flow;state_estimation;n1_security;grid_query_topology;grid_query_limits,E7,grid_query,True,True,False,
IEEE14_SCN_000953,E3,E3_LLM_Tools,API,True,True,True,"{'H-NUM': False, 'H-TOP': False, 'H-EQP': False, 'H-PHY': False, 'H-TOOL': False, 'H-ACT': False}",SUCCESS,0.9630126953125,1.0,True,"```json
{
  ""event_class"": ""E3"",
  ""confidence"": 1.0,
  ""tool"": ""contingency"",
  ""reason"": ""The injected mechanism specifies a single transmission line outage on line_2_5, which corresponds to class E3.""
}
```",E3,none,branch,high,power_flow;contingency;n1_security;grid_query_topology,E3,contingency,True,True,True,
IEEE14_SCN_002785,E9,E3_LLM_Tools,API,True,True,True,"{'H-NUM': False, 'H-TOP': False, 'H-EQP': False, 'H-PHY': False, 'H-TOOL': False, 'H-ACT': False}",SUCCESS,1.061687469482422,1.0,True,"```json
{""event_class"": ""E9"", ""confidence"": 1.0, ""tool"": ""power_flow"", ""reason"": ""The scenario description explicitly details a compound event involving a transmission line outage combined with a 25% demand increase across multiple load buses.""}
```",E9,none,branch+demand,high,power_flow;contingency;n1_security;grid_query_topology,E9,power_flow,True,True,True,
IEEE14_SCN_001925,E3,E3_LLM_Tools,API,True,True,True,"{'H-NUM': False, 'H-TOP': False, 'H-EQP': False, 'H-PHY': False, 'H-TOOL': False, 'H-ACT': False}",SUCCESS,1.306389570236206,1.0,True,"```json
{""event_class"": ""E3"", ""confidence"": 1.0, ""tool"": ""contingency"", ""reason"": ""The injected mechanism is a single transmission line outage of line_13_14, which corresponds exactly to class E3.""}
```",E3,undervoltage,branch,high,power_flow;state_estimation;contingency;n1_security;grid_query_topology;grid_query_limits,E3,contingency,True,True,True,
IEEE14_SCN_002703,E9,E4_Full,API,True,True,True,"{'H-NUM': False, 'H-TOP': False, 'H-EQP': False, 'H-PHY': False, 'H-TOOL': False, 'H-ACT': False}",SUCCESS,1.021883487701416,1.0,True,"```json
{""event_class"":""E9"",""confidence"":1.0,""tool"":""power_flow"",""reason"":""The scenario explicitly injects a compound event consisting of a transmission line outage combined with a load increase across multiple buses.""}
```",E9,undervoltage,branch+demand,high,power_flow;state_estimation;contingency;n1_security;grid_query_topology;grid_query_limits,E9,power_flow,True,True,True,
IEEE14_SCN_001981,E3,E4_Full,API,True,True,True,"{'H-NUM': False, 'H-TOP': False, 'H-EQP': False, 'H-PHY': False, 'H-TOOL': False, 'H-ACT': False}",SUCCESS,1.1681389808654783,1.0,True,"```json
{""event_class"": ""E3"", ""confidence"": 1.0, ""tool"": ""contingency"", ""reason"": ""The injected event is a single transmission-line outage of line_6_13 (line_outage scope single_branch), which directly classifies as E3.""}
```",E3,undervoltage,branch,high,power_flow;state_estimation;contingency;n1_security;grid_query_topology;grid_query_limits,E3,contingency,True,True,True,
IEEE14_SCN_000948,E3,E4_Full,API,True,True,True,"{'H-NUM': False, 'H-TOP': False, 'H-EQP': False, 'H-PHY': False, 'H-TOOL': False, 'H-ACT': False}",SUCCESS,0.9605050086975098,1.0,True,"```json
{
  ""event_class"": ""E3"",
  ""confidence"": 1.0,
  ""tool"": ""contingency"",
  ""reason"": ""The injected mechanism explicitly specifies a single transmission line outage of line_2_4.""
}
```",E3,none,branch,high,power_flow;contingency;n1_security;grid_query_topology,E3,contingency,True,True,True,
IEEE14_SCN_001349,E4,E4_Full,API,True,True,True,"{'H-NUM': False, 'H-TOP': False, 'H-EQP': False, 'H-PHY': False, 'H-TOOL': False, 'H-ACT': False}",SUCCESS,1.023848056793213,1.0,True,"```json
{""event_class"":""E4"",""confidence"":1.0,""tool"":""power_flow"",""reason"":""The injected mechanism explicitly states an outage of single generator gen_G6, which maps directly to class E4.""}
```",E4,none,generator,high,power_flow;contingency;n1_security;grid_query_topology,E4,power_flow,True,True,True,
IEEE14_SCN_002035,E3,E4_Full,API,True,True,True,"{'H-NUM': False, 'H-TOP': False, 'H-EQP': False, 'H-PHY': False, 'H-TOOL': False, 'H-ACT': False}",SUCCESS,1.0372540950775146,1.0,True,"```json
{""event_class"": ""E3"", ""confidence"": 1.0, ""tool"": ""contingency"", ""reason"": ""The injected mechanism explicitly specifies a single line outage of line_6_13.""}
```",E3,undervoltage,branch,high,power_flow;state_estimation;contingency;n1_security;grid_query_topology;grid_query_limits,E3,contingency,True,True,True,
IEEE14_SCN_002982,E9,E4_Full,API,True,True,True,"{'H-NUM': False, 'H-TOP': False, 'H-EQP': False, 'H-PHY': False, 'H-TOOL': False, 'H-ACT': False}",SUCCESS,0.9872684478759766,1.0,True,"```json
{""event_class"": ""E9"", ""confidence"": 1.0, ""tool"": ""power_flow"", ""reason"": ""The injected description explicitly specifies a compound event consisting of a transmission line outage combined with a demand increase across multiple buses.""}
```",E9,none,branch+demand,high,power_flow;contingency;n1_security;grid_query_topology,E9,power_flow,True,True,True,
IEEE14_SCN_002055,E3,E4_Full,API,True,True,True,"{'H-NUM': False, 'H-TOP': False, 'H-EQP': False, 'H-PHY': False, 'H-TOOL': False, 'H-ACT': False}",SUCCESS,1.0125255584716797,1.0,True,"```json
{""event_class"": ""E3"", ""confidence"": 1.0, ""tool"": ""contingency"", ""reason"": ""The injected mechanism is a single transmission line outage of line_6_13, which corresponds to class E3.""}
```",E3,undervoltage,branch,high,power_flow;state_estimation;contingency;n1_security;grid_query_topology;grid_query_limits,E3,contingency,True,True,True,
IEEE14_SCN_001408,E4,E4_Full,API,True,True,True,"{'H-NUM': False, 'H-TOP': False, 'H-EQP': False, 'H-PHY': False, 'H-TOOL': False, 'H-ACT': False}",SUCCESS,1.052149772644043,1.0,True,"```json
{""event_class"":""E4"",""confidence"":1.0,""tool"":""contingency"",""reason"":""The injected mechanism is an outage of generator gen_G6, which directly corresponds to a single generator outage (E4).""}
```",E4,none,generator,high,power_flow;contingency;n1_security;grid_query_topology,E4,contingency,True,True,True,
IEEE14_SCN_001614,E5,E4_Full,API,True,True,True,"{'H-NUM': False, 'H-TOP': False, 'H-EQP': False, 'H-PHY': False, 'H-TOOL': False, 'H-ACT': False}",SUCCESS,1.042576789855957,1.0,True,"```json
{""event_class"": ""E5"", ""confidence"": 1.0, ""tool"": ""power_flow"", ""reason"": ""The injected event is a small up-ramp of 10 availability points at renewable resource sgen_PV14.""}
```",E5,none,renewable,high,n1_security;grid_query_topology,E5,power_flow,True,True,False,
IEEE14_SCN_001945,E3,E4_Full,API,True,True,True,"{'H-NUM': False, 'H-TOP': False, 'H-EQP': False, 'H-PHY': False, 'H-TOOL': False, 'H-ACT': False}",SUCCESS,0.9786214828491212,1.0,True,"```json
{""event_class"": ""E3"", ""confidence"": 1.0, ""tool"": ""contingency"", ""reason"": ""The injected mechanism is a single transmission line outage of line_6_13, which classifies as an E3 Transmission-Line Outage.""}
```",E3,undervoltage,branch,high,power_flow;state_estimation;contingency;n1_security;grid_query_topology;grid_query_limits,E3,contingency,True,True,True,
IEEE14_SCN_002263,E7,E4_Full,API,True,True,True,"{'H-NUM': False, 'H-TOP': False, 'H-EQP': False, 'H-PHY': False, 'H-TOOL': False, 'H-ACT': False}",SUCCESS,1.2919552326202393,0.95,True,"```json
{
  ""event_class"": ""E7"",
  ""confidence"": 0.95,
  ""tool"": ""grid_query"",
  ""reason"": ""The injected mechanism involves raising excitation setpoints at multiple generators, resulting in a post-event voltage peak of 1.0800 p.u. which exceeds the 1.05 p.u. threshold.""
}
```",E7,overvoltage,none,high,power_flow;state_estimation;n1_security;grid_query_topology;grid_query_limits,E7,grid_query,True,True,False,
IEEE14_SCN_001379,E4,E4_Full,API,True,True,True,"{'H-NUM': False, 'H-TOP': False, 'H-EQP': False, 'H-PHY': False, 'H-TOOL': False, 'H-ACT': False}",SUCCESS,1.1207563877105713,1.0,True,"```json
{
  ""event_class"": ""E4"",
  ""confidence"": 1.0,
  ""tool"": ""contingency"",
  ""reason"": ""The injected mechanism explicitly specifies an outage of generator G6, which corresponds to single generator outage class E4.""
}
```",E4,none,generator,high,power_flow;contingency;n1_security;grid_query_topology,E4,contingency,True,True,True,
IEEE14_SCN_001155,E3,E4_Full,API,True,True,True,"{'H-NUM': False, 'H-TOP': False, 'H-EQP': False, 'H-PHY': False, 'H-TOOL': False, 'H-ACT': False}",SUCCESS,0.903510570526123,1.0,True,"```json
{""event_class"":""E3"",""confidence"":1.0,""tool"":""contingency"",""reason"":""The injected mechanism explicitly states a single transmission line outage of line_2_5.""}
```",E3,none,branch,high,power_flow;contingency;n1_security;grid_query_topology,E3,contingency,True,True,True,
IEEE14_SCN_002994,E9,E4_Full,API,True,True,True,"{'H-NUM': False, 'H-TOP': False, 'H-EQP': False, 'H-PHY': False, 'H-TOOL': False, 'H-ACT': False}",SUCCESS,1.1184914112091064,1.0,True,"```json
{""event_class"": ""E9"", ""confidence"": 1.0, ""tool"": ""power_flow"", ""reason"": ""The injected description explicitly specifies a compound event consisting of the outage of gen_G6 and a large down-ramp of availability at sgen_PV14 and sgen_WIND6.""}
```",E9,none,branch+demand,high,power_flow;contingency;n1_security;grid_query_topology,E9,power_flow,True,True,True,
IEEE14_SCN_002292,E7,E4_Full,API,True,True,True,"{'H-NUM': False, 'H-TOP': False, 'H-EQP': False, 'H-PHY': False, 'H-TOOL': False, 'H-ACT': False}",SUCCESS,1.134631633758545,0.99,True,"```json
{
  ""event_class"": ""E7"",
  ""confidence"": 0.99,
  ""tool"": ""grid_query"",
  ""reason"": ""Excitation setpoints were raised across multiple generators, directly causing post-event overvoltage violations with voltages reaching up to 1.0800 pu (V > 1.05).""
}
```",E7,overvoltage,none,high,power_flow;state_estimation;n1_security;grid_query_topology;grid_query_limits,E7,grid_query,True,True,False,
IEEE14_SCN_001918,E3,E4_Full,API,True,True,True,"{'H-NUM': False, 'H-TOP': False, 'H-EQP': False, 'H-PHY': False, 'H-TOOL': False, 'H-ACT': False}",SUCCESS,0.8577609062194824,1.0,True,"```json
{""event_class"":""E3"",""confidence"":1.0,""tool"":""contingency"",""reason"":""The injected mechanism explicitly states a single transmission line outage of line_6_13.""}
```",E3,undervoltage,branch,high,power_flow;state_estimation;contingency;n1_security;grid_query_topology;grid_query_limits,E3,contingency,True,True,True,
IEEE14_SCN_001027,E3,E4_Full,API,True,True,True,"{'H-NUM': False, 'H-TOP': False, 'H-EQP': False, 'H-PHY': False, 'H-TOOL': False, 'H-ACT': False}",SUCCESS,1.0636966228485107,1.0,True,"```json
{
  ""event_class"": ""E3"",
  ""confidence"": 1.0,
  ""tool"": ""contingency"",
  ""reason"": ""The injected mechanism explicitly states a single line outage of line_2_5, corresponding to class E3.""
}
```",E3,none,branch,high,power_flow;contingency;n1_security;grid_query_topology,E3,contingency,True,True,True,
IEEE14_SCN_002976,E9,E4_Full,API,True,True,True,"{'H-NUM': False, 'H-TOP': False, 'H-EQP': False, 'H-PHY': False, 'H-TOOL': False, 'H-ACT': False}",SUCCESS,1.0894954204559326,1.0,True,"```json
{""event_class"":""E9"",""confidence"":1.0,""tool"":""power_flow"",""reason"":""The injected description explicitly combines a transmission line outage (line_10_11) and a load surge (25% demand increase at multiple buses), constituting a compound event.""}
```",E9,undervoltage,branch+demand,high,power_flow;state_estimation;contingency;n1_security;grid_query_topology;grid_query_limits,E9,power_flow,True,True,True,
IEEE14_SCN_000382,E1,E4_Full,API,True,True,True,"{'H-NUM': False, 'H-TOP': False, 'H-EQP': False, 'H-PHY': False, 'H-TOOL': False, 'H-ACT': False}",SUCCESS,1.1196365356445312,1.0,True,"```json
{
  ""event_class"": ""E1"",
  ""confidence"": 1.0,
  ""tool"": ""power_flow"",
  ""reason"": ""The injected mechanism is a 30% demand increase at load_bus_4, which constitutes a positive load surge classified under E1.""
}
```",E1,none,demand,high,n1_security;grid_query_topology,E1,power_flow,True,True,False,
IEEE14_SCN_002050,E3,E4_Full,API,True,True,True,"{'H-NUM': False, 'H-TOP': False, 'H-EQP': False, 'H-PHY': False, 'H-TOOL': False, 'H-ACT': False}",SUCCESS,1.1084764003753662,0.99,True,"```json
{
  ""event_class"": ""E3"",
  ""confidence"": 0.99,
  ""tool"": ""contingency"",
  ""reason"": ""The injected mechanism explicitly states a single branch line outage of line_6_13, which corresponds to event class E3.""
}
```",E3,undervoltage,branch,high,power_flow;state_estimation;contingency;n1_security;grid_query_topology;grid_query_limits,E3,contingency,True,True,True,
IEEE14_SCN_001778,E5,E4_Full,API,True,True,True,"{'H-NUM': False, 'H-TOP': False, 'H-EQP': False, 'H-PHY': False, 'H-TOOL': False, 'H-ACT': False}",SUCCESS,1.086522340774536,0.95,True,"```json
{""event_class"": ""E5"", ""confidence"": 0.95, ""tool"": ""power_flow"", ""reason"": ""The injected mechanism is a small down-ramp of 10 availability points at the photovoltaic resource sgen_PV14, which directly classifies as a renewable ramp (E5).""}
```",E5,none,renewable,high,n1_security;grid_query_topology,E5,power_flow,True,True,False,
IEEE14_SCN_001347,E4,E4_Full,API,True,True,True,"{'H-NUM': False, 'H-TOP': False, 'H-EQP': False, 'H-PHY': False, 'H-TOOL': False, 'H-ACT': False}",SUCCESS,1.4051425457000732,1.0,True,"```json
{""event_class"":""E4"",""confidence"":1.0,""tool"":""power_flow"",""reason"":""The injected mechanism is a single generator outage of gen_G8 without any compound factors.""}
```",E4,none,generator,high,power_flow;contingency;n1_security;grid_query_topology,E4,power_flow,True,True,True,
IEEE14_SCN_002877,E9,E4_Full,API,True,True,True,"{'H-NUM': False, 'H-TOP': False, 'H-EQP': False, 'H-PHY': False, 'H-TOOL': False, 'H-ACT': False}",SUCCESS,1.146437406539917,1.0,True,"```json
{""event_class"":""E9"",""confidence"":1.0,""tool"":""power_flow"",""reason"":""The injected description explicitly combines a transmission line outage (line_6_13) with a 20% demand increase across multiple load buses, constituting a compound event.""}
```",E9,none,branch+demand,high,power_flow;contingency;n1_security;grid_query_topology,E9,power_flow,True,True,True,
IEEE14_SCN_001956,E3,E4_Full,API,True,True,True,"{'H-NUM': False, 'H-TOP': False, 'H-EQP': False, 'H-PHY': False, 'H-TOOL': False, 'H-ACT': False}",SUCCESS,1.1973628997802734,0.99,True,"```json
{
  ""event_class"": ""E3"",
  ""confidence"": 0.99,
  ""tool"": ""contingency"",
  ""reason"": ""The injected mechanism explicitly specifies a single transmission line outage of line_6_13, which classifies as E3.""
}
```",E3,undervoltage,branch,high,power_flow;state_estimation;contingency;n1_security;grid_query_topology;grid_query_limits,E3,contingency,True,True,True,
IEEE14_SCN_001046,E3,E4_Full,API,True,True,True,"{'H-NUM': False, 'H-TOP': False, 'H-EQP': False, 'H-PHY': False, 'H-TOOL': False, 'H-ACT': False}",SUCCESS,0.9362926483154296,1.0,True,"```json
{
  ""event_class"": ""E3"",
  ""confidence"": 1.0,
  ""tool"": ""contingency"",
  ""reason"": ""The injected mechanism explicitly states a single-branch transmission line outage of line_6_13, which corresponds to class E3.""
}
```",E3,none,branch,high,power_flow;contingency;n1_security;grid_query_topology,E3,contingency,True,True,True,
IEEE14_SCN_000841,E2,E4_Full,API,True,True,True,"{'H-NUM': False, 'H-TOP': False, 'H-EQP': False, 'H-PHY': False, 'H-TOOL': False, 'H-ACT': False}",SUCCESS,1.1924080848693848,0.99,True,"```json
{""event_class"": ""E2"", ""confidence"": 0.99, ""tool"": ""power_flow"", ""reason"": ""The injected event is a 10% demand decrease at load_bus_13, which corresponds to a negative load surge (Load Drop).""}
```",E2,none,demand,high,n1_security;grid_query_topology,E2,power_flow,True,True,False,
IEEE14_SCN_002843,E9,E4_Full,API,True,True,True,"{'H-NUM': False, 'H-TOP': False, 'H-EQP': False, 'H-PHY': False, 'H-TOOL': False, 'H-ACT': False}",SUCCESS,1.3039367198944092,1.0,True,"```json
{""event_class"": ""E9"", ""confidence"": 1.0, ""tool"": ""power_flow"", ""reason"": ""The injected description explicitly specifies a compound event consisting of the outage of gen_G6 and a large down-ramp at sgen_PV14 and sgen_WIND6.""}
```",E9,none,branch+demand,high,power_flow;contingency;n1_security;grid_query_topology,E9,power_flow,True,True,True,
IEEE14_SCN_000730,E2,E4_Full,API,True,True,True,"{'H-NUM': False, 'H-TOP': False, 'H-EQP': False, 'H-PHY': False, 'H-TOOL': False, 'H-ACT': False}",SUCCESS,1.1246955394744873,1.0,True,"```json
{""event_class"":""E2"",""confidence"":1.0,""tool"":""power_flow"",""reason"":""Injected mechanism describes a 10% demand decrease at load_bus_10, which corresponds to a load drop.""}
```",E2,none,demand,high,n1_security;grid_query_topology,E2,power_flow,True,True,False,
IEEE14_SCN_001796,E5,E4_Full,API,True,True,True,"{'H-NUM': False, 'H-TOP': False, 'H-EQP': False, 'H-PHY': False, 'H-TOOL': False, 'H-ACT': False}",SUCCESS,0.928823709487915,1.0,True,"```json
{""event_class"": ""E5"", ""confidence"": 1.0, ""tool"": ""power_flow"", ""reason"": ""The injected mechanism is a large up-ramp of 60 availability points at the renewable solar resource sgen_PV14.""}
```",E5,none,renewable,high,n1_security;grid_query_topology,E5,power_flow,True,True,False,
IEEE14_SCN_001122,E3,E4_Full,API,True,True,True,"{'H-NUM': False, 'H-TOP': False, 'H-EQP': False, 'H-PHY': False, 'H-TOOL': False, 'H-ACT': False}",SUCCESS,1.2032461166381836,1.0,True,"```json
{""event_class"":""E3"",""confidence"":1.0,""tool"":""contingency"",""reason"":""The injected mechanism is a single transmission line outage on line_9_10, which corresponds to class E3.""}
```",E3,none,branch,high,power_flow;contingency;n1_security;grid_query_topology,E3,contingency,True,True,True,
IEEE14_SCN_002683,E9,E4_Full,API,True,True,True,"{'H-NUM': False, 'H-TOP': False, 'H-EQP': False, 'H-PHY': False, 'H-TOOL': False, 'H-ACT': False}",SUCCESS,1.2774062156677246,1.0,True,"```json
{
  ""event_class"": ""E9"",
  ""confidence"": 1.0,
  ""tool"": ""power_flow"",
  ""reason"": ""The injected description explicitly specifies a compound event consisting of a transmission line outage combined with a load surge.""
}
```",E9,undervoltage+overload,branch+demand,high,power_flow;state_estimation;contingency;n1_security;opf;grid_query_topology;grid_query_limits,E9,power_flow,True,False,True,
IEEE14_SCN_001608,E5,E4_Full,API,True,True,True,"{'H-NUM': False, 'H-TOP': False, 'H-EQP': False, 'H-PHY': False, 'H-TOOL': False, 'H-ACT': False}",SUCCESS,1.1602184772491455,1.0,True,"```json
{""event_class"":""E5"",""confidence"":1.0,""tool"":""power_flow"",""reason"":""Injected event is a small down-ramp of 10 availability points at solar generator sgen_PV14, which falls under the renewable ramp category.""}
```",E5,none,renewable,high,n1_security;grid_query_topology,E5,power_flow,True,True,False,
IEEE14_SCN_002129,E7,E4_Full,API,True,True,True,"{'H-NUM': False, 'H-TOP': False, 'H-EQP': False, 'H-PHY': False, 'H-TOOL': False, 'H-ACT': False}",SUCCESS,0.9505536556243896,1.0,True,"```json
{""event_class"":""E7"",""confidence"":1.0,""tool"":""grid_query"",""reason"":""Excitation setpoint increases caused post-event voltage violations exceeding 1.05 p.u. (peak 1.0800 p.u.).""}
```",E7,overvoltage,none,high,power_flow;state_estimation;n1_security;grid_query_topology;grid_query_limits,E7,grid_query,True,True,False,
IEEE14_SCN_001253,E4,E4_Full,API,True,True,True,"{'H-NUM': False, 'H-TOP': False, 'H-EQP': False, 'H-PHY': False, 'H-TOOL': False, 'H-ACT': False}",SUCCESS,1.1025171279907229,1.0,True,"```json
{""event_class"":""E4"",""confidence"":1.0,""tool"":""power_flow"",""reason"":""The injected mechanism explicitly states an outage of generator G8, corresponding to single generator outage class E4.""}
```",E4,none,generator,high,power_flow;contingency;n1_security;grid_query_topology,E4,power_flow,True,True,True,
IEEE14_SCN_001736,E5,E4_Full,API,True,True,True,"{'H-NUM': False, 'H-TOP': False, 'H-EQP': False, 'H-PHY': False, 'H-TOOL': False, 'H-ACT': False}",SUCCESS,0.9136567115783693,1.0,True,"```json
{""event_class"":""E5"",""confidence"":1.0,""tool"":""power_flow"",""reason"":""Injected event is a small down-ramp of renewable availability at wind generator sgen_WIND6, classifying it as a renewable ramp (E5).""}
```",E5,none,renewable,high,n1_security;grid_query_topology,E5,power_flow,True,True,False,
IEEE14_SCN_001334,E4,E4_Full,API,True,True,True,"{'H-NUM': False, 'H-TOP': False, 'H-EQP': False, 'H-PHY': False, 'H-TOOL': False, 'H-ACT': False}",SUCCESS,0.8870267868041992,1.0,True,"```json
{""event_class"":""E4"",""confidence"":1.0,""tool"":""contingency"",""reason"":""The injected mechanism is a single generator outage of gen_G3, which corresponds to class E4.""}
```",E4,none,generator,high,power_flow;contingency;n1_security;grid_query_topology,E4,contingency,True,True,True,
IEEE14_SCN_000688,E2,E4_Full,API,True,True,True,"{'H-NUM': False, 'H-TOP': False, 'H-EQP': False, 'H-PHY': False, 'H-TOOL': False, 'H-ACT': False}",SUCCESS,0.8686542510986328,0.99,True,"```json
{""event_class"": ""E2"", ""confidence"": 0.99, ""tool"": ""power_flow"", ""reason"": ""The injected description specifies a 10% demand decrease at load_bus_4, which corresponds to class E2 (Load Drop).""}
```",E2,none,demand,high,n1_security;grid_query_topology,E2,power_flow,True,True,False,
IEEE14_SCN_002071,E3,E4_Full,API,True,True,True,"{'H-NUM': False, 'H-TOP': False, 'H-EQP': False, 'H-PHY': False, 'H-TOOL': False, 'H-ACT': False}",SUCCESS,0.9758961200714112,1.0,True,"```json
{
  ""event_class"": ""E3"",
  ""confidence"": 1.0,
  ""tool"": ""contingency"",
  ""reason"": ""The injected mechanism explicitly specifies a single line outage of line_6_13.""
}
```",E3,undervoltage,branch,high,power_flow;state_estimation;contingency;n1_security;grid_query_topology;grid_query_limits,E3,contingency,True,True,True,
IEEE14_SCN_001282,E4,E4_Full,API,True,True,True,"{'H-NUM': False, 'H-TOP': False, 'H-EQP': False, 'H-PHY': False, 'H-TOOL': False, 'H-ACT': False}",SUCCESS,1.1083269119262695,1.0,True,"```json
{""event_class"": ""E4"", ""confidence"": 1.0, ""tool"": ""power_flow"", ""reason"": ""The injected mechanism is a single generator outage (gen_G2), corresponding to class E4.""}
```",E4,none,generator,high,power_flow;contingency;n1_security;grid_query_topology,E4,power_flow,True,True,True,
IEEE14_SCN_001766,E5,E4_Full,API,True,True,True,"{'H-NUM': False, 'H-TOP': False, 'H-EQP': False, 'H-PHY': False, 'H-TOOL': False, 'H-ACT': False}",SUCCESS,1.039872407913208,1.0,True,"```json
{
  ""event_class"": ""E5"",
  ""confidence"": 1.0,
  ""tool"": ""power_flow"",
  ""reason"": ""The injected mechanism is a large down-ramp of 60 availability points at renewable generator sgen_WIND6, which directly classifies as a renewable ramp (E5).""
}
```",E5,none,renewable,high,n1_security;grid_query_topology,E5,power_flow,True,True,False,
IEEE14_SCN_001668,E5,E4_Full,API,True,True,True,"{'H-NUM': False, 'H-TOP': False, 'H-EQP': False, 'H-PHY': False, 'H-TOOL': False, 'H-ACT': False}",SUCCESS,0.9983768463134766,1.0,True,"```json
{""event_class"": ""E5"", ""confidence"": 1.0, ""tool"": ""power_flow"", ""reason"": ""The injected event is a small down-ramp of availability at renewable resources sgen_PV14 and sgen_WIND6, which directly corresponds to a renewable ramp event (E5).""}
```",E5,none,renewable,high,n1_security;grid_query_topology,E5,power_flow,True,True,False,
IEEE14_SCN_000556,E1,E4_Full,API,True,True,True,"{'H-NUM': False, 'H-TOP': False, 'H-EQP': False, 'H-PHY': False, 'H-TOOL': False, 'H-ACT': False}",SUCCESS,1.1084372997283936,0.99,True,"```json
{""event_class"": ""E1"", ""confidence"": 0.99, ""tool"": ""power_flow"", ""reason"": ""The injected event is a 10% demand increase at load_bus_13, which corresponds to a positive load surge classified as E1.""}
```",E1,none,demand,high,n1_security;grid_query_topology,E1,power_flow,True,True,False,
IEEE14_SCN_001060,E3,E4_Full,API,True,True,True,"{'H-NUM': False, 'H-TOP': False, 'H-EQP': False, 'H-PHY': False, 'H-TOOL': False, 'H-ACT': False}",SUCCESS,1.1110904216766355,1.0,True,"```json
{
  ""event_class"": ""E3"",
  ""confidence"": 1.0,
  ""tool"": ""contingency"",
  ""reason"": ""The injected mechanism explicitly states a single branch outage of line_6_13, which corresponds to class E3.""
}
```",E3,none,branch,high,power_flow;contingency;n1_security;grid_query_topology,E3,contingency,True,True,True,
IEEE14_SCN_002986,E9,E4_Full,API,True,True,True,"{'H-NUM': False, 'H-TOP': False, 'H-EQP': False, 'H-PHY': False, 'H-TOOL': False, 'H-ACT': False}",SUCCESS,1.2133214473724363,0.99,True,"```json
{
  ""event_class"": ""E9"",
  ""confidence"": 0.99,
  ""tool"": ""power_flow"",
  ""reason"": ""The injected description and mechanism explicitly state a compound event combining a transmission line outage (line 2-5) and a simultaneous 20% demand increase across multiple load buses.""
}
```",E9,none,branch+demand,high,power_flow;contingency;n1_security;grid_query_topology,E9,power_flow,True,True,True,
IEEE14_SCN_000521,E1,E4_Full,API,True,True,True,"{'H-NUM': False, 'H-TOP': False, 'H-EQP': False, 'H-PHY': False, 'H-TOOL': False, 'H-ACT': False}",SUCCESS,1.1562130451202393,1.0,True,"```json
{""event_class"": ""E1"", ""confidence"": 1.0, ""tool"": ""power_flow"", ""reason"": ""The injected mechanism explicitly specifies a 20% demand increase (load surge) at load buses 9, 10, and 14.""}
```",E1,none,demand,high,n1_security;grid_query_topology,E1,power_flow,True,True,False,
IEEE14_SCN_000636,E2,E4_Full,API,True,True,True,"{'H-NUM': False, 'H-TOP': False, 'H-EQP': False, 'H-PHY': False, 'H-TOOL': False, 'H-ACT': False}",SUCCESS,1.1455917358398438,0.99,True,"```json
{""event_class"": ""E2"", ""confidence"": 0.99, ""tool"": ""power_flow"", ""reason"": ""The injected description explicitly specifies a 10% demand decrease at load_bus_4, which corresponds to class E2 (Load Drop).""}
```",E2,none,demand,high,n1_security;grid_query_topology,E2,power_flow,True,True,False,
IEEE14_SCN_000073,E0,E4_Full,API,True,True,True,"{'H-NUM': False, 'H-TOP': False, 'H-EQP': False, 'H-PHY': False, 'H-TOOL': False, 'H-ACT': False}",SUCCESS,1.1633176803588867,1.0,True,"```json
{""event_class"": ""E0"", ""confidence"": 1.0, ""tool"": ""power_flow"", ""reason"": ""The injected description explicitly states no disturbance was injected and the post-event state has no limit violations.""}
```",E0,none,none,high,n1_security;grid_query_topology,E0,power_flow,True,True,False,
IEEE14_SCN_002471,E9,E4_Full,API,True,True,True,"{'H-NUM': False, 'H-TOP': False, 'H-EQP': False, 'H-PHY': False, 'H-TOOL': False, 'H-ACT': False}",SUCCESS,1.2409706115722656,0.99,True,"```json
{
  ""event_class"": ""E9"",
  ""confidence"": 0.99,
  ""tool"": ""power_flow"",
  ""reason"": ""The injected mechanism explicitly combines a transmission line outage (line_1_5) with a simultaneous demand increase across 11 load buses, classifying this as a compound event.""
}
```",E9,overload,branch+demand,high,power_flow;state_estimation;contingency;n1_security;opf;grid_query_topology;grid_query_limits,E9,power_flow,True,True,True,
IEEE14_SCN_001595,E5,E4_Full,API,True,True,True,"{'H-NUM': False, 'H-TOP': False, 'H-EQP': False, 'H-PHY': False, 'H-TOOL': False, 'H-ACT': False}",SUCCESS,0.9670114517211914,1.0,True,"```json
{""event_class"":""E5"",""confidence"":1.0,""tool"":""power_flow"",""reason"":""Injected event description clearly specifies a small up-ramp of availability points at renewable resource sgen_WIND6.""}
```",E5,none,renewable,high,n1_security;grid_query_topology,E5,power_flow,True,True,False,
IEEE14_SCN_001803,E3,E4_Full,API,True,True,True,"{'H-NUM': False, 'H-TOP': False, 'H-EQP': False, 'H-PHY': False, 'H-TOOL': False, 'H-ACT': False}",SUCCESS,0.9326119422912598,1.0,True,"```json
{""event_class"": ""E3"", ""confidence"": 1.0, ""tool"": ""contingency"", ""reason"": ""The injected mechanism explicitly specifies a single transmission line outage of line_6_13, which corresponds to class E3.""}
```",E3,undervoltage,branch,high,power_flow;state_estimation;contingency;n1_security;grid_query_topology;grid_query_limits,E3,contingency,True,True,True,
IEEE14_SCN_000370,E1,E4_Full,API,True,True,True,"{'H-NUM': False, 'H-TOP': False, 'H-EQP': False, 'H-PHY': False, 'H-TOOL': False, 'H-ACT': False}",SUCCESS,0.8673655986785889,1.0,True,"```json
{""event_class"": ""E1"", ""confidence"": 1.0, ""tool"": ""power_flow"", ""reason"": ""The injected event is a 10% demand increase at load_bus_14, which corresponds to a positive load surge classified as E1.""}
```",E1,none,demand,high,n1_security;grid_query_topology,E1,power_flow,True,True,False,
IEEE14_SCN_000326,E1,E4_Full,API,True,True,True,"{'H-NUM': False, 'H-TOP': False, 'H-EQP': False, 'H-PHY': False, 'H-TOOL': False, 'H-ACT': False}",SUCCESS,1.109074592590332,0.99,True,"```json
{""event_class"": ""E1"", ""confidence"": 0.99, ""tool"": ""power_flow"", ""reason"": ""The injected mechanism explicitly states a 20% demand increase across 11 load buses, corresponding to a positive load surge (E1).""}
```",E1,none,demand,high,n1_security;grid_query_topology,E1,power_flow,True,True,False,
IEEE14_SCN_000512,E1,E4_Full,API,True,True,True,"{'H-NUM': False, 'H-TOP': False, 'H-EQP': False, 'H-PHY': False, 'H-TOOL': False, 'H-ACT': False}",SUCCESS,1.1724824905395508,1.0,True,"```json
{""event_class"":""E1"",""confidence"":1.0,""tool"":""power_flow"",""reason"":""Injected mechanism specifies a 10% demand increase at load_bus_5, corresponding to a positive load surge (E1).""}
```",E1,none,demand,high,n1_security;grid_query_topology,E1,power_flow,True,True,False,
IEEE14_SCN_001954,E4,E4_Full,API,True,True,True,"{'H-NUM': False, 'H-TOP': False, 'H-EQP': False, 'H-PHY': False, 'H-TOOL': False, 'H-ACT': False}",SUCCESS,1.1308166980743408,1.0,True,"```json
{
  ""event_class"": ""E4"",
  ""confidence"": 1.0,
  ""tool"": ""power_flow"",
  ""reason"": ""The injected mechanism explicitly states an outage of generator G6, corresponding to a single generator outage (E4).""
}
```",E4,undervoltage,generator,high,power_flow;state_estimation;contingency;n1_security;grid_query_topology;grid_query_limits,E4,power_flow,True,True,True,
IEEE14_SCN_001828,E3,E4_Full,API,True,True,True,"{'H-NUM': False, 'H-TOP': False, 'H-EQP': False, 'H-PHY': False, 'H-TOOL': False, 'H-ACT': False}",SUCCESS,1.164130687713623,1.0,True,"```json
{""event_class"": ""E3"", ""confidence"": 1.0, ""tool"": ""contingency"", ""reason"": ""The injected mechanism explicitly specifies a single-line outage of line_6_13, which corresponds to class E3.""}
```",E3,undervoltage,branch,high,power_flow;state_estimation;contingency;n1_security;grid_query_topology;grid_query_limits,E3,contingency,True,True,True,
IEEE14_SCN_002781,E9,E4_Full,API,True,True,True,"{'H-NUM': False, 'H-TOP': False, 'H-EQP': False, 'H-PHY': False, 'H-TOOL': False, 'H-ACT': False}",SUCCESS,0.9475154876708984,1.0,True,"```json
{""event_class"": ""E9"", ""confidence"": 1.0, ""tool"": ""power_flow"", ""reason"": ""The injected description explicitly specifies a compound event involving the outage of gen_G2 and a large down-ramp at sgen_PV14 and sgen_WIND6.""}
```",E9,none,branch+demand,high,power_flow;contingency;n1_security;grid_query_topology,E9,power_flow,True,True,True,
IEEE14_SCN_000870,E2,E4_Full,API,True,True,True,"{'H-NUM': False, 'H-TOP': False, 'H-EQP': False, 'H-PHY': False, 'H-TOOL': False, 'H-ACT': False}",SUCCESS,0.9791357517242432,1.0,True,"```json
{""event_class"":""E2"",""confidence"":1.0,""tool"":""power_flow"",""reason"":""Injected description specifies a 20% demand decrease at load_bus_6, corresponding to a negative load surge (E2 Load Drop).""}
```",E2,none,demand,high,n1_security;grid_query_topology,E2,power_flow,True,True,False,
IEEE14_SCN_001725,E5,E4_Full,API,True,True,True,"{'H-NUM': False, 'H-TOP': False, 'H-EQP': False, 'H-PHY': False, 'H-TOOL': False, 'H-ACT': False}",SUCCESS,1.2015812397003174,1.0,True,"```json
{""event_class"":""E5"",""confidence"":1.0,""tool"":""power_flow"",""reason"":""Injected mechanism is a renewable ramp of 10 availability points at solar generator sgen_PV14.""}
```",E5,none,renewable,high,n1_security;grid_query_topology,E5,power_flow,True,True,False,
IEEE14_SCN_000928,E3,E4_Full,API,True,True,True,"{'H-NUM': False, 'H-TOP': False, 'H-EQP': False, 'H-PHY': False, 'H-TOOL': False, 'H-ACT': False}",SUCCESS,1.210984706878662,1.0,True,"```json
{
  ""event_class"": ""E3"",
  ""confidence"": 1.0,
  ""tool"": ""contingency"",
  ""reason"": ""The injected mechanism explicitly specifies a single transmission line outage on line_6_12.""
}
```",E3,none,branch,high,power_flow;contingency;n1_security;grid_query_topology,E3,contingency,True,True,True,
IEEE14_SCN_002027,E3,E4_Full,API,True,True,True,"{'H-NUM': False, 'H-TOP': False, 'H-EQP': False, 'H-PHY': False, 'H-TOOL': False, 'H-ACT': False}",SUCCESS,1.1377689838409424,1.0,True,"```json
{""event_class"":""E3"",""confidence"":1.0,""tool"":""contingency"",""reason"":""The injected mechanism explicitly states a single line outage of line_6_13, which classifies the event as a Transmission-Line Outage (E3).""}
```",E3,undervoltage,branch,high,power_flow;state_estimation;contingency;n1_security;grid_query_topology;grid_query_limits,E3,contingency,True,True,True,
IEEE14_SCN_001638,E5,E4_Full,API,True,True,True,"{'H-NUM': False, 'H-TOP': False, 'H-EQP': False, 'H-PHY': False, 'H-TOOL': False, 'H-ACT': False}",SUCCESS,1.154493808746338,1.0,True,"```json
{""event_class"":""E5"",""confidence"":1.0,""tool"":""power_flow"",""reason"":""Injected event describes a medium down-ramp of 30 availability points at solar generator sgen_PV14, which directly corresponds to a renewable ramp event.""}
```",E5,none,renewable,high,n1_security;grid_query_topology,E5,power_flow,True,True,False,
IEEE14_SCN_000679,E2,E4_Full,API,True,True,True,"{'H-NUM': False, 'H-TOP': False, 'H-EQP': False, 'H-PHY': False, 'H-TOOL': False, 'H-ACT': False}",SUCCESS,1.1626191139221191,1.0,True,"```json
{""event_class"": ""E2"", ""confidence"": 1.0, ""tool"": ""power_flow"", ""reason"": ""The scenario describes a 30% demand decrease at load_bus_5, which corresponds to a negative load change (Load Drop).""}
```",E2,none,demand,high,n1_security;grid_query_topology,E2,power_flow,True,True,False,
IEEE14_SCN_002895,E9,E4_Full,API,True,True,True,"{'H-NUM': False, 'H-TOP': False, 'H-EQP': False, 'H-PHY': False, 'H-TOOL': False, 'H-ACT': False}",SUCCESS,1.388339281082153,1.0,True,"```json
{
  ""event_class"": ""E9"",
  ""confidence"": 1.0,
  ""tool"": ""contingency"",
  ""reason"": ""The injected description explicitly specifies a compound event consisting of a line outage (line_3_4) and a 25% demand increase across multiple load buses.""
}
```",E9,none,branch+demand,high,power_flow;contingency;n1_security;grid_query_topology,E9,contingency,True,True,True,
IEEE14_SCN_000738,E2,E4_Full,API,True,True,True,"{'H-NUM': False, 'H-TOP': False, 'H-EQP': False, 'H-PHY': False, 'H-TOOL': False, 'H-ACT': False}",SUCCESS,1.129465103149414,0.99,True,"```json
{""event_class"": ""E2"", ""confidence"": 0.99, ""tool"": ""power_flow"", ""reason"": ""The injected mechanism specifies a 30% demand decrease at load_bus_14, which corresponds to a load drop event.""}
```",E2,none,demand,high,n1_security;grid_query_topology,E2,power_flow,True,True,False,
IEEE14_SCN_001211,E4,E4_Full,API,True,True,True,"{'H-NUM': False, 'H-TOP': False, 'H-EQP': False, 'H-PHY': False, 'H-TOOL': False, 'H-ACT': False}",SUCCESS,1.183929443359375,1.0,True,"```json
{
  ""event_class"": ""E4"",
  ""confidence"": 1.0,
  ""tool"": ""contingency"",
  ""reason"": ""The injected mechanism explicitly specifies an outage of generator G8, corresponding to single generator outage class E4.""
}
```",E4,none,generator,high,power_flow;contingency;n1_security;grid_query_topology,E4,contingency,True,True,True,
IEEE14_SCN_001744,E5,E4_Full,API,True,True,True,"{'H-NUM': False, 'H-TOP': False, 'H-EQP': False, 'H-PHY': False, 'H-TOOL': False, 'H-ACT': False}",SUCCESS,1.0361945629119873,1.0,True,"```json
{
  ""event_class"": ""E5"",
  ""confidence"": 1.0,
  ""tool"": ""power_flow"",
  ""reason"": ""The injected mechanism is a medium up-ramp of availability at solar generator sgen_PV14, which corresponds directly to a renewable ramp (E5).""
}
```",E5,none,renewable,high,n1_security;grid_query_topology,E5,power_flow,True,True,False,
IEEE14_SCN_000352,E1,E4_Full,API,True,True,True,"{'H-NUM': False, 'H-TOP': False, 'H-EQP': False, 'H-PHY': False, 'H-TOOL': False, 'H-ACT': False}",SUCCESS,1.2730443477630615,0.99,True,"```json
{
  ""event_class"": ""E1"",
  ""confidence"": 0.99,
  ""tool"": ""power_flow"",
  ""reason"": ""The injected event is a 30% demand increase at load_bus_5, which corresponds to a positive load surge (+% demand).""
}
```",E1,none,demand,high,n1_security;grid_query_topology,E1,power_flow,True,True,False,
IEEE14_SCN_000392,E1,E4_Full,API,True,True,True,"{'H-NUM': False, 'H-TOP': False, 'H-EQP': False, 'H-PHY': False, 'H-TOOL': False, 'H-ACT': False}",SUCCESS,0.9112865924835204,1.0,True,"```json
{""event_class"":""E1"",""confidence"":1.0,""tool"":""power_flow"",""reason"":""Injected mechanism specifies a 20% demand increase at load_bus_11, which corresponds to a positive load surge.""}
```",E1,none,demand,high,n1_security;grid_query_topology,E1,power_flow,True,True,False,
IEEE14_SCN_002536,E9,E4_Full,API,True,True,True,"{'H-NUM': False, 'H-TOP': False, 'H-EQP': False, 'H-PHY': False, 'H-TOOL': False, 'H-ACT': False}",SUCCESS,1.1387979984283447,1.0,True,"```json
{
  ""event_class"": ""E9"",
  ""confidence"": 1.0,
  ""tool"": ""grid_query"",
  ""reason"": ""The injected mechanism explicitly combines a transmission line outage (line_1_2) with a demand increase across multiple load buses, perfectly matching compound class E9.""
}
```",E9,undervoltage+overload,branch+demand,high,power_flow;state_estimation;contingency;n1_security;opf;grid_query_topology;grid_query_limits,E9,grid_query,True,False,False,
IEEE14_SCN_001757,E5,E4_Full,API,True,True,True,"{'H-NUM': False, 'H-TOP': False, 'H-EQP': False, 'H-PHY': False, 'H-TOOL': False, 'H-ACT': False}",SUCCESS,1.205793857574463,0.99,True,"```json
{""event_class"": ""E5"", ""confidence"": 0.99, ""tool"": ""power_flow"", ""reason"": ""The injected event is a large down-ramp of availability points at renewable generators sgen_PV14 and sgen_WIND6, which directly corresponds to a renewable ramp event.""}
```",E5,none,renewable,high,n1_security;grid_query_topology,E5,power_flow,True,True,False,
IEEE14_SCN_001535,E5,E4_Full,API,True,True,True,"{'H-NUM': False, 'H-TOP': False, 'H-EQP': False, 'H-PHY': False, 'H-TOOL': False, 'H-ACT': False}",SUCCESS,0.9947471618652344,1.0,True,"```json
{""event_class"": ""E5"", ""confidence"": 1.0, ""tool"": ""power_flow"", ""reason"": ""The injected event is a medium up-ramp of 30 availability points at photovoltaic resource sgen_PV14, which corresponds to class E5.""}
```",E5,none,renewable,high,n1_security;grid_query_topology,E5,power_flow,True,True,False,
IEEE14_SCN_002826,E9,E4_Full,API,True,True,True,"{'H-NUM': False, 'H-TOP': False, 'H-EQP': False, 'H-PHY': False, 'H-TOOL': False, 'H-ACT': False}",SUCCESS,0.9029927253723145,1.0,True,"```json
{""event_class"":""E9"",""confidence"":1.0,""tool"":""power_flow"",""reason"":""The scenario explicitly describes a compound event consisting of a transmission line outage combined with a demand increase across multiple load buses.""}
```",E9,undervoltage,branch+demand,high,power_flow;state_estimation;contingency;n1_security;grid_query_topology;grid_query_limits,E9,power_flow,True,True,True,
IEEE14_SCN_001769,E5,E4_Full,API,True,True,True,"{'H-NUM': False, 'H-TOP': False, 'H-EQP': False, 'H-PHY': False, 'H-TOOL': False, 'H-ACT': False}",SUCCESS,1.1846420764923096,1.0,True,"```json
{
  ""event_class"": ""E5"",
  ""confidence"": 1.0,
  ""tool"": ""power_flow"",
  ""reason"": ""The injected mechanism is a large down-ramp of availability at solar resource sgen_PV14, which directly corresponds to a renewable ramp event.""
}
```",E5,none,renewable,high,n1_security;grid_query_topology,E5,power_flow,True,True,False,
IEEE14_SCN_002430,E9,E4_Full,API,True,True,True,"{'H-NUM': False, 'H-TOP': False, 'H-EQP': False, 'H-PHY': False, 'H-TOOL': False, 'H-ACT': False}",SUCCESS,1.1590535640716553,1.0,True,"```json
{""event_class"": ""E9"", ""confidence"": 1.0, ""tool"": ""power_flow"", ""reason"": ""The injected mechanism explicitly combines a transmission line outage (line_1_5) with a simultaneous demand increase across multiple load buses, constituting a compound event.""}
```",E9,overload,branch+demand,high,power_flow;state_estimation;contingency;n1_security;opf;grid_query_topology;grid_query_limits,E9,power_flow,True,True,True,
IEEE14_SCN_002500,E9,E4_Full,API,True,True,True,"{'H-NUM': False, 'H-TOP': False, 'H-EQP': False, 'H-PHY': False, 'H-TOOL': False, 'H-ACT': False}",SUCCESS,1.1438698768615725,1.0,True,"```json
{""event_class"": ""E9"", ""confidence"": 1.0, ""tool"": ""contingency"", ""reason"": ""The injected event description explicitly combines a transmission line outage (line_1_2) and a 20% demand increase across multiple load buses, classifying it as a compound event (E9).""}
```",E9,undervoltage+overload,branch+demand,high,power_flow;state_estimation;contingency;n1_security;opf;grid_query_topology;grid_query_limits,E9,contingency,True,False,True,
IEEE14_SCN_001355,E4,E4_Full,API,True,True,True,"{'H-NUM': False, 'H-TOP': False, 'H-EQP': False, 'H-PHY': False, 'H-TOOL': False, 'H-ACT': False}",SUCCESS,0.8764877319335938,1.0,True,"```json
{""event_class"":""E4"",""confidence"":1.0,""tool"":""contingency"",""reason"":""The scenario explicitly injects a generator outage of single unit G6.""}
```",E4,none,generator,high,power_flow;contingency;n1_security;grid_query_topology,E4,contingency,True,True,True,
IEEE14_SCN_002926,E9,E4_Full,API,True,True,True,"{'H-NUM': False, 'H-TOP': False, 'H-EQP': False, 'H-PHY': False, 'H-TOOL': False, 'H-ACT': False}",SUCCESS,0.967609167098999,1.0,True,"```json
{""event_class"": ""E9"", ""confidence"": 1.0, ""tool"": ""power_flow"", ""reason"": ""The injected description explicitly specifies a compound event consisting of a transmission line outage (line_3_4) and a load surge (20% demand increase at multiple buses).""}
```",E9,none,branch+demand,high,power_flow;contingency;n1_security;grid_query_topology,E9,power_flow,True,True,True,
IEEE14_SCN_001686,E5,E4_Full,API,True,True,True,"{'H-NUM': False, 'H-TOP': False, 'H-EQP': False, 'H-PHY': False, 'H-TOOL': False, 'H-ACT': False}",SUCCESS,1.0541839599609375,1.0,True,"```json
{""event_class"":""E5"",""confidence"":1.0,""tool"":""power_flow"",""reason"":""Injected mechanism is a renewable up-ramp of 10 availability points at sgen_PV14.""}
```",E5,none,renewable,high,n1_security;grid_query_topology,E5,power_flow,True,True,False,
IEEE14_SCN_002226,E7,E4_Full,API,True,True,True,"{'H-NUM': False, 'H-TOP': False, 'H-EQP': False, 'H-PHY': False, 'H-TOOL': False, 'H-ACT': False}",SUCCESS,0.9870972633361816,0.98,True,"```json
{""event_class"":""E7"",""confidence"":0.98,""tool"":""grid_query"",""reason"":""Excitation setpoints raised across multiple generators caused system bus voltages to exceed the 1.05 p.u. threshold, resulting in an overvoltage condition (E7).""}
```",E7,overvoltage,none,high,power_flow;state_estimation;n1_security;grid_query_topology;grid_query_limits,E7,grid_query,True,True,False,
IEEE14_SCN_002332,E7,E4_Full,API,True,True,True,"{'H-NUM': False, 'H-TOP': False, 'H-EQP': False, 'H-PHY': False, 'H-TOOL': False, 'H-ACT': False}",SUCCESS,0.9389591217041016,0.98,True,"```json
{""event_class"":""E7"",""confidence"":0.98,""tool"":""grid_query"",""reason"":""Excitation setpoints were raised across multiple generators, resulting in post-event bus voltages exceeding 1.05 p.u. (peak 1.0800 p.u.) and causing an overvoltage condition.""}
```",E7,overvoltage,none,high,power_flow;state_estimation;n1_security;grid_query_topology;grid_query_limits,E7,grid_query,True,True,False,
IEEE14_SCN_000529,E1,E4_Full,API,True,True,True,"{'H-NUM': False, 'H-TOP': False, 'H-EQP': False, 'H-PHY': False, 'H-TOOL': False, 'H-ACT': False}",SUCCESS,0.9763503074645996,1.0,True,"```json
{
  ""event_class"": ""E1"",
  ""confidence"": 1.0,
  ""tool"": ""power_flow"",
  ""reason"": ""The injected mechanism is a +20% demand increase at load_bus_13, which corresponds to a positive load surge.""
}
```",E1,none,demand,high,n1_security;grid_query_topology,E1,power_flow,True,True,False,
IEEE14_SCN_002533,E9,E4_Full,API,True,True,True,"{'H-NUM': False, 'H-TOP': False, 'H-EQP': False, 'H-PHY': False, 'H-TOOL': False, 'H-ACT': False}",SUCCESS,1.135385274887085,1.0,True,"```json
{
  ""event_class"": ""E9"",
  ""confidence"": 1.0,
  ""tool"": ""power_flow"",
  ""reason"": ""The injected mechanism explicitly combines a transmission line outage (line_1_2) and a simultaneous load surge (20% demand increase at multiple buses), constituting a compound event.""
}
```",E9,undervoltage+overload,branch+demand,high,power_flow;state_estimation;contingency;n1_security;opf;grid_query_topology;grid_query_limits,E9,power_flow,True,False,True,
IEEE14_SCN_000405,E1,E4_Full,API,True,True,True,"{'H-NUM': False, 'H-TOP': False, 'H-EQP': False, 'H-PHY': False, 'H-TOOL': False, 'H-ACT': False}",SUCCESS,0.9663746356964112,0.99,True,"```json
{""event_class"": ""E1"", ""confidence"": 0.99, ""tool"": ""power_flow"", ""reason"": ""A 40% demand increase was injected across four load buses (load_bus_6, load_bus_11, load_bus_12, load_bus_13), which corresponds to a positive load surge.""}
```",E1,none,demand,high,n1_security;grid_query_topology,E1,power_flow,True,True,False,
IEEE14_SCN_000967,E3,E4_Full,API,True,True,True,"{'H-NUM': False, 'H-TOP': False, 'H-EQP': False, 'H-PHY': False, 'H-TOOL': False, 'H-ACT': False}",SUCCESS,0.9826021194458008,1.0,True,"```json
{""event_class"":""E3"",""confidence"":1.0,""tool"":""contingency"",""reason"":""The scenario describes an outage of a single transmission line (line_13_14), which corresponds to a transmission-line outage.""}
```",E3,none,branch,high,power_flow;contingency;n1_security;grid_query_topology,E3,contingency,True,True,True,
IEEE14_SCN_002153,E7,E4_Full,API,True,True,True,"{'H-NUM': False, 'H-TOP': False, 'H-EQP': False, 'H-PHY': False, 'H-TOOL': False, 'H-ACT': False}",SUCCESS,1.2672829627990725,0.95,True,"```json
{
  ""event_class"": ""E7"",
  ""confidence"": 0.95,
  ""tool"": ""grid_query"",
  ""reason"": ""Excitation setpoints were raised across multiple generators, resulting in a post-event peak voltage of 1.0800 p.u., which violates the upper voltage limit of 1.05 p.u. (overvoltage).""
}
```",E7,overvoltage,none,high,power_flow;state_estimation;n1_security;grid_query_topology;grid_query_limits,E7,grid_query,True,True,False,
IEEE14_SCN_000199,E0,E4_Full,API,True,True,True,"{'H-NUM': False, 'H-TOP': False, 'H-EQP': False, 'H-PHY': False, 'H-TOOL': False, 'H-ACT': False}",SUCCESS,0.952089548110962,1.0,True,"```json
{
  ""event_class"": ""E0"",
  ""confidence"": 1.0,
  ""tool"": ""power_flow"",
  ""reason"": ""The injected description explicitly states no disturbance was injected, and all post-event metrics and voltage ranges remain within normal operating limits with zero violations.""
}
```",E0,none,none,high,n1_security;grid_query_topology,E0,power_flow,True,True,False,
IEEE14_SCN_001428,E4,E4_Full,API,True,True,True,"{'H-NUM': False, 'H-TOP': False, 'H-EQP': False, 'H-PHY': False, 'H-TOOL': False, 'H-ACT': False}",SUCCESS,1.059692621231079,1.0,True,"```json
{
  ""event_class"": ""E4"",
  ""confidence"": 1.0,
  ""tool"": ""contingency"",
  ""reason"": ""The injected mechanism explicitly states an outage of generator gen_G2, which corresponds to a single generator outage (E4).""
}
```",E4,none,generator,high,power_flow;contingency;n1_security;grid_query_topology,E4,contingency,True,True,True,
IEEE14_SCN_000337,E1,E4_Full,API,True,True,True,"{'H-NUM': False, 'H-TOP': False, 'H-EQP': False, 'H-PHY': False, 'H-TOOL': False, 'H-ACT': False}",SUCCESS,1.1034564971923828,0.99,True,"```json
{""event_class"": ""E1"", ""confidence"": 0.99, ""tool"": ""power_flow"", ""reason"": ""The injected event explicitly specifies a 40% demand increase across four load buses, corresponding to a positive load surge (E1).""}
```",E1,none,demand,high,n1_security;grid_query_topology,E1,power_flow,True,True,False,
IEEE14_SCN_002846,E9,E4_Full,API,True,True,True,"{'H-NUM': False, 'H-TOP': False, 'H-EQP': False, 'H-PHY': False, 'H-TOOL': False, 'H-ACT': False}",SUCCESS,0.9530153274536132,1.0,True,"```json
{""event_class"":""E9"",""confidence"":1.0,""tool"":""power_flow"",""reason"":""The injected description explicitly specifies a compound event consisting of the outage of line 3-4 and a 15% demand increase across multiple components.""}
```",E9,none,branch+demand,high,power_flow;contingency;n1_security;grid_query_topology,E9,power_flow,True,True,True,
IEEE14_SCN_001338,E4,E4_Full,API,True,True,True,"{'H-NUM': False, 'H-TOP': False, 'H-EQP': False, 'H-PHY': False, 'H-TOOL': False, 'H-ACT': False}",SUCCESS,0.9656496047973632,1.0,True,"```json
{
  ""event_class"": ""E4"",
  ""confidence"": 1.0,
  ""tool"": ""contingency"",
  ""reason"": ""The injected mechanism explicitly states an outage of single generator unit gen_G2, which classifies as a generator outage (E4).""
}
```",E4,none,generator,high,power_flow;contingency;n1_security;grid_query_topology,E4,contingency,True,True,True,
IEEE14_SCN_002166,E7,E4_Full,API,True,True,True,"{'H-NUM': False, 'H-TOP': False, 'H-EQP': False, 'H-PHY': False, 'H-TOOL': False, 'H-ACT': False}",SUCCESS,1.1676828861236572,0.98,True,"```json
{""event_class"":""E7"",""confidence"":0.98,""tool"":""grid_query"",""reason"":""The injected mechanism raises excitation setpoints across multiple generators, resulting in a post-event voltage violation exceeding 1.05 p.u. (peak 1.0800 p.u.).""}
```",E7,overvoltage,none,high,power_flow;state_estimation;n1_security;grid_query_topology;grid_query_limits,E7,grid_query,True,True,False,
IEEE14_SCN_002390,E7,E4_Full,API,True,True,True,"{'H-NUM': False, 'H-TOP': False, 'H-EQP': False, 'H-PHY': False, 'H-TOOL': False, 'H-ACT': False}",SUCCESS,1.1870336532592771,0.98,True,"```json
{""event_class"": ""E7"", ""confidence"": 0.98, ""tool"": ""grid_query"", ""reason"": ""The injected event shifts excitation setpoints causing widespread overvoltage up to 1.0800 pu, fitting the E7 Overvoltage class criteria.""}
```",E7,overvoltage,none,high,power_flow;state_estimation;n1_security;grid_query_topology;grid_query_limits,E7,grid_query,True,True,False,
IEEE14_SCN_000539,E1,E4_Full,API,True,True,True,"{'H-NUM': False, 'H-TOP': False, 'H-EQP': False, 'H-PHY': False, 'H-TOOL': False, 'H-ACT': False}",SUCCESS,0.8871381282806396,1.0,True,"```json
{""event_class"": ""E1"", ""confidence"": 1.0, ""tool"": ""power_flow"", ""reason"": ""The injected event is a 10% demand increase at load_bus_13, which corresponds to a positive load surge classified as E1.""}
```",E1,none,demand,high,n1_security;grid_query_topology,E1,power_flow,True,True,False,
IEEE14_SCN_001001,E3,E4_Full,API,True,True,True,"{'H-NUM': False, 'H-TOP': False, 'H-EQP': False, 'H-PHY': False, 'H-TOOL': False, 'H-ACT': False}",SUCCESS,1.0275063514709473,0.99,True,"```json
{""event_class"":""E3"",""confidence"":0.99,""tool"":""contingency"",""reason"":""The injected mechanism explicitly specifies a single-branch transmission line outage of line_1_2.""}
```",E3,none,branch,high,power_flow;contingency;n1_security;grid_query_topology,E3,contingency,True,True,True,
IEEE14_SCN_000095,E0,E4_Full,API,True,True,True,"{'H-NUM': False, 'H-TOP': False, 'H-EQP': False, 'H-PHY': False, 'H-TOOL': False, 'H-ACT': False}",SUCCESS,1.1048362255096436,1.0,True,"```json
{""event_class"": ""E0"", ""confidence"": 1.0, ""tool"": ""power_flow"", ""reason"": ""The injected description states no disturbance was injected and the effect lists no limit violations, classifying this as normal operation.""}
```",E0,none,none,high,n1_security;grid_query_topology,E0,power_flow,True,True,False,
IEEE14_SCN_002888,E9,E4_Full,API,True,True,True,"{'H-NUM': False, 'H-TOP': False, 'H-EQP': False, 'H-PHY': False, 'H-TOOL': False, 'H-ACT': False}",SUCCESS,1.1391777992248535,1.0,True,"```json
{""event_class"": ""E9"", ""confidence"": 1.0, ""tool"": ""power_flow"", ""reason"": ""The injected description explicitly specifies a compound event involving both a transmission line outage (line_2_4) and a 20% demand increase across multiple load buses.""}
```",E9,none,branch+demand,high,power_flow;contingency;n1_security;grid_query_topology,E9,power_flow,True,True,True,
IEEE14_SCN_001817,E3,E4_Full,API,True,True,True,"{'H-NUM': False, 'H-TOP': False, 'H-EQP': False, 'H-PHY': False, 'H-TOOL': False, 'H-ACT': False}",SUCCESS,1.0374972820281982,0.99,True,"```json
{""event_class"":""E3"",""confidence"":0.99,""tool"":""contingency"",""reason"":""The injected mechanism explicitly states a single line outage of line_6_13, which corresponds to the E3 Transmission-Line Outage class.""}
```",E3,undervoltage,branch,high,power_flow;state_estimation;contingency;n1_security;grid_query_topology;grid_query_limits,E3,contingency,True,True,True,
IEEE14_SCN_002540,E9,E4_Full,API,True,True,True,"{'H-NUM': False, 'H-TOP': False, 'H-EQP': False, 'H-PHY': False, 'H-TOOL': False, 'H-ACT': False}",SUCCESS,1.076557159423828,1.0,True,"```json
{""event_class"": ""E9"", ""confidence"": 1.0, ""tool"": ""grid_query"", ""reason"": ""The injected description and mechanism explicitly combine a transmission line outage (line_1_5) with a 20% demand increase across multiple load buses, satisfying the E9 compound event taxonomy.""}
```",E9,overload,branch+demand,high,power_flow;state_estimation;contingency;n1_security;opf;grid_query_topology;grid_query_limits,E9,grid_query,True,True,False,
IEEE14_SCN_002952,E9,E4_Full,API,True,True,True,"{'H-NUM': False, 'H-TOP': False, 'H-EQP': False, 'H-PHY': False, 'H-TOOL': False, 'H-ACT': False}",SUCCESS,0.9786534309387208,0.99,True,"```json
{
  ""event_class"": ""E9"",
  ""confidence"": 0.99,
  ""tool"": ""power_flow"",
  ""reason"": ""The injected mechanism explicitly combines a transmission line outage (line 2_5) with a 20% demand increase across multiple load buses.""
}
```",E9,none,branch+demand,high,power_flow;contingency;n1_security;grid_query_topology,E9,power_flow,True,True,True,
IEEE14_SCN_001116,E3,E4_Full,API,True,True,True,"{'H-NUM': False, 'H-TOP': False, 'H-EQP': False, 'H-PHY': False, 'H-TOOL': False, 'H-ACT': False}",SUCCESS,1.2378113269805908,1.0,True,"```json
{
  ""event_class"": ""E3"",
  ""confidence"": 1.0,
  ""tool"": ""contingency"",
  ""reason"": ""The injected mechanism is a single transmission line outage on line_2_5, which directly corresponds to class E3.""
}
```",E3,none,branch,high,power_flow;contingency;n1_security;grid_query_topology,E3,contingency,True,True,True,
IEEE14_SCN_000995,E3,E4_Full,API,True,True,True,"{'H-NUM': False, 'H-TOP': False, 'H-EQP': False, 'H-PHY': False, 'H-TOOL': False, 'H-ACT': False}",SUCCESS,1.094625473022461,1.0,True,"```json
{""event_class"":""E3"",""confidence"":1.0,""tool"":""contingency"",""reason"":""The injected mechanism explicitly specifies a single transmission line outage on line_2_3.""}
```",E3,none,branch,high,power_flow;contingency;n1_security;grid_query_topology,E3,contingency,True,True,True,
IEEE14_SCN_000822,E2,E4_Full,API,True,True,True,"{'H-NUM': False, 'H-TOP': False, 'H-EQP': False, 'H-PHY': False, 'H-TOOL': False, 'H-ACT': False}",SUCCESS,1.0841803550720217,1.0,True,"```json
{""event_class"":""E2"",""confidence"":1.0,""tool"":""power_flow"",""reason"":""Injected description explicitly states a 10% demand decrease at load_bus_10, corresponding to a negative load change.""}
```",E2,none,demand,high,n1_security;grid_query_topology,E2,power_flow,True,True,False,
IEEE14_SCN_000054,E0,E4_Full,API,True,True,True,"{'H-NUM': False, 'H-TOP': False, 'H-EQP': False, 'H-PHY': False, 'H-TOOL': False, 'H-ACT': False}",SUCCESS,1.0638251304626465,1.0,True,"```json
{""event_class"": ""E0"", ""confidence"": 1.0, ""tool"": ""power_flow"", ""reason"": ""The injected description explicitly states no disturbance injected and all metrics remain within normal operational limits.""}
```",E0,none,none,high,n1_security;grid_query_topology,E0,power_flow,True,True,False,
IEEE14_SCN_000407,E1,E4_Full,API,True,True,True,"{'H-NUM': False, 'H-TOP': False, 'H-EQP': False, 'H-PHY': False, 'H-TOOL': False, 'H-ACT': False}",SUCCESS,0.9645287990570068,1.0,True,"```json
{
  ""event_class"": ""E1"",
  ""confidence"": 1.0,
  ""tool"": ""power_flow"",
  ""reason"": ""Injected mechanism specifies a 30% demand increase across four load buses, corresponding to a positive load surge.""
}
```",E1,none,demand,high,n1_security;grid_query_topology,E1,power_flow,True,True,False,
IEEE14_SCN_002404,E9,E4_Full,API,True,True,True,"{'H-NUM': False, 'H-TOP': False, 'H-EQP': False, 'H-PHY': False, 'H-TOOL': False, 'H-ACT': False}",SUCCESS,0.9977340698242188,0.99,True,"```json
{
  ""event_class"": ""E9"",
  ""confidence"": 0.99,
  ""tool"": ""power_flow"",
  ""reason"": ""The injected event description explicitly indicates a compound mechanism consisting of a transmission line outage (line_1_2) combined with a 20% demand increase across multiple load buses.""
}
```",E9,overload,branch+demand,high,power_flow;state_estimation;contingency;n1_security;opf;grid_query_topology;grid_query_limits,E9,power_flow,True,True,True,
IEEE14_SCN_002496,E9,E4_Full,API,True,True,True,"{'H-NUM': False, 'H-TOP': False, 'H-EQP': False, 'H-PHY': False, 'H-TOOL': False, 'H-ACT': False}",SUCCESS,1.1627726554870603,0.99,True,"```json
{
  ""event_class"": ""E9"",
  ""confidence"": 0.99,
  ""tool"": ""power_flow"",
  ""reason"": ""The scenario injects a compound event consisting of a transmission line outage (line_1_2) combined with a demand increase across multiple load buses.""
}
```",E9,undervoltage+overload,branch+demand,high,power_flow;state_estimation;contingency;n1_security;opf;grid_query_topology;grid_query_limits,E9,power_flow,True,False,True,
IEEE14_SCN_001353,E4,E4_Full,API,True,True,True,"{'H-NUM': False, 'H-TOP': False, 'H-EQP': False, 'H-PHY': False, 'H-TOOL': False, 'H-ACT': False}",SUCCESS,1.0090224742889404,1.0,True,"```json
{""event_class"":""E4"",""confidence"":1.0,""tool"":""contingency"",""reason"":""The injected mechanism is a single generator outage of gen_G8, which directly maps to class E4.""}
```",E4,none,generator,high,power_flow;contingency;n1_security;grid_query_topology,E4,contingency,True,True,True,
IEEE14_SCN_002776,E9,E4_Full,API,True,True,True,"{'H-NUM': False, 'H-TOP': False, 'H-EQP': False, 'H-PHY': False, 'H-TOOL': False, 'H-ACT': False}",SUCCESS,1.1660075187683103,0.99,True,"```json
{
  ""event_class"": ""E9"",
  ""confidence"": 0.99,
  ""tool"": ""power_flow"",
  ""reason"": ""The scenario description explicitly states a compound event combining a transmission line outage (line_9_10) and a load surge (25% demand increase at 11 components).""
}
```",E9,none,branch+demand,high,power_flow;contingency;n1_security;grid_query_topology,E9,power_flow,True,True,True,
IEEE14_SCN_000755,E2,E4_Full,API,True,True,True,"{'H-NUM': False, 'H-TOP': False, 'H-EQP': False, 'H-PHY': False, 'H-TOOL': False, 'H-ACT': False}",SUCCESS,1.0875630378723145,1.0,True,"```json
{""event_class"":""E2"",""confidence"":1.0,""tool"":""power_flow"",""reason"":""The injected mechanism specifies a 20% demand decrease across four load buses, which corresponds to class E2 (Load Drop).""}
```",E2,none,demand,high,n1_security;grid_query_topology,E2,power_flow,True,True,False,
IEEE14_SCN_002041,E3,E4_Full,API,True,True,True,"{'H-NUM': False, 'H-TOP': False, 'H-EQP': False, 'H-PHY': False, 'H-TOOL': False, 'H-ACT': False}",SUCCESS,0.907827854156494,1.0,True,"```json
{""event_class"": ""E3"", ""confidence"": 1.0, ""tool"": ""contingency"", ""reason"": ""The injected event is a single transmission line outage on line_6_13, which classifies as an E3 transmission-line outage.""}
```",E3,undervoltage,branch,high,power_flow;state_estimation;contingency;n1_security;grid_query_topology;grid_query_limits,E3,contingency,True,True,True,
IEEE14_SCN_002388,E7,E4_Full,API,True,True,True,"{'H-NUM': False, 'H-TOP': False, 'H-EQP': False, 'H-PHY': False, 'H-TOOL': False, 'H-ACT': False}",SUCCESS,1.1835296154022217,0.98,True,"```json
{""event_class"":""E7"",""confidence"":0.98,""tool"":""grid_query"",""reason"":""Excitation setpoints raised across multiple generators lead to a post-event peak voltage of 1.0800 p.u., triggering an overvoltage condition (V>1.05).""}
```",E7,overvoltage,none,high,power_flow;state_estimation;n1_security;grid_query_topology;grid_query_limits,E7,grid_query,True,True,False,
IEEE14_SCN_002566,E9,E4_Full,API,True,True,True,"{'H-NUM': False, 'H-TOP': False, 'H-EQP': False, 'H-PHY': False, 'H-TOOL': False, 'H-ACT': False}",SUCCESS,1.0786311626434326,1.0,True,"```json
{""event_class"":""E9"",""confidence"":1.0,""tool"":""contingency"",""reason"":""The injected mechanism explicitly states a compound event combining a transmission line outage (line_1_2) and a 20% demand increase across multiple load buses.""}
```",E9,undervoltage+overload,branch+demand,high,power_flow;state_estimation;contingency;n1_security;opf;grid_query_topology;grid_query_limits,E9,contingency,True,False,True,
IEEE14_SCN_002979,E9,E4_Full,API,True,True,True,"{'H-NUM': False, 'H-TOP': False, 'H-EQP': False, 'H-PHY': False, 'H-TOOL': False, 'H-ACT': False}",SUCCESS,0.930877447128296,1.0,True,"```json
{""event_class"":""E9"",""confidence"":1.0,""tool"":""power_flow"",""reason"":""The injected description explicitly specifies a compound event combining the outage of line_2_4 and a 20 percent demand increase across 11 components.""}
```",E9,none,branch+demand,high,power_flow;contingency;n1_security;grid_query_topology,E9,power_flow,True,True,True,
IEEE14_SCN_002925,E9,E4_Full,API,True,True,True,"{'H-NUM': False, 'H-TOP': False, 'H-EQP': False, 'H-PHY': False, 'H-TOOL': False, 'H-ACT': False}",SUCCESS,1.2133874893188477,0.99,True,"```json
{
  ""event_class"": ""E9"",
  ""confidence"": 0.99,
  ""tool"": ""contingency"",
  ""reason"": ""The injected description explicitly specifies a compound event consisting of a line outage (line_9_14) combined with a 15% demand increase across multiple load buses.""
}
```",E9,none,branch+demand,high,power_flow;contingency;n1_security;grid_query_topology,E9,contingency,True,True,True,
IEEE14_SCN_001467,E4,E4_Full,API,True,True,True,"{'H-NUM': False, 'H-TOP': False, 'H-EQP': False, 'H-PHY': False, 'H-TOOL': False, 'H-ACT': False}",SUCCESS,1.0483365058898926,1.0,True,"```json
{""event_class"":""E4"",""confidence"":1.0,""tool"":""power_flow"",""reason"":""The injected mechanism is a single generator outage of gen_G3, which corresponds to class E4.""}
```",E4,none,generator,high,power_flow;contingency;n1_security;grid_query_topology,E4,power_flow,True,True,True,
IEEE14_SCN_002621,E9,E4_Full,API,True,True,True,"{'H-NUM': False, 'H-TOP': False, 'H-EQP': False, 'H-PHY': False, 'H-TOOL': False, 'H-ACT': False}",SUCCESS,0.958376169204712,0.99,True,"```json
{
  ""event_class"": ""E9"",
  ""confidence"": 0.99,
  ""tool"": ""power_flow"",
  ""reason"": ""The injected description explicitly specifies a compound event consisting of a transmission line outage combined with a 20% demand increase across multiple load components.""
}
```",E9,overload,branch+demand,high,power_flow;state_estimation;contingency;n1_security;opf;grid_query_topology;grid_query_limits,E9,power_flow,True,True,True,
IEEE14_SCN_002945,E9,E4_Full,API,True,True,True,"{'H-NUM': False, 'H-TOP': False, 'H-EQP': False, 'H-PHY': False, 'H-TOOL': False, 'H-ACT': False}",SUCCESS,1.2146813869476318,0.99,True,"```json
{
  ""event_class"": ""E9"",
  ""confidence"": 0.99,
  ""tool"": ""power_flow"",
  ""reason"": ""The injected description explicitly specifies a compound event consisting of a line outage (line_3_4) combined with a 15% demand increase across multiple load buses.""
}
```",E9,none,branch+demand,high,power_flow;contingency;n1_security;grid_query_topology,E9,power_flow,True,True,True,
IEEE14_SCN_001395,E4,E4_Full,API,True,True,True,"{'H-NUM': False, 'H-TOP': False, 'H-EQP': False, 'H-PHY': False, 'H-TOOL': False, 'H-ACT': False}",SUCCESS,0.948920965194702,1.0,True,"```json
{""event_class"":""E4"",""confidence"":1.0,""tool"":""power_flow"",""reason"":""The injected mechanism explicitly states an outage of generator G8, corresponding to a single generator outage (E4).""}
```",E4,none,generator,high,power_flow;contingency;n1_security;grid_query_topology,E4,power_flow,True,True,True,
IEEE14_SCN_001944,E3,E4_Full,API,True,True,True,"{'H-NUM': False, 'H-TOP': False, 'H-EQP': False, 'H-PHY': False, 'H-TOOL': False, 'H-ACT': False}",SUCCESS,0.97434401512146,1.0,True,"```json
{""event_class"":""E3"",""confidence"":1.0,""tool"":""contingency"",""reason"":""The injected mechanism explicitly states an outage of line_6_13, which is a single transmission-line outage.""}
```",E3,undervoltage,branch,high,power_flow;state_estimation;contingency;n1_security;grid_query_topology;grid_query_limits,E3,contingency,True,True,True,
IEEE14_SCN_001695,E5,E4_Full,API,True,True,True,"{'H-NUM': False, 'H-TOP': False, 'H-EQP': False, 'H-PHY': False, 'H-TOOL': False, 'H-ACT': False}",SUCCESS,1.1985762119293213,1.0,True,"```json
{""event_class"":""E5"",""confidence"":1.0,""tool"":""power_flow"",""reason"":""Injected event describes a medium down-ramp of 30 availability points at renewable resources sgen_PV14 and sgen_WIND6, corresponding directly to a renewable ramp event.""}
```",E5,none,renewable,high,n1_security;grid_query_topology,E5,power_flow,True,True,False,
IEEE14_SCN_001664,E5,E4_Full,API,True,True,True,"{'H-NUM': False, 'H-TOP': False, 'H-EQP': False, 'H-PHY': False, 'H-TOOL': False, 'H-ACT': False}",SUCCESS,0.8970801830291748,0.99,True,"```json
{
  ""event_class"": ""E5"",
  ""confidence"": 0.99,
  ""tool"": ""power_flow"",
  ""reason"": ""The injected mechanism is a renewable down-ramp of 10 availability points at wind generator sgen_WIND6.""
}
```",E5,none,renewable,high,n1_security;grid_query_topology,E5,power_flow,True,True,False,
IEEE14_SCN_000993,E3,E4_Full,API,True,True,True,"{'H-NUM': False, 'H-TOP': False, 'H-EQP': False, 'H-PHY': False, 'H-TOOL': False, 'H-ACT': False}",SUCCESS,1.0416576862335205,1.0,True,"```json
{""event_class"": ""E3"", ""confidence"": 1.0, ""tool"": ""contingency"", ""reason"": ""The injected mechanism explicitly specifies a single transmission line outage of line_9_14.""}
```",E3,none,branch,high,power_flow;contingency;n1_security;grid_query_topology,E3,contingency,True,True,True,
IEEE14_SCN_001429,E4,E4_Full,API,True,True,True,"{'H-NUM': False, 'H-TOP': False, 'H-EQP': False, 'H-PHY': False, 'H-TOOL': False, 'H-ACT': False}",SUCCESS,0.8957936763763428,1.0,True,"```json
{
  ""event_class"": ""E4"",
  ""confidence"": 1.0,
  ""tool"": ""power_flow"",
  ""reason"": ""The injected event is the outage of generator gen_G2, which is classified as a single generator outage (E4).""
}
```",E4,none,generator,high,power_flow;contingency;n1_security;grid_query_topology,E4,power_flow,True,True,True,
IEEE14_SCN_001827,E3,E4_Full,API,True,True,True,"{'H-NUM': False, 'H-TOP': False, 'H-EQP': False, 'H-PHY': False, 'H-TOOL': False, 'H-ACT': False}",SUCCESS,1.1223859786987305,1.0,True,"```json
{""event_class"":""E3"",""confidence"":1.0,""tool"":""contingency"",""reason"":""The injected mechanism is explicitly a single transmission line outage (line_6_13), which classifies as an E3 Transmission-Line Outage.""}
```",E3,undervoltage,branch,high,power_flow;state_estimation;contingency;n1_security;grid_query_topology;grid_query_limits,E3,contingency,True,True,True,
IEEE14_SCN_001720,E5,E4_Full,API,True,True,True,"{'H-NUM': False, 'H-TOP': False, 'H-EQP': False, 'H-PHY': False, 'H-TOOL': False, 'H-ACT': False}",SUCCESS,1.1362040042877195,0.95,True,"```json
{""event_class"": ""E5"", ""confidence"": 0.95, ""tool"": ""power_flow"", ""reason"": ""The injected mechanism explicitly describes a small up-ramp of availability at renewable resources sgen_PV14 and sgen_WIND6, corresponding directly to the E5 Renewable Ramp class.""}
```",E5,none,renewable,high,n1_security;grid_query_topology,E5,power_flow,True,True,False,
IEEE14_SCN_001858,E4,E4_Full,API,True,True,True,"{'H-NUM': False, 'H-TOP': False, 'H-EQP': False, 'H-PHY': False, 'H-TOOL': False, 'H-ACT': False}",SUCCESS,1.17924165725708,1.0,True,"```json
{
  ""event_class"": ""E4"",
  ""confidence"": 1.0,
  ""tool"": ""power_flow"",
  ""reason"": ""The injected mechanism explicitly states a single unit generator outage of gen_G6, which maps directly to class E4.""
}
```",E4,undervoltage,generator,high,power_flow;state_estimation;contingency;n1_security;grid_query_topology;grid_query_limits,E4,power_flow,True,True,True,
IEEE14_SCN_000735,E2,E4_Full,API,True,True,True,"{'H-NUM': False, 'H-TOP': False, 'H-EQP': False, 'H-PHY': False, 'H-TOOL': False, 'H-ACT': False}",SUCCESS,0.9128646850585938,1.0,True,"```json
{""event_class"": ""E2"", ""confidence"": 1.0, ""tool"": ""power_flow"", ""reason"": ""The injected event is a 20% demand decrease (load drop) at load_bus_6, which corresponds to class E2.""}
```",E2,none,demand,high,n1_security;grid_query_topology,E2,power_flow,True,True,False,
IEEE14_SCN_002341,E7,E4_Full,API,True,True,True,"{'H-NUM': False, 'H-TOP': False, 'H-EQP': False, 'H-PHY': False, 'H-TOOL': False, 'H-ACT': False}",SUCCESS,1.1166179180145264,1.0,True,"```json
{""event_class"":""E7"",""confidence"":1.0,""tool"":""grid_query"",""reason"":""Excitation setpoints raised across multiple generators causing bus overvoltages with peak voltage at 1.0800 p.u. and active overvoltage violations.""}
```",E7,overvoltage,none,high,power_flow;state_estimation;n1_security;grid_query_topology;grid_query_limits,E7,grid_query,True,True,False,
IEEE14_SCN_001199,E3,E4_Full,API,True,True,True,"{'H-NUM': False, 'H-TOP': False, 'H-EQP': False, 'H-PHY': False, 'H-TOOL': False, 'H-ACT': False}",SUCCESS,1.1529078483581543,1.0,True,"```json
{""event_class"":""E3"",""confidence"":1.0,""tool"":""contingency"",""reason"":""The injected mechanism explicitly states a single line outage of line_10_11 (scope single_branch), corresponding directly to class E3.""}
```",E3,none,branch,high,power_flow;contingency;n1_security;grid_query_topology,E3,contingency,True,True,True,
IEEE14_SCN_001384,E4,E4_Full,API,True,True,True,"{'H-NUM': False, 'H-TOP': False, 'H-EQP': False, 'H-PHY': False, 'H-TOOL': False, 'H-ACT': False}",SUCCESS,1.0541725158691406,1.0,True,"```json
{""event_class"": ""E4"", ""confidence"": 1.0, ""tool"": ""contingency"", ""reason"": ""The injected event is a single generator outage of gen_G2, which corresponds directly to class E4.""}
```",E4,none,generator,high,power_flow;contingency;n1_security;grid_query_topology,E4,contingency,True,True,True,
IEEE14_SCN_001784,E5,E4_Full,API,True,True,True,"{'H-NUM': False, 'H-TOP': False, 'H-EQP': False, 'H-PHY': False, 'H-TOOL': False, 'H-ACT': False}",SUCCESS,0.9846067428588868,0.99,True,"```json
{""event_class"": ""E5"", ""confidence"": 0.99, ""tool"": ""power_flow"", ""reason"": ""The injected event is a medium up-ramp of 30 availability points at renewable resources sgen_PV14 and sgen_WIND6, corresponding directly to a renewable ramp (E5).""}
```",E5,none,renewable,high,n1_security;grid_query_topology,E5,power_flow,True,True,False,
IEEE14_SCN_002692,E9,E4_Full,API,True,True,True,"{'H-NUM': False, 'H-TOP': False, 'H-EQP': False, 'H-PHY': False, 'H-TOOL': False, 'H-ACT': False}",SUCCESS,1.0193092823028564,1.0,True,"```json
{""event_class"": ""E9"", ""confidence"": 1.0, ""tool"": ""power_flow"", ""reason"": ""The scenario injects a compound event consisting of a transmission line outage (line_1_2) and a simultaneous load surge (+20% demand across 11 components).""}
```",E9,undervoltage+overload,branch+demand,high,power_flow;state_estimation;contingency;n1_security;opf;grid_query_topology;grid_query_limits,E9,power_flow,True,False,True,
IEEE14_SCN_002494,E9,E4_Full,API,True,True,True,"{'H-NUM': False, 'H-TOP': False, 'H-EQP': False, 'H-PHY': False, 'H-TOOL': False, 'H-ACT': False}",SUCCESS,1.0835058689117432,1.0,True,"```json
{
  ""event_class"": ""E9"",
  ""confidence"": 1.0,
  ""tool"": ""power_flow"",
  ""reason"": ""The injected mechanism explicitly combines a transmission line outage (line_1_2) with a simultaneous demand increase across multiple load buses, constituting a compound event.""
}
```",E9,undervoltage+overload,branch+demand,high,power_flow;state_estimation;contingency;n1_security;opf;grid_query_topology;grid_query_limits,E9,power_flow,True,False,True,
IEEE14_SCN_002988,E9,E4_Full,API,True,True,True,"{'H-NUM': False, 'H-TOP': False, 'H-EQP': False, 'H-PHY': False, 'H-TOOL': False, 'H-ACT': False}",SUCCESS,1.1567339897155762,0.99,True,"```json
{
  ""event_class"": ""E9"",
  ""confidence"": 0.99,
  ""tool"": ""power_flow"",
  ""reason"": ""The injected description explicitly specifies a compound event consisting of a line outage (`line_6_13`) combined with a 20% demand increase across multiple load buses.""
}
```",E9,undervoltage,branch+demand,high,power_flow;state_estimation;contingency;n1_security;grid_query_topology;grid_query_limits,E9,power_flow,True,True,True,
IEEE14_SCN_000068,E0,E4_Full,API,True,True,True,"{'H-NUM': False, 'H-TOP': False, 'H-EQP': False, 'H-PHY': False, 'H-TOOL': False, 'H-ACT': False}",SUCCESS,1.038059949874878,1.0,True,"```json
{""event_class"": ""E0"", ""confidence"": 1.0, ""tool"": ""power_flow"", ""reason"": ""The injected description explicitly states no disturbance was injected and there are no limit violations.""}
```",E0,none,none,high,n1_security;grid_query_topology,E0,power_flow,True,True,False,
IEEE14_SCN_002854,E9,E4_Full,API,True,True,True,"{'H-NUM': False, 'H-TOP': False, 'H-EQP': False, 'H-PHY': False, 'H-TOOL': False, 'H-ACT': False}",SUCCESS,1.1596355438232422,1.0,True,"```json
{
  ""event_class"": ""E9"",
  ""confidence"": 1.0,
  ""tool"": ""power_flow"",
  ""reason"": ""The injected description explicitly specifies a compound event consisting of the outage of line 4-5 and a 20 percent demand increase across 11 components.""
}
```",E9,none,branch+demand,high,power_flow;contingency;n1_security;grid_query_topology,E9,power_flow,True,True,True,
IEEE14_SCN_002234,E7,E4_Full,API,True,True,True,"{'H-NUM': False, 'H-TOP': False, 'H-EQP': False, 'H-PHY': False, 'H-TOOL': False, 'H-ACT': False}",SUCCESS,1.2272419929504397,0.98,True,"```json
{""event_class"":""E7"",""confidence"":0.98,""tool"":""grid_query"",""reason"":""The excitation setpoints were raised across multiple generators, directly causing post-event bus voltages to exceed 1.05 p.u. (peak 1.0800 p.u.) resulting in overvoltage violations.""}
```",E7,overvoltage,none,high,power_flow;state_estimation;n1_security;grid_query_topology;grid_query_limits,E7,grid_query,True,True,False,
IEEE14_SCN_000953,E3,E4_Full,API,True,True,True,"{'H-NUM': False, 'H-TOP': False, 'H-EQP': False, 'H-PHY': False, 'H-TOOL': False, 'H-ACT': False}",SUCCESS,0.8972210884094238,1.0,True,"```json
{""event_class"":""E3"",""confidence"":1.0,""tool"":""contingency"",""reason"":""The injected mechanism is the outage of line 2-5, which corresponds to a single transmission line outage.""}
```",E3,none,branch,high,power_flow;contingency;n1_security;grid_query_topology,E3,contingency,True,True,True,
IEEE14_SCN_002785,E9,E4_Full,API,True,True,True,"{'H-NUM': False, 'H-TOP': False, 'H-EQP': False, 'H-PHY': False, 'H-TOOL': False, 'H-ACT': False}",SUCCESS,0.9209928512573242,1.0,True,"```json
{
  ""event_class"": ""E9"",
  ""confidence"": 1.0,
  ""tool"": ""power_flow"",
  ""reason"": ""The injected mechanism explicitly states a compound event combining a transmission line outage (line_9_14) and a simultaneous load surge (+25% demand) across multiple buses.""
}
```",E9,none,branch+demand,high,power_flow;contingency;n1_security;grid_query_topology,E9,power_flow,True,True,True,
IEEE14_SCN_001925,E3,E4_Full,API,True,True,True,"{'H-NUM': False, 'H-TOP': False, 'H-EQP': False, 'H-PHY': False, 'H-TOOL': False, 'H-ACT': False}",SUCCESS,1.1188786029815674,1.0,True,"```json
{""event_class"":""E3"",""confidence"":1.0,""tool"":""contingency"",""reason"":""The injected mechanism explicitly states a single transmission line outage of line_13_14, classifying it as E3.""}
```",E3,undervoltage,branch,high,power_flow;state_estimation;contingency;n1_security;grid_query_topology;grid_query_limits,E3,contingency,True,True,True,
IEEE14_SCN_002703,E9,E1_LLM,Local,True,True,True,"{'H-NUM': False, 'H-TOP': False, 'H-EQP': False, 'H-PHY': False, 'H-TOOL': False, 'H-ACT': False}",SUCCESS,27.89758038520813,1.0,True,"```json
{
  ""event_class"": ""E9"",
  ""confidence"": 1.0,
  ""tool"": ""contingency"",
  ""reason"": ""The event is explicitly described as a compound mechanism involving a transmission line outage (E3) and a load surge (E1).""
}
```",E9,undervoltage,branch+demand,high,power_flow;state_estimation;contingency;n1_security;grid_query_topology;grid_query_limits,E9,contingency,True,True,True,json
IEEE14_SCN_001981,E3,E1_LLM,Local,True,True,True,"{'H-NUM': False, 'H-TOP': False, 'H-EQP': False, 'H-PHY': False, 'H-TOOL': False, 'H-ACT': False}",SUCCESS,26.345637559890747,1.0,True,"{""event_class"":""E3"",""confidence"":1.0,""tool"":""contingency"",""reason"":""The scenario explicitly inject a single line outage (line_6_13), which corresponds to the definition of E3.""}",E3,undervoltage,branch,high,power_flow;state_estimation;contingency;n1_security;grid_query_topology;grid_query_limits,E3,contingency,True,True,True,json
IEEE14_SCN_000948,E3,E1_LLM,Local,True,True,True,"{'H-NUM': False, 'H-TOP': False, 'H-EQP': False, 'H-PHY': False, 'H-TOOL': False, 'H-ACT': False}",SUCCESS,30.16892075538636,1.0,True,"```json
{
  ""event_class"": ""E3"",
  ""confidence"": 1.0,
  ""tool"": ""contingency"",
  ""reason"": ""The injected mechanism is explicitly defined as the outage of a single transmission line (line_2_4).""
}
```",E3,none,branch,high,power_flow;contingency;n1_security;grid_query_topology,E3,contingency,True,True,True,json
IEEE14_SCN_001349,E4,E1_LLM,Local,True,True,True,"{'H-NUM': False, 'H-TOP': False, 'H-EQP': False, 'H-PHY': False, 'H-TOOL': False, 'H-ACT': False}",SUCCESS,27.82298731803894,1.0,True,"```json
{
  ""event_class"": ""E4"",
  ""confidence"": 1.0,
  ""tool"": ""contingency"",
  ""reason"": ""The injected mechanism is explicitly defined as a single generator outage targeting gen_G6.""
}
```",E4,none,generator,high,power_flow;contingency;n1_security;grid_query_topology,E4,contingency,True,True,True,json
IEEE14_SCN_002035,E3,E1_LLM,Local,True,True,True,"{'H-NUM': False, 'H-TOP': False, 'H-EQP': False, 'H-PHY': False, 'H-TOOL': False, 'H-ACT': False}",SUCCESS,30.785229444503784,1.0,True,"```json
{
  ""event_class"": ""E3"",
  ""confidence"": 1.0,
  ""tool"": ""contingency"",
  ""reason"": ""The scenario explicitly inject a single transmission line outage (line_6_13).""
}
```",E3,undervoltage,branch,high,power_flow;state_estimation;contingency;n1_security;grid_query_topology;grid_query_limits,E3,contingency,True,True,True,json
IEEE14_SCN_002982,E9,E1_LLM,Local,True,True,True,"{'H-NUM': False, 'H-TOP': False, 'H-EQP': False, 'H-PHY': False, 'H-TOOL': False, 'H-ACT': False}",SUCCESS,43.63828754425049,1.0,True,"```json
{
  ""event_class"": ""E9"",
  ""confidence"": 1.0,
  ""tool"": ""contingency"",
  ""reason"": ""The injected event is a compound mechanism combining a transmission line outage (E3) and a load surge (E1).""
}
```",E9,none,branch+demand,high,power_flow;contingency;n1_security;grid_query_topology,E9,contingency,True,True,True,json
IEEE14_SCN_002055,E3,E1_LLM,Local,True,True,True,"{'H-NUM': False, 'H-TOP': False, 'H-EQP': False, 'H-PHY': False, 'H-TOOL': False, 'H-ACT': False}",SUCCESS,36.38042235374451,1.0,True,"```json
{
  ""event_class"": ""E3"",
  ""confidence"": 1.0,
  ""tool"": ""contingency"",
  ""reason"": ""The injected mechanism is explicitly defined as a single transmission line outage (line_6_13).""
}
```",E3,undervoltage,branch,high,power_flow;state_estimation;contingency;n1_security;grid_query_topology;grid_query_limits,E3,contingency,True,True,True,json
IEEE14_SCN_001408,E4,E1_LLM,Local,True,True,True,"{'H-NUM': False, 'H-TOP': False, 'H-EQP': False, 'H-PHY': False, 'H-TOOL': False, 'H-ACT': False}",SUCCESS,43.2422890663147,1.0,True,"```json
{
  ""event_class"": ""E4"",
  ""confidence"": 1.0,
  ""tool"": ""contingency"",
  ""reason"": ""The injected mechanism is a single generator outage targeting gen_G6.""
}
```",E4,none,generator,high,power_flow;contingency;n1_security;grid_query_topology,E4,contingency,True,True,True,json
IEEE14_SCN_001614,E5,E1_LLM,Local,True,True,True,"{'H-NUM': False, 'H-TOP': False, 'H-EQP': False, 'H-PHY': False, 'H-TOOL': False, 'H-ACT': False}",SUCCESS,47.07541632652283,1.0,True,"```json
{
  ""event_class"": ""E5"",
  ""confidence"": 1.0,
  ""tool"": ""power_flow"",
  ""reason"": ""The injected mechanism is explicitly defined as a renewable ramp (up-ramp of PV generation).""
}
```",E5,none,renewable,high,n1_security;grid_query_topology,E5,power_flow,True,True,False,json
IEEE14_SCN_001945,E3,E1_LLM,Local,True,True,True,"{'H-NUM': False, 'H-TOP': False, 'H-EQP': False, 'H-PHY': False, 'H-TOOL': False, 'H-ACT': False}",SUCCESS,44.537534952163696,1.0,True,"```json
{
  ""event_class"": ""E3"",
  ""confidence"": 1.0,
  ""tool"": ""contingency"",
  ""reason"": ""The scenario explicitly inject a single line outage (line_6_13), which matches the definition of E3.""
}
```",E3,undervoltage,branch,high,power_flow;state_estimation;contingency;n1_security;grid_query_topology;grid_query_limits,E3,contingency,True,True,True,json
IEEE14_SCN_002263,E7,E1_LLM,Local,True,True,True,"{'H-NUM': False, 'H-TOP': False, 'H-EQP': False, 'H-PHY': False, 'H-TOOL': False, 'H-ACT': False}",SUCCESS,49.44280862808228,1.0,True,"```json
{
  ""event_class"": ""E7"",
  ""confidence"": 1.0,
  ""tool"": ""grid_query"",
  ""reason"": ""The injection of increased AVR setpoints causes excessive reactive power generation, resulting in the observed overvoltage (V > 1.05) at bus 1.""
}
```",E7,overvoltage,none,high,power_flow;state_estimation;n1_security;grid_query_topology;grid_query_limits,E7,grid_query,True,True,False,json
IEEE14_SCN_001379,E4,E1_LLM,Local,True,True,True,"{'H-NUM': False, 'H-TOP': False, 'H-EQP': False, 'H-PHY': False, 'H-TOOL': False, 'H-ACT': False}",SUCCESS,47.67630219459534,1.0,True,"```json
{
  ""event_class"": ""E4"",
  ""confidence"": 1.0,
  ""tool"": ""contingency"",
  ""reason"": ""The scenario explicitly inject a single generator outage (gen_G6).""
}
```",E4,none,generator,high,power_flow;contingency;n1_security;grid_query_topology,E4,contingency,True,True,True,json
IEEE14_SCN_001155,E3,E1_LLM,Local,True,True,True,"{'H-NUM': False, 'H-TOP': False, 'H-EQP': False, 'H-PHY': False, 'H-TOOL': False, 'H-ACT': False}",SUCCESS,47.06125235557556,1.0,True,"```json
{
  ""event_class"": ""E3"",
  ""confidence"": 1.0,
  ""tool"": ""contingency"",
  ""reason"": ""The scenario explicitly inject a single line outage (line_2_5), which directly corresponds to the definition of E3.""
}
```",E3,none,branch,high,power_flow;contingency;n1_security;grid_query_topology,E3,contingency,True,True,True,json
IEEE14_SCN_002994,E9,E1_LLM,Local,True,True,True,"{'H-NUM': False, 'H-TOP': False, 'H-EQP': False, 'H-PHY': False, 'H-TOOL': False, 'H-ACT': False}",SUCCESS,55.37014031410217,1.0,True,"```json
{
  ""event_class"": ""E9"",
  ""confidence"": 1.0,
  ""tool"": ""power_flow"",
  ""reason"": ""The injected mechanism is explicitly described as a compound event involving multiple simultaneous disturbances (generator outage and renewable ramp).""
}
```",E9,none,branch+demand,high,power_flow;contingency;n1_security;grid_query_topology,E9,power_flow,True,True,True,json
IEEE14_SCN_002292,E7,E1_LLM,Local,True,True,True,"{'H-NUM': False, 'H-TOP': False, 'H-EQP': False, 'H-PHY': False, 'H-TOOL': False, 'H-ACT': False}",SUCCESS,59.4244556427002,1.0,True,"```json
{
  ""event_class"": ""E7"",
  ""confidence"": 1.0,
  ""tool"": ""power_flow"",
  ""reason"": ""The injection of increased excitation setpoints caused the system voltage to exceed 1.05 pu, resulting in an overvoltage event.""
}
```",E7,overvoltage,none,high,power_flow;state_estimation;n1_security;grid_query_topology;grid_query_limits,E7,power_flow,True,True,True,json
IEEE14_SCN_001918,E3,E1_LLM,Local,True,True,True,"{'H-NUM': False, 'H-TOP': False, 'H-EQP': False, 'H-PHY': False, 'H-TOOL': False, 'H-ACT': False}",SUCCESS,45.829620361328125,1.0,True,"```json
{
  ""event_class"": ""E3"",
  ""confidence"": 1.0,
  ""tool"": ""contingency"",
  ""reason"": ""The injected mechanism is explicitly defined as a single line outage of line_6_13.""
}
```",E3,undervoltage,branch,high,power_flow;state_estimation;contingency;n1_security;grid_query_topology;grid_query_limits,E3,contingency,True,True,True,json
IEEE14_SCN_001027,E3,E1_LLM,Local,True,True,True,"{'H-NUM': False, 'H-TOP': False, 'H-EQP': False, 'H-PHY': False, 'H-TOOL': False, 'H-ACT': False}",SUCCESS,48.93577742576599,1.0,True,"```json
{
  ""event_class"": ""E3"",
  ""confidence"": 1.0,
  ""tool"": ""contingency"",
  ""reason"": ""The scenario explicitly inject a single line outage on line_2_5, which corresponds to the definition of E3.""
}
```",E3,none,branch,high,power_flow;contingency;n1_security;grid_query_topology,E3,contingency,True,True,True,json
IEEE14_SCN_002976,E9,E1_LLM,Local,True,True,True,"{'H-NUM': False, 'H-TOP': False, 'H-EQP': False, 'H-PHY': False, 'H-TOOL': False, 'H-ACT': False}",SUCCESS,57.36735701560974,1.0,True,"```json
{
  ""event_class"": ""E9"",
  ""confidence"": 1.0,
  ""tool"": ""contingency"",
  ""reason"": ""The event is explicitly described as a compound mechanism involving a transmission line outage (E3) and a significant load surge (E1).""
}
```",E9,undervoltage,branch+demand,high,power_flow;state_estimation;contingency;n1_security;grid_query_topology;grid_query_limits,E9,contingency,True,True,True,json
IEEE14_SCN_000382,E1,E1_LLM,Local,True,True,True,"{'H-NUM': False, 'H-TOP': False, 'H-EQP': False, 'H-PHY': False, 'H-TOOL': False, 'H-ACT': False}",SUCCESS,39.91268992424011,1.0,True,"```json
{
  ""event_class"": ""E1"",
  ""confidence"": 1.0,
  ""tool"": ""grid_query"",
  ""reason"": ""The injected mechanism is a 30% demand increase at a single bus, which defines a load surge (E1).""
}
```",E1,none,demand,high,n1_security;grid_query_topology,E1,grid_query,True,True,False,json
IEEE14_SCN_002050,E3,E1_LLM,Local,True,True,True,"{'H-NUM': False, 'H-TOP': False, 'H-EQP': False, 'H-PHY': False, 'H-TOOL': False, 'H-ACT': False}",SUCCESS,37.843873500823975,1.0,True,"```json
{
  ""event_class"": ""E3"",
  ""confidence"": 1.0,
  ""tool"": ""contingency"",
  ""reason"": ""The scenario explicitly inject a single line outage on line_6_13.""
}
```",E3,undervoltage,branch,high,power_flow;state_estimation;contingency;n1_security;grid_query_topology;grid_query_limits,E3,contingency,True,True,True,json
IEEE14_SCN_001778,E5,E1_LLM,Local,True,True,True,"{'H-NUM': False, 'H-TOP': False, 'H-EQP': False, 'H-PHY': False, 'H-TOOL': False, 'H-ACT': False}",SUCCESS,47.33336210250855,1.0,True,"```json
{
  ""event_class"": ""E5"",
  ""confidence"": 1.0,
  ""tool"": ""grid_query"",
  ""reason"": ""The injected mechanism is explicitly defined as a renewable_ramp (down-ramp of PV) targeting sgen_PV14.""
}
```",E5,none,renewable,high,n1_security;grid_query_topology,E5,grid_query,True,True,False,json
IEEE14_SCN_001347,E4,E1_LLM,Local,True,True,True,"{'H-NUM': False, 'H-TOP': False, 'H-EQP': False, 'H-PHY': False, 'H-TOOL': False, 'H-ACT': False}",SUCCESS,45.80770516395569,1.0,True,"```json
{
  ""event_class"": ""E4"",
  ""confidence"": 1.0,
  ""tool"": ""contingency"",
  ""reason"": ""The scenario explicitly injected a single generator outage (gen_G8).""
}
```",E4,none,generator,high,power_flow;contingency;n1_security;grid_query_topology,E4,contingency,True,True,True,json
IEEE14_SCN_002877,E9,E1_LLM,Local,True,True,True,"{'H-NUM': False, 'H-TOP': False, 'H-EQP': False, 'H-PHY': False, 'H-TOOL': False, 'H-ACT': False}",SUCCESS,48.12034368515015,1.0,True,"```json
{
  ""event_class"": ""E9"",
  ""confidence"": 1.0,
  ""tool"": ""contingency"",
  ""reason"": ""The injected mechanism is a compound event combining a transmission line outage (E3) and a load surge (E1).""
}
```",E9,none,branch+demand,high,power_flow;contingency;n1_security;grid_query_topology,E9,contingency,True,True,True,json
IEEE14_SCN_001956,E3,E1_LLM,Local,True,True,True,"{'H-NUM': False, 'H-TOP': False, 'H-EQP': False, 'H-PHY': False, 'H-TOOL': False, 'H-ACT': False}",SUCCESS,47.87610101699829,1.0,True,"```json
{
  ""event_class"": ""E3"",
  ""confidence"": 1.0,
  ""tool"": ""contingency"",
  ""reason"": ""The injected mechanism is explicitly defined as a single line outage (line_6_13).""
}
```",E3,undervoltage,branch,high,power_flow;state_estimation;contingency;n1_security;grid_query_topology;grid_query_limits,E3,contingency,True,True,True,json
IEEE14_SCN_001046,E3,E1_LLM,Local,True,True,True,"{'H-NUM': False, 'H-TOP': False, 'H-EQP': False, 'H-PHY': False, 'H-TOOL': False, 'H-ACT': False}",SUCCESS,47.21144819259644,1.0,True,"```json
{
  ""event_class"": ""E3"",
  ""confidence"": 1.0,
  ""tool"": ""contingency"",
  ""reason"": ""The scenario explicitly inject a single transmission line outage (line_6_13).""
}
```",E3,none,branch,high,power_flow;contingency;n1_security;grid_query_topology,E3,contingency,True,True,True,json
IEEE14_SCN_000841,E2,E1_LLM,Local,True,True,True,"{'H-NUM': False, 'H-TOP': False, 'H-EQP': False, 'H-PHY': False, 'H-TOOL': False, 'H-ACT': False}",SUCCESS,42.962536573410034,1.0,True,"```json
{
  ""event_class"": ""E2"",
  ""confidence"": 1.0,
  ""tool"": ""power_flow"",
  ""reason"": ""The injected mechanism is a 10% demand decrease at a single bus, which directly corresponds to a Load Drop (E2).""
}
```",E2,none,demand,high,n1_security;grid_query_topology,E2,power_flow,True,True,False,json
IEEE14_SCN_002843,E9,E1_LLM,Local,True,True,True,"{'H-NUM': False, 'H-TOP': False, 'H-EQP': False, 'H-PHY': False, 'H-TOOL': False, 'H-ACT': False}",SUCCESS,52.958091259002686,1.0,True,"```json
{
  ""event_class"": ""E9"",
  ""confidence"": 1.0,
  ""tool"": ""contingency"",
  ""reason"": ""The event is explicitly described as a compound mechanism involving the outage of gen_G6 and a large down-ramp of renewable generation (PV14 and WIND6).""
}
```",E9,none,branch+demand,high,power_flow;contingency;n1_security;grid_query_topology,E9,contingency,True,True,True,json
IEEE14_SCN_000730,E2,E1_LLM,Local,True,True,True,"{'H-NUM': False, 'H-TOP': False, 'H-EQP': False, 'H-PHY': False, 'H-TOOL': False, 'H-ACT': False}",SUCCESS,54.56222438812256,1.0,True,"```json
{
  ""event_class"": ""E2"",
  ""confidence"": 1.0,
  ""tool"": ""grid_query"",
  ""reason"": ""The injected mechanism is a 10% demand decrease at a single bus, which directly corresponds to a Load Drop (E2).""
}
```",E2,none,demand,high,n1_security;grid_query_topology,E2,grid_query,True,True,False,json
IEEE14_SCN_001796,E5,E1_LLM,Local,True,True,True,"{'H-NUM': False, 'H-TOP': False, 'H-EQP': False, 'H-PHY': False, 'H-TOOL': False, 'H-ACT': False}",SUCCESS,43.05563378334045,1.0,True,"```json
{
  ""event_class"": ""E5"",
  ""confidence"": 1.0,
  ""tool"": ""power_flow"",
  ""reason"": ""The injected mechanism is explicitly defined as a large up-ramp of renewable generation (PV) at sgen_PV14.""
}
```",E5,none,renewable,high,n1_security;grid_query_topology,E5,power_flow,True,True,False,json
IEEE14_SCN_001122,E3,E1_LLM,Local,True,True,True,"{'H-NUM': False, 'H-TOP': False, 'H-EQP': False, 'H-PHY': False, 'H-TOOL': False, 'H-ACT': False}",SUCCESS,42.69475221633911,1.0,True,"```json
{
  ""event_class"": ""E3"",
  ""confidence"": 1.0,
  ""tool"": ""contingency"",
  ""reason"": ""The scenario explicitly inject a single line outage (line_9_10), which matches the definition of E3.""
}
```",E3,none,branch,high,power_flow;contingency;n1_security;grid_query_topology,E3,contingency,True,True,True,json
IEEE14_SCN_002683,E9,E1_LLM,Local,True,True,True,"{'H-NUM': False, 'H-TOP': False, 'H-EQP': False, 'H-PHY': False, 'H-TOOL': False, 'H-ACT': False}",SUCCESS,53.68191766738892,1.0,True,"```json
{
  ""event_class"": ""E9"",
  ""confidence"": 1.0,
  ""tool"": ""contingency"",
  ""reason"": ""The injected event is explicitly defined as a compound mechanism combining a transmission line outage (E3) and a significant load surge (E1).""
}
```",E9,undervoltage+overload,branch+demand,high,power_flow;state_estimation;contingency;n1_security;opf;grid_query_topology;grid_query_limits,E9,contingency,True,False,True,json
IEEE14_SCN_001608,E5,E1_LLM,Local,True,True,True,"{'H-NUM': False, 'H-TOP': False, 'H-EQP': False, 'H-PHY': False, 'H-TOOL': False, 'H-ACT': False}",SUCCESS,46.61665225028992,1.0,True,"```json
{
  ""event_class"": ""E5"",
  ""confidence"": 1.0,
  ""tool"": ""power_flow"",
  ""reason"": ""The injected mechanism is explicitly defined as a renewable ramp (down-ramp of PV availability).""
}
```",E5,none,renewable,high,n1_security;grid_query_topology,E5,power_flow,True,True,False,json
IEEE14_SCN_002129,E7,E1_LLM,Local,True,True,True,"{'H-NUM': False, 'H-TOP': False, 'H-EQP': False, 'H-PHY': False, 'H-TOOL': False, 'H-ACT': False}",SUCCESS,53.56199812889099,1.0,True,"```json
{
  ""event_class"": ""E7"",
  ""confidence"": 1.0,
  ""tool"": ""grid_query"",
  ""reason"": ""The injection of increased excitation setpoints directly caused the observed voltage violation (V > 1.05) at multiple buses.""
}
```",E7,overvoltage,none,high,power_flow;state_estimation;n1_security;grid_query_topology;grid_query_limits,E7,grid_query,True,True,False,json
IEEE14_SCN_001253,E4,E1_LLM,Local,True,True,True,"{'H-NUM': False, 'H-TOP': False, 'H-EQP': False, 'H-PHY': False, 'H-TOOL': False, 'H-ACT': False}",SUCCESS,49.74868106842041,1.0,True,"```json
{
  ""event_class"": ""E4"",
  ""confidence"": 1.0,
  ""tool"": ""contingency"",
  ""reason"": ""The injected mechanism is explicitly defined as a single generator outage (gen_G8), matching the definition of E4.""
}
```",E4,none,generator,high,power_flow;contingency;n1_security;grid_query_topology,E4,contingency,True,True,True,json
IEEE14_SCN_001736,E5,E1_LLM,Local,True,True,True,"{'H-NUM': False, 'H-TOP': False, 'H-EQP': False, 'H-PHY': False, 'H-TOOL': False, 'H-ACT': False}",SUCCESS,53.10377478599548,1.0,True,"```json
{
  ""event_class"": ""E5"",
  ""confidence"": 1.0,
  ""tool"": ""grid_query"",
  ""reason"": ""The injected mechanism is explicitly defined as a small down-ramp of wind generation, which corresponds directly to the E5 Renewable Ramp class.""
}
```",E5,none,renewable,high,n1_security;grid_query_topology,E5,grid_query,True,True,False,json
IEEE14_SCN_001334,E4,E1_LLM,Local,True,True,True,"{'H-NUM': False, 'H-TOP': False, 'H-EQP': False, 'H-PHY': False, 'H-TOOL': False, 'H-ACT': False}",SUCCESS,44.944331407547,1.0,True,"```json
{
  ""event_class"": ""E4"",
  ""confidence"": 1.0,
  ""tool"": ""contingency"",
  ""reason"": ""The scenario explicitly injected a single unit generator outage (gen_G3).""
}
```",E4,none,generator,high,power_flow;contingency;n1_security;grid_query_topology,E4,contingency,True,True,True,json
IEEE14_SCN_000688,E2,E1_LLM,Local,True,True,True,"{'H-NUM': False, 'H-TOP': False, 'H-EQP': False, 'H-PHY': False, 'H-TOOL': False, 'H-ACT': False}",SUCCESS,36.37310242652893,1.0,True,"```json
{
  ""event_class"": ""E2"",
  ""confidence"": 1.0,
  ""tool"": ""grid_query"",
  ""reason"": ""The injected mechanism is a 10% demand decrease at a single bus, which corresponds to a Load Drop (E2).""
}
```",E2,none,demand,high,n1_security;grid_query_topology,E2,grid_query,True,True,False,json
IEEE14_SCN_002071,E3,E1_LLM,Local,True,True,True,"{'H-NUM': False, 'H-TOP': False, 'H-EQP': False, 'H-PHY': False, 'H-TOOL': False, 'H-ACT': False}",SUCCESS,41.40066480636597,1.0,True,"```json
{
  ""event_class"": ""E3"",
  ""confidence"": 1.0,
  ""tool"": ""contingency"",
  ""reason"": ""The injected mechanism is explicitly defined as a single transmission line outage (line_6_13).""
}
```",E3,undervoltage,branch,high,power_flow;state_estimation;contingency;n1_security;grid_query_topology;grid_query_limits,E3,contingency,True,True,True,json
IEEE14_SCN_001282,E4,E1_LLM,Local,True,True,True,"{'H-NUM': False, 'H-TOP': False, 'H-EQP': False, 'H-PHY': False, 'H-TOOL': False, 'H-ACT': False}",SUCCESS,43.32906413078308,1.0,True,"```json
{
  ""event_class"": ""E4"",
  ""confidence"": 1.0,
  ""tool"": ""contingency"",
  ""reason"": ""The injected mechanism is explicitly defined as the outage of a single generator (gen_G2).""
}
```",E4,none,generator,high,power_flow;contingency;n1_security;grid_query_topology,E4,contingency,True,True,True,json
IEEE14_SCN_001766,E5,E1_LLM,Local,True,True,True,"{'H-NUM': False, 'H-TOP': False, 'H-EQP': False, 'H-PHY': False, 'H-TOOL': False, 'H-ACT': False}",SUCCESS,43.63625025749207,1.0,True,"```json
{
  ""event_class"": ""E5"",
  ""confidence"": 1.0,
  ""tool"": ""power_flow"",
  ""reason"": ""The injected mechanism is explicitly defined as a large down-ramp of wind availability, which corresponds to a renewable ramp (E5).""
}
```",E5,none,renewable,high,n1_security;grid_query_topology,E5,power_flow,True,True,False,json
IEEE14_SCN_001668,E5,E1_LLM,Local,True,True,True,"{'H-NUM': False, 'H-TOP': False, 'H-EQP': False, 'H-PHY': False, 'H-TOOL': False, 'H-ACT': False}",SUCCESS,39.10613107681274,1.0,True,"```json
{
  ""event_class"": ""E5"",
  ""confidence"": 1.0,
  ""tool"": ""grid_query"",
  ""reason"": ""The injected mechanism is explicitly defined as a renewable_ramp (down-ramp) affecting PV and Wind generation.""
}
```",E5,none,renewable,high,n1_security;grid_query_topology,E5,grid_query,True,True,False,json
IEEE14_SCN_000556,E1,E1_LLM,Local,True,True,True,"{'H-NUM': False, 'H-TOP': False, 'H-EQP': False, 'H-PHY': False, 'H-TOOL': False, 'H-ACT': False}",SUCCESS,44.06422710418701,1.0,True,"```json
{
  ""event_class"": ""E1"",
  ""confidence"": 1.0,
  ""tool"": ""grid_query"",
  ""reason"": ""The injected mechanism is explicitly defined as a 10% demand increase (load_change) at a single bus, which corresponds to a Load Surge (E1).""
}
```",E1,none,demand,high,n1_security;grid_query_topology,E1,grid_query,True,True,False,json
IEEE14_SCN_001060,E3,E1_LLM,Local,True,True,True,"{'H-NUM': False, 'H-TOP': False, 'H-EQP': False, 'H-PHY': False, 'H-TOOL': False, 'H-ACT': False}",SUCCESS,44.39445185661316,1.0,True,"```json
{
  ""event_class"": ""E3"",
  ""confidence"": 1.0,
  ""tool"": ""contingency"",
  ""reason"": ""The scenario explicitly inject a single line outage (line_6_13), which directly corresponds to the definition of E3.""
}
```",E3,none,branch,high,power_flow;contingency;n1_security;grid_query_topology,E3,contingency,True,True,True,json
IEEE14_SCN_002986,E9,E1_LLM,Local,True,True,True,"{'H-NUM': False, 'H-TOP': False, 'H-EQP': False, 'H-PHY': False, 'H-TOOL': False, 'H-ACT': False}",SUCCESS,44.49671506881714,1.0,True,"```json
{
  ""event_class"": ""E9"",
  ""confidence"": 1.0,
  ""tool"": ""contingency"",
  ""reason"": ""The event is explicitly described as a compound mechanism involving a line outage and a load surge.""
}
```",E9,none,branch+demand,high,power_flow;contingency;n1_security;grid_query_topology,E9,contingency,True,True,True,json
IEEE14_SCN_000521,E1,E1_LLM,Local,True,True,True,"{'H-NUM': False, 'H-TOP': False, 'H-EQP': False, 'H-PHY': False, 'H-TOOL': False, 'H-ACT': False}",SUCCESS,44.49891781806946,1.0,True,"```json
{
  ""event_class"": ""E1"",
  ""confidence"": 1.0,
  ""tool"": ""power_flow"",
  ""reason"": ""The injected mechanism was a 20% demand increase at specified load buses, which defines a Load Surge (E1).""
}
```",E1,none,demand,high,n1_security;grid_query_topology,E1,power_flow,True,True,False,json
IEEE14_SCN_000636,E2,E1_LLM,Local,True,True,True,"{'H-NUM': False, 'H-TOP': False, 'H-EQP': False, 'H-PHY': False, 'H-TOOL': False, 'H-ACT': False}",SUCCESS,45.2677652835846,1.0,True,"```json
{
  ""event_class"": ""E2"",
  ""confidence"": 1.0,
  ""tool"": ""power_flow"",
  ""reason"": ""The injected mechanism was a 10% demand decrease at a single bus, which directly corresponds to a Load Drop (E2).""
}
```",E2,none,demand,high,n1_security;grid_query_topology,E2,power_flow,True,True,False,json
IEEE14_SCN_000073,E0,E1_LLM,Local,True,True,True,"{'H-NUM': False, 'H-TOP': False, 'H-EQP': False, 'H-PHY': False, 'H-TOOL': False, 'H-ACT': False}",SUCCESS,43.297783851623535,1.0,True,"```json
{
  ""event_class"": ""E0"",
  ""confidence"": 1.0,
  ""tool"": ""grid_query"",
  ""reason"": ""The injected mechanism was explicitly stated as 'none' and 'no disturbance injected'.""
}
```",E0,none,none,high,n1_security;grid_query_topology,E0,grid_query,True,True,False,json
IEEE14_SCN_002471,E9,E1_LLM,Local,True,True,True,"{'H-NUM': False, 'H-TOP': False, 'H-EQP': False, 'H-PHY': False, 'H-TOOL': False, 'H-ACT': False}",SUCCESS,44.9439377784729,1.0,True,"```json
{
  ""event_class"": ""E9"",
  ""confidence"": 1.0,
  ""tool"": ""contingency"",
  ""reason"": ""The injected event is explicitly defined as a compound mechanism combining a transmission line outage (line_1_5) and a significant load surge (20% demand increase).""
}
```",E9,overload,branch+demand,high,power_flow;state_estimation;contingency;n1_security;opf;grid_query_topology;grid_query_limits,E9,contingency,True,True,True,json
IEEE14_SCN_001595,E5,E1_LLM,Local,True,True,True,"{'H-NUM': False, 'H-TOP': False, 'H-EQP': False, 'H-PHY': False, 'H-TOOL': False, 'H-ACT': False}",SUCCESS,45.54949951171875,1.0,True,"```json
{
  ""event_class"": ""E5"",
  ""confidence"": 1.0,
  ""tool"": ""power_flow"",
  ""reason"": ""The injected mechanism is explicitly defined as a renewable ramp increasing the availability of wind generation.""
}
```",E5,none,renewable,high,n1_security;grid_query_topology,E5,power_flow,True,True,False,json
IEEE14_SCN_001803,E3,E1_LLM,Local,True,True,True,"{'H-NUM': False, 'H-TOP': False, 'H-EQP': False, 'H-PHY': False, 'H-TOOL': False, 'H-ACT': False}",SUCCESS,38.12644815444946,1.0,True,"```json
{
  ""event_class"": ""E3"",
  ""confidence"": 1.0,
  ""tool"": ""contingency"",
  ""reason"": ""The injected mechanism is explicitly defined as a single line outage of line_6_13.""
}
```",E3,undervoltage,branch,high,power_flow;state_estimation;contingency;n1_security;grid_query_topology;grid_query_limits,E3,contingency,True,True,True,json
IEEE14_SCN_000370,E1,E1_LLM,Local,True,True,True,"{'H-NUM': False, 'H-TOP': False, 'H-EQP': False, 'H-PHY': False, 'H-TOOL': False, 'H-ACT': False}",SUCCESS,46.65791177749634,1.0,True,"```json
{
  ""event_class"": ""E1"",
  ""confidence"": 1.0,
  ""tool"": ""power_flow"",
  ""reason"": ""The injected mechanism is a 10% demand increase at a single bus, which directly corresponds to a load surge (E1).""
}
```",E1,none,demand,high,n1_security;grid_query_topology,E1,power_flow,True,True,False,json
IEEE14_SCN_000326,E1,E1_LLM,Local,True,True,True,"{'H-NUM': False, 'H-TOP': False, 'H-EQP': False, 'H-PHY': False, 'H-TOOL': False, 'H-ACT': False}",SUCCESS,40.20318937301636,1.0,True,"```json
{
  ""event_class"": ""E1"",
  ""confidence"": 1.0,
  ""tool"": ""grid_query"",
  ""reason"": ""The injected mechanism is a 20% demand increase across multiple components, which defines a Load Surge (E1).""
}
```",E1,none,demand,high,n1_security;grid_query_topology,E1,grid_query,True,True,False,json
IEEE14_SCN_000512,E1,E1_LLM,Local,True,True,True,"{'H-NUM': False, 'H-TOP': False, 'H-EQP': False, 'H-PHY': False, 'H-TOOL': False, 'H-ACT': False}",SUCCESS,40.897420167922974,1.0,True,"```json
{
  ""event_class"": ""E1"",
  ""confidence"": 1.0,
  ""tool"": ""power_flow"",
  ""reason"": ""The scenario explicitly injected a 10% demand increase (load surge) at a single bus.""
}
```",E1,none,demand,high,n1_security;grid_query_topology,E1,power_flow,True,True,False,json
IEEE14_SCN_001954,E4,E1_LLM,Local,True,True,True,"{'H-NUM': False, 'H-TOP': False, 'H-EQP': False, 'H-PHY': False, 'H-TOOL': False, 'H-ACT': False}",SUCCESS,40.189849615097046,1.0,True,"```json
{
  ""event_class"": ""E4"",
  ""confidence"": 1.0,
  ""tool"": ""contingency"",
  ""reason"": ""The injected mechanism is a single unit generator outage targeting gen_G6.""
}
```",E4,undervoltage,generator,high,power_flow;state_estimation;contingency;n1_security;grid_query_topology;grid_query_limits,E4,contingency,True,True,True,json
IEEE14_SCN_001828,E3,E1_LLM,Local,True,True,True,"{'H-NUM': False, 'H-TOP': False, 'H-EQP': False, 'H-PHY': False, 'H-TOOL': False, 'H-ACT': False}",SUCCESS,40.3061728477478,1.0,True,"```json
{
  ""event_class"": ""E3"",
  ""confidence"": 1.0,
  ""tool"": ""contingency"",
  ""reason"": ""The scenario explicitly inject a single line outage (line_6_13), which matches the definition of E3.""
}
```",E3,undervoltage,branch,high,power_flow;state_estimation;contingency;n1_security;grid_query_topology;grid_query_limits,E3,contingency,True,True,True,json
IEEE14_SCN_002781,E9,E1_LLM,Local,True,True,True,"{'H-NUM': False, 'H-TOP': False, 'H-EQP': False, 'H-PHY': False, 'H-TOOL': False, 'H-ACT': False}",SUCCESS,46.10272145271301,1.0,True,"```json
{
  ""event_class"": ""E9"",
  ""confidence"": 1.0,
  ""tool"": ""contingency"",
  ""reason"": ""The event is compound, combining a generator outage (gen_G2) with a large down-ramp of renewable sources (sgen_PV14, sgen_WIND6).""
}
```",E9,none,branch+demand,high,power_flow;contingency;n1_security;grid_query_topology,E9,contingency,True,True,True,json
IEEE14_SCN_000870,E2,E1_LLM,Local,True,True,True,"{'H-NUM': False, 'H-TOP': False, 'H-EQP': False, 'H-PHY': False, 'H-TOOL': False, 'H-ACT': False}",SUCCESS,36.90023350715637,1.0,True,"```json
{
  ""event_class"": ""E2"",
  ""confidence"": 1.0,
  ""tool"": ""grid_query"",
  ""reason"": ""The injected mechanism is a 20% demand decrease at a single bus, which directly corresponds to a Load Drop (E2).""
}
```",E2,none,demand,high,n1_security;grid_query_topology,E2,grid_query,True,True,False,json
IEEE14_SCN_001725,E5,E1_LLM,Local,True,True,True,"{'H-NUM': False, 'H-TOP': False, 'H-EQP': False, 'H-PHY': False, 'H-TOOL': False, 'H-ACT': False}",SUCCESS,44.79120635986328,1.0,True,"```json
{
  ""event_class"": ""E5"",
  ""confidence"": 1.0,
  ""tool"": ""power_flow"",
  ""reason"": ""The injected mechanism is explicitly defined as a renewable ramp (up-ramp) targeting PV generation.""
}
```",E5,none,renewable,high,n1_security;grid_query_topology,E5,power_flow,True,True,False,json
IEEE14_SCN_000928,E3,E1_LLM,Local,True,True,True,"{'H-NUM': False, 'H-TOP': False, 'H-EQP': False, 'H-PHY': False, 'H-TOOL': False, 'H-ACT': False}",SUCCESS,40.38843989372253,1.0,True,"```json
{
  ""event_class"": ""E3"",
  ""confidence"": 1.0,
  ""tool"": ""contingency"",
  ""reason"": ""The injected mechanism is explicitly defined as a single line outage (line_6_12), which corresponds directly to the E3 event class.""
}
```",E3,none,branch,high,power_flow;contingency;n1_security;grid_query_topology,E3,contingency,True,True,True,json
IEEE14_SCN_002027,E3,E1_LLM,Local,True,True,True,"{'H-NUM': False, 'H-TOP': False, 'H-EQP': False, 'H-PHY': False, 'H-TOOL': False, 'H-ACT': False}",SUCCESS,39.49386501312256,1.0,True,"```json
{
  ""event_class"": ""E3"",
  ""confidence"": 1.0,
  ""tool"": ""contingency"",
  ""reason"": ""The injected event is explicitly defined as the outage of a single transmission line (line_6_13).""
}
```",E3,undervoltage,branch,high,power_flow;state_estimation;contingency;n1_security;grid_query_topology;grid_query_limits,E3,contingency,True,True,True,json
IEEE14_SCN_001638,E5,E1_LLM,Local,True,True,True,"{'H-NUM': False, 'H-TOP': False, 'H-EQP': False, 'H-PHY': False, 'H-TOOL': False, 'H-ACT': False}",SUCCESS,44.319040060043335,1.0,True,"```json
{
  ""event_class"": ""E5"",
  ""confidence"": 1.0,
  ""tool"": ""grid_query"",
  ""reason"": ""The injected mechanism is explicitly defined as a renewable ramp (down-ramp of PV availability).""
}
```",E5,none,renewable,high,n1_security;grid_query_topology,E5,grid_query,True,True,False,json
IEEE14_SCN_000679,E2,E1_LLM,Local,True,True,True,"{'H-NUM': False, 'H-TOP': False, 'H-EQP': False, 'H-PHY': False, 'H-TOOL': False, 'H-ACT': False}",SUCCESS,42.87511396408081,1.0,True,"```json
{
  ""event_class"": ""E2"",
  ""confidence"": 1.0,
  ""tool"": ""power_flow"",
  ""reason"": ""The injected mechanism was a 30% demand decrease at a single bus, which directly corresponds to a Load Drop (E2).""
}
```",E2,none,demand,high,n1_security;grid_query_topology,E2,power_flow,True,True,False,json
IEEE14_SCN_002895,E9,E1_LLM,Local,True,True,True,"{'H-NUM': False, 'H-TOP': False, 'H-EQP': False, 'H-PHY': False, 'H-TOOL': False, 'H-ACT': False}",SUCCESS,44.68228960037232,1.0,True,"```json
{
  ""event_class"": ""E9"",
  ""confidence"": 1.0,
  ""tool"": ""contingency"",
  ""reason"": ""The event is explicitly described as a compound mechanism involving a line outage and a load surge.""
}
```",E9,none,branch+demand,high,power_flow;contingency;n1_security;grid_query_topology,E9,contingency,True,True,True,json
IEEE14_SCN_000738,E2,E1_LLM,Local,True,True,True,"{'H-NUM': False, 'H-TOP': False, 'H-EQP': False, 'H-PHY': False, 'H-TOOL': False, 'H-ACT': False}",SUCCESS,37.51402473449707,1.0,True,"```json
{
  ""event_class"": ""E2"",
  ""confidence"": 1.0,
  ""tool"": ""grid_query"",
  ""reason"": ""The injected mechanism is a 30% demand decrease (load drop) at a single bus.""
}
```",E2,none,demand,high,n1_security;grid_query_topology,E2,grid_query,True,True,False,json
IEEE14_SCN_001211,E4,E1_LLM,Local,True,True,True,"{'H-NUM': False, 'H-TOP': False, 'H-EQP': False, 'H-PHY': False, 'H-TOOL': False, 'H-ACT': False}",SUCCESS,42.28753161430359,1.0,True,"```json
{
  ""event_class"": ""E4"",
  ""confidence"": 1.0,
  ""tool"": ""contingency"",
  ""reason"": ""The injected mechanism is explicitly defined as a single unit generator outage of gen_G8.""
}
```",E4,none,generator,high,power_flow;contingency;n1_security;grid_query_topology,E4,contingency,True,True,True,json
IEEE14_SCN_001744,E5,E1_LLM,Local,True,True,True,"{'H-NUM': False, 'H-TOP': False, 'H-EQP': False, 'H-PHY': False, 'H-TOOL': False, 'H-ACT': False}",SUCCESS,44.50767493247986,1.0,True,"```json
{
  ""event_class"": ""E5"",
  ""confidence"": 1.0,
  ""tool"": ""power_flow"",
  ""reason"": ""The injected mechanism is explicitly defined as a renewable ramp (up-ramp of PV) targeting sgen_PV14.""
}
```",E5,none,renewable,high,n1_security;grid_query_topology,E5,power_flow,True,True,False,json
IEEE14_SCN_000352,E1,E1_LLM,Local,True,True,True,"{'H-NUM': False, 'H-TOP': False, 'H-EQP': False, 'H-PHY': False, 'H-TOOL': False, 'H-ACT': False}",SUCCESS,37.94705367088318,1.0,True,"```json
{
  ""event_class"": ""E1"",
  ""confidence"": 1.0,
  ""tool"": ""power_flow"",
  ""reason"": ""The scenario explicitly injected a 30% demand increase (load surge) at a single bus.""
}
```",E1,none,demand,high,n1_security;grid_query_topology,E1,power_flow,True,True,False,json
IEEE14_SCN_000392,E1,E1_LLM,Local,True,True,True,"{'H-NUM': False, 'H-TOP': False, 'H-EQP': False, 'H-PHY': False, 'H-TOOL': False, 'H-ACT': False}",SUCCESS,44.26587653160095,1.0,True,"```json
{
  ""event_class"": ""E1"",
  ""confidence"": 1.0,
  ""tool"": ""power_flow"",
  ""reason"": ""The injected mechanism is a 20% demand increase at a single bus, which defines a Load Surge (E1).""
}
```",E1,none,demand,high,n1_security;grid_query_topology,E1,power_flow,True,True,False,json
IEEE14_SCN_002536,E9,E1_LLM,Local,True,True,True,"{'H-NUM': False, 'H-TOP': False, 'H-EQP': False, 'H-PHY': False, 'H-TOOL': False, 'H-ACT': False}",SUCCESS,50.15324354171753,1.0,True,"```json
{
  ""event_class"": ""E9"",
  ""confidence"": 1.0,
  ""tool"": ""contingency"",
  ""reason"": ""The event is explicitly described as a compound mechanism involving a transmission line outage (E3) and a load surge (E1).""
}
```",E9,undervoltage+overload,branch+demand,high,power_flow;state_estimation;contingency;n1_security;opf;grid_query_topology;grid_query_limits,E9,contingency,True,False,True,json
IEEE14_SCN_001757,E5,E1_LLM,Local,False,True,True,"{'H-NUM': False, 'H-TOP': True, 'H-EQP': False, 'H-PHY': False, 'H-TOOL': False, 'H-ACT': False}",NO_EFFECT,53.098843574523926,0.95,False,"```json
{
  ""event_class"": ""E9"",
  ""confidence"": 0.95,
  ""tool"": ""power_flow"",
  ""reason"": ""The event is a renewable ramp (E5) which resulted in a post-event overvoltage condition (E7).""
}
```",E5,none,renewable,high,n1_security;grid_query_topology,E9,power_flow,False,True,False,json
IEEE14_SCN_001535,E5,E1_LLM,Local,False,True,True,"{'H-NUM': False, 'H-TOP': False, 'H-EQP': False, 'H-PHY': False, 'H-TOOL': False, 'H-ACT': False}",NO_EFFECT,52.15177369117737,1.0,False,"```json
{
  ""event_class"": ""E9"",
  ""confidence"": 1.0,
  ""tool"": ""power_flow"",
  ""reason"": ""The renewable ramp (E5) injection caused the system voltage to exceed 1.05 pu (E7), resulting in a compound event.""
}
```",E5,none,renewable,high,n1_security;grid_query_topology,E9,power_flow,False,True,False,json
IEEE14_SCN_002826,E9,E1_LLM,Local,True,True,True,"{'H-NUM': False, 'H-TOP': False, 'H-EQP': False, 'H-PHY': False, 'H-TOOL': False, 'H-ACT': False}",SUCCESS,45.30459904670715,1.0,True,"```json
{
  ""event_class"": ""E9"",
  ""confidence"": 1.0,
  ""tool"": ""contingency"",
  ""reason"": ""The event is explicitly defined as a compound mechanism combining a transmission line outage (E3) and a significant load increase (E1).""
}
```",E9,undervoltage,branch+demand,high,power_flow;state_estimation;contingency;n1_security;grid_query_topology;grid_query_limits,E9,contingency,True,True,True,json
IEEE14_SCN_001769,E5,E1_LLM,Local,True,True,True,"{'H-NUM': False, 'H-TOP': False, 'H-EQP': False, 'H-PHY': False, 'H-TOOL': False, 'H-ACT': False}",SUCCESS,40.75980091094971,1.0,True,"```json
{
  ""event_class"": ""E5"",
  ""confidence"": 1.0,
  ""tool"": ""grid_query"",
  ""reason"": ""The injected mechanism is explicitly defined as a large down-ramp of a renewable resource (sgen_PV14), which matches the definition of E5 Renewable Ramp.""
}
```",E5,none,renewable,high,n1_security;grid_query_topology,E5,grid_query,True,True,False,json
IEEE14_SCN_002430,E9,E1_LLM,Local,True,True,True,"{'H-NUM': False, 'H-TOP': False, 'H-EQP': False, 'H-PHY': False, 'H-TOOL': False, 'H-ACT': False}",SUCCESS,49.60542416572571,1.0,True,"```json
{
  ""event_class"": ""E9"",
  ""confidence"": 1.0,
  ""tool"": ""contingency"",
  ""reason"": ""The event is a compound mechanism combining a transmission line outage (line_1_5) and a load surge (20% demand increase).""
}
```",E9,overload,branch+demand,high,power_flow;state_estimation;contingency;n1_security;opf;grid_query_topology;grid_query_limits,E9,contingency,True,True,True,json
IEEE14_SCN_002500,E9,E1_LLM,Local,True,True,True,"{'H-NUM': False, 'H-TOP': False, 'H-EQP': False, 'H-PHY': False, 'H-TOOL': False, 'H-ACT': False}",SUCCESS,49.62230968475342,1.0,True,"```json
{
  ""event_class"": ""E9"",
  ""confidence"": 1.0,
  ""tool"": ""contingency"",
  ""reason"": ""The event is explicitly described as a compound mechanism combining a transmission line outage (E3) and a load surge (E1).""
}
```",E9,undervoltage+overload,branch+demand,high,power_flow;state_estimation;contingency;n1_security;opf;grid_query_topology;grid_query_limits,E9,contingency,True,False,True,json
IEEE14_SCN_001355,E4,E1_LLM,Local,True,True,True,"{'H-NUM': False, 'H-TOP': False, 'H-EQP': False, 'H-PHY': False, 'H-TOOL': False, 'H-ACT': False}",SUCCESS,44.676127910614014,1.0,True,"```json
{
  ""event_class"": ""E4"",
  ""confidence"": 1.0,
  ""tool"": ""contingency"",
  ""reason"": ""The injected mechanism is a single unit generator outage (gen_G6), which directly corresponds to E4.""
}
```",E4,none,generator,high,power_flow;contingency;n1_security;grid_query_topology,E4,contingency,True,True,True,json
IEEE14_SCN_002926,E9,E1_LLM,Local,True,True,True,"{'H-NUM': False, 'H-TOP': False, 'H-EQP': False, 'H-PHY': False, 'H-TOOL': False, 'H-ACT': False}",SUCCESS,44.49594926834106,1.0,True,"```json
{
  ""event_class"": ""E9"",
  ""confidence"": 1.0,
  ""tool"": ""contingency"",
  ""reason"": ""The event is a compound disturbance consisting of a transmission line outage (line_3_4) and a load surge (+20% demand).""
}
```",E9,none,branch+demand,high,power_flow;contingency;n1_security;grid_query_topology,E9,contingency,True,True,True,json
IEEE14_SCN_001686,E5,E1_LLM,Local,True,True,True,"{'H-NUM': False, 'H-TOP': False, 'H-EQP': False, 'H-PHY': False, 'H-TOOL': False, 'H-ACT': False}",SUCCESS,43.99139833450317,1.0,True,"```json
{
  ""event_class"": ""E5"",
  ""confidence"": 1.0,
  ""tool"": ""power_flow"",
  ""reason"": ""The injected mechanism is explicitly defined as a renewable ramp (up-ramp of PV generation).""
}
```",E5,none,renewable,high,n1_security;grid_query_topology,E5,power_flow,True,True,False,json
IEEE14_SCN_002226,E7,E1_LLM,Local,True,True,True,"{'H-NUM': False, 'H-TOP': False, 'H-EQP': False, 'H-PHY': False, 'H-TOOL': False, 'H-ACT': False}",SUCCESS,46.05896353721619,1.0,True,"```json
{
  ""event_class"": ""E7"",
  ""confidence"": 1.0,
  ""tool"": ""power_flow"",
  ""reason"": ""The injection of increased excitation setpoints directly caused the post-event overvoltage observed at bus_1 (V=1.0800 pu).""
}
```",E7,overvoltage,none,high,power_flow;state_estimation;n1_security;grid_query_topology;grid_query_limits,E7,power_flow,True,True,True,json
IEEE14_SCN_002332,E7,E1_LLM,Local,True,True,True,"{'H-NUM': False, 'H-TOP': False, 'H-EQP': False, 'H-PHY': False, 'H-TOOL': False, 'H-ACT': False}",SUCCESS,57.37494373321533,0.5,True,"Thinking Process:

1.  **Analyze the Request:** The goal is to diagnose the INJECTED EVENT CLASS (cause axis) based on the provided scenario data.
2.  **Analyze the Scenario Data:**
    *   **Scenario:** IEEE14_SCN_002332
    *   **Pre-State:** load 0.70, solar 0.61, wind 0.41, SOC 0.70.
    *   **Post-State:** V 1.0099-1.0800 pu peak 0.94% viol 1 under False over True overload False.
    *   **Injected Mechanism:** `avr_setpoint_shift scope voltage_control targets gen_G2;gen_G3;gen_G6;gen_G8;slack_bus_1`
    *   **Injected Description:** `excitation setpoints raised by 0.020 p.u. at 5 compone",E7,overvoltage,none,high,power_flow;state_estimation;n1_security;grid_query_topology;grid_query_limits,E1,power_flow,False,False,True,last-E-digit
IEEE14_SCN_000529,E1,E1_LLM,Local,False,True,True,"{'H-NUM': False, 'H-TOP': True, 'H-EQP': False, 'H-PHY': False, 'H-TOOL': False, 'H-ACT': False}",NO_EFFECT,59.7693989276886,0.5,False,"```json
{
  ""event_class"": ""E9"",
  ""confidence"": 1.0,
",E1,none,demand,high,n1_security;grid_query_topology,E9,power_flow,False,True,False,last-E-digit
IEEE14_SCN_002533,E9,E1_LLM,Local,True,True,True,"{'H-NUM': False, 'H-TOP': False, 'H-EQP': False, 'H-PHY': False, 'H-TOOL': False, 'H-ACT': False}",SUCCESS,39.39294147491455,1.0,True,"```json
{
  ""event_class"": ""E9"",
  ""confidence"": 1.0,
  ""tool"": ""contingency"",
  ""reason"": ""The event is compound, involving a transmission line outage (E3) and a significant load surge (E1).""
}
```",E9,undervoltage+overload,branch+demand,high,power_flow;state_estimation;contingency;n1_security;opf;grid_query_topology;grid_query_limits,E9,contingency,True,False,True,json
IEEE14_SCN_000405,E1,E1_LLM,Local,True,True,True,"{'H-NUM': False, 'H-TOP': False, 'H-EQP': False, 'H-PHY': False, 'H-TOOL': False, 'H-ACT': False}",SUCCESS,42.96122765541077,1.0,True,"```json
{
  ""event_class"": ""E1"",
  ""confidence"": 1.0,
  ""tool"": ""power_flow"",
  ""reason"": ""The injected mechanism is a 40% demand increase (load surge) at multiple bus components.""
}
```",E1,none,demand,high,n1_security;grid_query_topology,E1,power_flow,True,True,False,json
IEEE14_SCN_000967,E3,E1_LLM,Local,True,True,True,"{'H-NUM': False, 'H-TOP': False, 'H-EQP': False, 'H-PHY': False, 'H-TOOL': False, 'H-ACT': False}",SUCCESS,42.7130331993103,1.0,True,"```json
{
  ""event_class"": ""E3"",
  ""confidence"": 1.0,
  ""tool"": ""contingency"",
  ""reason"": ""The injected mechanism is explicitly defined as a single transmission line outage (line_13_14).""
}
```",E3,none,branch,high,power_flow;contingency;n1_security;grid_query_topology,E3,contingency,True,True,True,json
IEEE14_SCN_002153,E7,E1_LLM,Local,True,True,True,"{'H-NUM': False, 'H-TOP': False, 'H-EQP': False, 'H-PHY': False, 'H-TOOL': False, 'H-ACT': False}",SUCCESS,48.27497982978821,1.0,True,"```json
{
  ""event_class"": ""E7"",
  ""confidence"": 1.0,
  ""tool"": ""power_flow"",
  ""reason"": ""The injection of increased AVR setpoints caused the post-event voltage to exceed 1.05 pu, resulting in an overvoltage condition.""
}
```",E7,overvoltage,none,high,power_flow;state_estimation;n1_security;grid_query_topology;grid_query_limits,E7,power_flow,True,True,True,json
IEEE14_SCN_000199,E0,E1_LLM,Local,True,True,True,"{'H-NUM': False, 'H-TOP': False, 'H-EQP': False, 'H-PHY': False, 'H-TOOL': False, 'H-ACT': False}",SUCCESS,36.830525636672974,1.0,True,"```json
{
  ""event_class"": ""E0"",
  ""confidence"": 1.0,
  ""tool"": ""grid_query"",
  ""reason"": ""The input explicitly states that no disturbance was injected and the system operated without limit violations.""
}
```",E0,none,none,high,n1_security;grid_query_topology,E0,grid_query,True,True,False,json
IEEE14_SCN_001428,E4,E1_LLM,Local,True,True,True,"{'H-NUM': False, 'H-TOP': False, 'H-EQP': False, 'H-PHY': False, 'H-TOOL': False, 'H-ACT': False}",SUCCESS,41.96169567108154,1.0,True,"```json
{
  ""event_class"": ""E4"",
  ""confidence"": 1.0,
  ""tool"": ""contingency"",
  ""reason"": ""The scenario explicitly injected a single unit generator outage (gen_G2).""
}
```",E4,none,generator,high,power_flow;contingency;n1_security;grid_query_topology,E4,contingency,True,True,True,json
IEEE14_SCN_000337,E1,E1_LLM,Local,True,True,True,"{'H-NUM': False, 'H-TOP': False, 'H-EQP': False, 'H-PHY': False, 'H-TOOL': False, 'H-ACT': False}",SUCCESS,43.33916211128235,1.0,True,"```json
{
  ""event_class"": ""E1"",
  ""confidence"": 1.0,
  ""tool"": ""power_flow"",
  ""reason"": ""The injected mechanism is a 40% demand increase (load surge) at multiple components, which directly corresponds to E1.""
}
```",E1,none,demand,high,n1_security;grid_query_topology,E1,power_flow,True,True,False,json
IEEE14_SCN_002846,E9,E1_LLM,Local,True,True,True,"{'H-NUM': False, 'H-TOP': False, 'H-EQP': False, 'H-PHY': False, 'H-TOOL': False, 'H-ACT': False}",SUCCESS,48.149763107299805,1.0,True,"```json
{
  ""event_class"": ""E9"",
  ""confidence"": 1.0,
  ""tool"": ""contingency"",
  ""reason"": ""The injected event is explicitly described as a compound mechanism combining a transmission line outage (E3) and a load surge (E1).""
}
```",E9,none,branch+demand,high,power_flow;contingency;n1_security;grid_query_topology,E9,contingency,True,True,True,json
IEEE14_SCN_001338,E4,E1_LLM,Local,True,True,True,"{'H-NUM': False, 'H-TOP': False, 'H-EQP': False, 'H-PHY': False, 'H-TOOL': False, 'H-ACT': False}",SUCCESS,47.88223910331726,1.0,True,"```json
{
  ""event_class"": ""E4"",
  ""confidence"": 1.0,
  ""tool"": ""contingency"",
  ""reason"": ""The scenario explicitly injected a single generator outage (gen_G2).""
}
```",E4,none,generator,high,power_flow;contingency;n1_security;grid_query_topology,E4,contingency,True,True,True,json
IEEE14_SCN_002166,E7,E1_LLM,Local,True,True,True,"{'H-NUM': False, 'H-TOP': False, 'H-EQP': False, 'H-PHY': False, 'H-TOOL': False, 'H-ACT': False}",SUCCESS,56.83566284179688,0.5,True,"```json
{
  ""event_class"": ""E7"",
  ""confidence"": 1.0,
  ""tool"": ""grid_query"",
  ""reason"": ""The post-event state shows bus voltages exceeding 1.05 pu (up to ",E7,overvoltage,none,high,power_flow;state_estimation;n1_security;grid_query_topology;grid_query_limits,E7,power_flow,True,True,True,last-E-digit
IEEE14_SCN_002390,E7,E1_LLM,Local,True,True,True,"{'H-NUM': False, 'H-TOP': False, 'H-EQP': False, 'H-PHY': False, 'H-TOOL': False, 'H-ACT': False}",SUCCESS,47.8780472278595,1.0,True,"```json
{
  ""event_class"": ""E7"",
  ""confidence"": 1.0,
  ""tool"": ""grid_query"",
  ""reason"": ""The injection of AVR setpoint shifts directly caused the post-event voltage to exceed 1.05 pu (up to 1.0800 pu), meeting the criteria for an overvoltage event.""
}
```",E7,overvoltage,none,high,power_flow;state_estimation;n1_security;grid_query_topology;grid_query_limits,E7,grid_query,True,True,False,json
IEEE14_SCN_000539,E1,E1_LLM,Local,True,True,True,"{'H-NUM': False, 'H-TOP': False, 'H-EQP': False, 'H-PHY': False, 'H-TOOL': False, 'H-ACT': False}",SUCCESS,49.99361968040466,1.0,True,"```json
{
  ""event_class"": ""E1"",
  ""confidence"": 1.0,
  ""tool"": ""power_flow"",
  ""reason"": ""The injected mechanism is a 10% demand increase at a specific bus, which directly corresponds to a Load Surge (E1).""
}
```",E1,none,demand,high,n1_security;grid_query_topology,E1,power_flow,True,True,False,json
IEEE14_SCN_001001,E3,E1_LLM,Local,True,True,True,"{'H-NUM': False, 'H-TOP': False, 'H-EQP': False, 'H-PHY': False, 'H-TOOL': False, 'H-ACT': False}",SUCCESS,40.161717653274536,1.0,True,"```json
{
  ""event_class"": ""E3"",
  ""confidence"": 1.0,
  ""tool"": ""contingency"",
  ""reason"": ""The injected mechanism is explicitly defined as a single line outage (line_1_2), which matches the definition of E3.""
}
```",E3,none,branch,high,power_flow;contingency;n1_security;grid_query_topology,E3,contingency,True,True,True,json
IEEE14_SCN_000095,E0,E1_LLM,Local,True,True,True,"{'H-NUM': False, 'H-TOP': False, 'H-EQP': False, 'H-PHY': False, 'H-TOOL': False, 'H-ACT': False}",SUCCESS,38.19861245155335,1.0,True,"```json
{
  ""event_class"": ""E0"",
  ""confidence"": 1.0,
  ""tool"": ""grid_query"",
  ""reason"": ""The scenario explicitly states that no disturbance was injected and the system operated without limit violations.""
}
```",E0,none,none,high,n1_security;grid_query_topology,E0,grid_query,True,True,False,json
IEEE14_SCN_002888,E9,E1_LLM,Local,True,True,True,"{'H-NUM': False, 'H-TOP': False, 'H-EQP': False, 'H-PHY': False, 'H-TOOL': False, 'H-ACT': False}",SUCCESS,38.003111839294434,1.0,True,"```json
{
  ""event_class"": ""E9"",
  ""confidence"": 1.0,
  ""tool"": ""contingency"",
  ""reason"": ""The event is a compound mechanism combining a line outage (E3) and a load surge (E1).""
}
```",E9,none,branch+demand,high,power_flow;contingency;n1_security;grid_query_topology,E9,contingency,True,True,True,json
IEEE14_SCN_001817,E3,E1_LLM,Local,True,True,True,"{'H-NUM': False, 'H-TOP': False, 'H-EQP': False, 'H-PHY': False, 'H-TOOL': False, 'H-ACT': False}",SUCCESS,37.13796830177307,1.0,True,"```json
{
  ""event_class"": ""E3"",
  ""confidence"": 1.0,
  ""tool"": ""contingency"",
  ""reason"": ""The scenario explicitly inject a single transmission line outage (line_6_13).""
}
```",E3,undervoltage,branch,high,power_flow;state_estimation;contingency;n1_security;grid_query_topology;grid_query_limits,E3,contingency,True,True,True,json
IEEE14_SCN_002540,E9,E1_LLM,Local,True,True,True,"{'H-NUM': False, 'H-TOP': False, 'H-EQP': False, 'H-PHY': False, 'H-TOOL': False, 'H-ACT': False}",SUCCESS,44.47647833824158,1.0,True,"```json
{
  ""event_class"": ""E9"",
  ""confidence"": 1.0,
  ""tool"": ""contingency"",
  ""reason"": ""The injected event is a compound mechanism consisting of a transmission line outage (E3) and a significant load surge (E1).""
}
```",E9,overload,branch+demand,high,power_flow;state_estimation;contingency;n1_security;opf;grid_query_topology;grid_query_limits,E9,contingency,True,True,True,json
IEEE14_SCN_002952,E9,E1_LLM,Local,True,True,True,"{'H-NUM': False, 'H-TOP': False, 'H-EQP': False, 'H-PHY': False, 'H-TOOL': False, 'H-ACT': False}",SUCCESS,45.35818719863892,1.0,True,"```json
{
  ""event_class"": ""E9"",
  ""confidence"": 1.0,
  ""tool"": ""contingency"",
  ""reason"": ""The event is a compound mechanism involving a transmission line outage (E3) and a load surge (E1).""
}
```",E9,none,branch+demand,high,power_flow;contingency;n1_security;grid_query_topology,E9,contingency,True,True,True,json
IEEE14_SCN_001116,E3,E1_LLM,Local,True,True,True,"{'H-NUM': False, 'H-TOP': False, 'H-EQP': False, 'H-PHY': False, 'H-TOOL': False, 'H-ACT': False}",SUCCESS,41.64729595184326,1.0,True,"```json
{
  ""event_class"": ""E3"",
  ""confidence"": 1.0,
  ""tool"": ""contingency"",
  ""reason"": ""The injected mechanism is explicitly defined as a single line outage (line_2_5), which corresponds directly to the E3 event class.""
}
```",E3,none,branch,high,power_flow;contingency;n1_security;grid_query_topology,E3,contingency,True,True,True,json
IEEE14_SCN_000995,E3,E1_LLM,Local,True,True,True,"{'H-NUM': False, 'H-TOP': False, 'H-EQP': False, 'H-PHY': False, 'H-TOOL': False, 'H-ACT': False}",SUCCESS,42.28394985198975,1.0,True,"```json
{
  ""event_class"": ""E3"",
  ""confidence"": 1.0,
  ""tool"": ""contingency"",
  ""reason"": ""The scenario explicitly inject a single transmission line outage on line_2_3.""
}
```",E3,none,branch,high,power_flow;contingency;n1_security;grid_query_topology,E3,contingency,True,True,True,json
IEEE14_SCN_000822,E2,E1_LLM,Local,True,True,True,"{'H-NUM': False, 'H-TOP': False, 'H-EQP': False, 'H-PHY': False, 'H-TOOL': False, 'H-ACT': False}",SUCCESS,42.08410429954529,1.0,True,"```json
{
  ""event_class"": ""E2"",
  ""confidence"": 1.0,
  ""tool"": ""power_flow"",
  ""reason"": ""The injected mechanism was a 10% demand decrease at a single bus, which directly corresponds to a Load Drop (E2).""
}
```",E2,none,demand,high,n1_security;grid_query_topology,E2,power_flow,True,True,False,json
IEEE14_SCN_000054,E0,E1_LLM,Local,True,True,True,"{'H-NUM': False, 'H-TOP': False, 'H-EQP': False, 'H-PHY': False, 'H-TOOL': False, 'H-ACT': False}",SUCCESS,37.05487394332886,1.0,True,"```json
{
  ""event_class"": ""E0"",
  ""confidence"": 1.0,
  ""tool"": ""power_flow"",
  ""reason"": ""The scenario explicitly states that no disturbance was injected and the system operated without limit violations.""
}
```",E0,none,none,high,n1_security;grid_query_topology,E0,power_flow,True,True,False,json
IEEE14_SCN_000407,E1,E1_LLM,Local,True,True,True,"{'H-NUM': False, 'H-TOP': False, 'H-EQP': False, 'H-PHY': False, 'H-TOOL': False, 'H-ACT': False}",SUCCESS,48.83467817306519,1.0,True,"```json
{
  ""event_class"": ""E1"",
  ""confidence"": 1.0,
  ""tool"": ""grid_query"",
  ""reason"": ""The injected mechanism is explicitly defined as a 30% demand increase (load surge) at multiple components.""
}
```",E1,none,demand,high,n1_security;grid_query_topology,E1,grid_query,True,True,False,json
IEEE14_SCN_002404,E9,E1_LLM,Local,True,True,True,"{'H-NUM': False, 'H-TOP': False, 'H-EQP': False, 'H-PHY': False, 'H-TOOL': False, 'H-ACT': False}",SUCCESS,44.11997652053833,1.0,True,"```json
{
  ""event_class"": ""E9"",
  ""confidence"": 1.0,
  ""tool"": ""contingency"",
  ""reason"": ""The event is a compound mechanism combining a line outage (E3) and a load surge (E1).""
}
```",E9,overload,branch+demand,high,power_flow;state_estimation;contingency;n1_security;opf;grid_query_topology;grid_query_limits,E9,contingency,True,True,True,json
IEEE14_SCN_002496,E9,E1_LLM,Local,True,True,True,"{'H-NUM': False, 'H-TOP': False, 'H-EQP': False, 'H-PHY': False, 'H-TOOL': False, 'H-ACT': False}",SUCCESS,50.09248113632202,1.0,True,"```json
{
  ""event_class"": ""E9"",
  ""confidence"": 1.0,
  ""tool"": ""contingency"",
  ""reason"": ""The event is a compound mechanism combining a transmission line outage (E3) and a load surge (E1).""
}
```",E9,undervoltage+overload,branch+demand,high,power_flow;state_estimation;contingency;n1_security;opf;grid_query_topology;grid_query_limits,E9,contingency,True,False,True,json
IEEE14_SCN_001353,E4,E1_LLM,Local,True,True,True,"{'H-NUM': False, 'H-TOP': False, 'H-EQP': False, 'H-PHY': False, 'H-TOOL': False, 'H-ACT': False}",SUCCESS,42.66366124153137,1.0,True,"```json
{
  ""event_class"": ""E4"",
  ""confidence"": 1.0,
  ""tool"": ""contingency"",
  ""reason"": ""The scenario explicitly inject a single generator outage (gen_G8), which matches the definition of E4.""
}
```",E4,none,generator,high,power_flow;contingency;n1_security;grid_query_topology,E4,contingency,True,True,True,json
IEEE14_SCN_002776,E9,E1_LLM,Local,True,True,True,"{'H-NUM': False, 'H-TOP': False, 'H-EQP': False, 'H-PHY': False, 'H-TOOL': False, 'H-ACT': False}",SUCCESS,45.86566519737244,1.0,True,"```json
{
  ""event_class"": ""E9"",
  ""confidence"": 1.0,
  ""tool"": ""contingency"",
  ""reason"": ""The event is a compound mechanism involving a transmission line outage (E3) and a load surge (E1).""
}
```",E9,none,branch+demand,high,power_flow;contingency;n1_security;grid_query_topology,E9,contingency,True,True,True,json
IEEE14_SCN_000755,E2,E1_LLM,Local,True,True,True,"{'H-NUM': False, 'H-TOP': False, 'H-EQP': False, 'H-PHY': False, 'H-TOOL': False, 'H-ACT': False}",SUCCESS,39.529621601104736,1.0,True,"```json
{
  ""event_class"": ""E2"",
  ""confidence"": 1.0,
  ""tool"": ""power_flow"",
  ""reason"": ""The injected mechanism is a 20% demand decrease, which corresponds to a Load Drop (E2).""
}
```",E2,none,demand,high,n1_security;grid_query_topology,E2,power_flow,True,True,False,json
IEEE14_SCN_002041,E3,E1_LLM,Local,True,True,True,"{'H-NUM': False, 'H-TOP': False, 'H-EQP': False, 'H-PHY': False, 'H-TOOL': False, 'H-ACT': False}",SUCCESS,37.61292886734009,1.0,True,"```json
{
  ""event_class"": ""E3"",
  ""confidence"": 1.0,
  ""tool"": ""contingency"",
  ""reason"": ""The injected mechanism is explicitly defined as a single transmission line outage (line_6_13).""
}
```",E3,undervoltage,branch,high,power_flow;state_estimation;contingency;n1_security;grid_query_topology;grid_query_limits,E3,contingency,True,True,True,json
IEEE14_SCN_002388,E7,E1_LLM,Local,True,True,True,"{'H-NUM': False, 'H-TOP': False, 'H-EQP': False, 'H-PHY': False, 'H-TOOL': False, 'H-ACT': False}",SUCCESS,45.03380584716797,1.0,True,"```json
{
  ""event_class"": ""E7"",
  ""confidence"": 1.0,
  ""tool"": ""grid_query"",
  ""reason"": ""The injection of increased excitation setpoints caused the system voltage to exceed 1.05 pu, resulting in an overvoltage event.""
}
```",E7,overvoltage,none,high,power_flow;state_estimation;n1_security;grid_query_topology;grid_query_limits,E7,grid_query,True,True,False,json
IEEE14_SCN_002566,E9,E1_LLM,Local,True,True,True,"{'H-NUM': False, 'H-TOP': False, 'H-EQP': False, 'H-PHY': False, 'H-TOOL': False, 'H-ACT': False}",SUCCESS,42.12717008590698,1.0,True,"```json
{
  ""event_class"": ""E9"",
  ""confidence"": 1.0,
  ""tool"": ""contingency"",
  ""reason"": ""The event is compound, combining a transmission line outage (E3) and a significant load surge (E1).""
}
```",E9,undervoltage+overload,branch+demand,high,power_flow;state_estimation;contingency;n1_security;opf;grid_query_topology;grid_query_limits,E9,contingency,True,False,True,json
IEEE14_SCN_002979,E9,E1_LLM,Local,True,True,True,"{'H-NUM': False, 'H-TOP': False, 'H-EQP': False, 'H-PHY': False, 'H-TOOL': False, 'H-ACT': False}",SUCCESS,46.72859168052673,1.0,True,"```json
{
  ""event_class"": ""E9"",
  ""confidence"": 1.0,
  ""tool"": ""contingency"",
  ""reason"": ""The event is explicitly described as a compound mechanism involving a line outage and a load surge.""
}
```",E9,none,branch+demand,high,power_flow;contingency;n1_security;grid_query_topology,E9,contingency,True,True,True,json
IEEE14_SCN_002925,E9,E1_LLM,Local,True,True,True,"{'H-NUM': False, 'H-TOP': False, 'H-EQP': False, 'H-PHY': False, 'H-TOOL': False, 'H-ACT': False}",SUCCESS,42.30259609222412,1.0,True,"```json
{
  ""event_class"": ""E9"",
  ""confidence"": 1.0,
  ""tool"": ""contingency"",
  ""reason"": ""The injected mechanism is a compound event consisting of a transmission line outage and a load increase.""
}
```",E9,none,branch+demand,high,power_flow;contingency;n1_security;grid_query_topology,E9,contingency,True,True,True,json
IEEE14_SCN_001467,E4,E1_LLM,Local,True,True,True,"{'H-NUM': False, 'H-TOP': False, 'H-EQP': False, 'H-PHY': False, 'H-TOOL': False, 'H-ACT': False}",SUCCESS,45.45569205284119,1.0,True,"```json
{
  ""event_class"": ""E4"",
  ""confidence"": 1.0,
  ""tool"": ""contingency"",
  ""reason"": ""The scenario explicitly injected a single generator outage (gen_G3).""
}
```",E4,none,generator,high,power_flow;contingency;n1_security;grid_query_topology,E4,contingency,True,True,True,json
IEEE14_SCN_002621,E9,E1_LLM,Local,True,True,True,"{'H-NUM': False, 'H-TOP': False, 'H-EQP': False, 'H-PHY': False, 'H-TOOL': False, 'H-ACT': False}",SUCCESS,47.15246748924256,1.0,True,"```json
{
  ""event_class"": ""E9"",
  ""confidence"": 1.0,
  ""tool"": ""contingency"",
  ""reason"": ""The event is a compound mechanism combining a transmission line outage (line_1_2) and a significant load surge (20% demand increase).""
}
```",E9,overload,branch+demand,high,power_flow;state_estimation;contingency;n1_security;opf;grid_query_topology;grid_query_limits,E9,contingency,True,True,True,json
IEEE14_SCN_002945,E9,E1_LLM,Local,True,True,True,"{'H-NUM': False, 'H-TOP': False, 'H-EQP': False, 'H-PHY': False, 'H-TOOL': False, 'H-ACT': False}",SUCCESS,45.60446906089783,1.0,True,"```json
{
  ""event_class"": ""E9"",
  ""confidence"": 1.0,
  ""tool"": ""contingency"",
  ""reason"": ""The injected event is a compound mechanism combining a transmission line outage (E3) and a load surge (E1).""
}
```",E9,none,branch+demand,high,power_flow;contingency;n1_security;grid_query_topology,E9,contingency,True,True,True,json
IEEE14_SCN_001395,E4,E1_LLM,Local,True,True,True,"{'H-NUM': False, 'H-TOP': False, 'H-EQP': False, 'H-PHY': False, 'H-TOOL': False, 'H-ACT': False}",SUCCESS,41.88875365257263,1.0,True,"```json
{
  ""event_class"": ""E4"",
  ""confidence"": 1.0,
  ""tool"": ""contingency"",
  ""reason"": ""The injected mechanism is a single unit generator outage targeting gen_G8.""
}
```",E4,none,generator,high,power_flow;contingency;n1_security;grid_query_topology,E4,contingency,True,True,True,json
IEEE14_SCN_001944,E3,E1_LLM,Local,True,True,True,"{'H-NUM': False, 'H-TOP': False, 'H-EQP': False, 'H-PHY': False, 'H-TOOL': False, 'H-ACT': False}",SUCCESS,36.842286348342896,1.0,True,"```json
{
  ""event_class"": ""E3"",
  ""confidence"": 1.0,
  ""tool"": ""contingency"",
  ""reason"": ""The injected mechanism is explicitly defined as a single transmission line outage (line_6_13).""
}
```",E3,undervoltage,branch,high,power_flow;state_estimation;contingency;n1_security;grid_query_topology;grid_query_limits,E3,contingency,True,True,True,json
IEEE14_SCN_001695,E5,E1_LLM,Local,True,True,True,"{'H-NUM': False, 'H-TOP': False, 'H-EQP': False, 'H-PHY': False, 'H-TOOL': False, 'H-ACT': False}",SUCCESS,44.64995718002319,1.0,True,"```json
{
  ""event_class"": ""E5"",
  ""confidence"": 1.0,
  ""tool"": ""grid_query"",
  ""reason"": ""The injected mechanism is explicitly defined as a medium down-ramp of renewable generation (PV and Wind), which corresponds directly to the E5 Renewable Ramp class.""
}
```",E5,none,renewable,high,n1_security;grid_query_topology,E5,grid_query,True,True,False,json
IEEE14_SCN_001664,E5,E1_LLM,Local,True,True,True,"{'H-NUM': False, 'H-TOP': False, 'H-EQP': False, 'H-PHY': False, 'H-TOOL': False, 'H-ACT': False}",SUCCESS,40.72543597221375,1.0,True,"```json
{
  ""event_class"": ""E5"",
  ""confidence"": 1.0,
  ""tool"": ""grid_query"",
  ""reason"": ""The injected mechanism is explicitly defined as a renewable_ramp (down-ramp of wind generation) targeting sgen_WIND6.""
}
```",E5,none,renewable,high,n1_security;grid_query_topology,E5,grid_query,True,True,False,json
IEEE14_SCN_000993,E3,E1_LLM,Local,True,True,True,"{'H-NUM': False, 'H-TOP': False, 'H-EQP': False, 'H-PHY': False, 'H-TOOL': False, 'H-ACT': False}",SUCCESS,55.000550985336304,1.0,True,"```json
{
  ""event_class"": ""E3"",
  ""confidence"": 1.0,
  ""tool"": ""contingency"",
  ""reason"": ""The injected mechanism is explicitly defined as a single line outage (line_9_14), which corresponds directly to the E3 Transmission-Line Outage class.""
}
```",E3,none,branch,high,power_flow;contingency;n1_security;grid_query_topology,E3,contingency,True,True,True,json
IEEE14_SCN_001429,E4,E1_LLM,Local,True,True,True,"{'H-NUM': False, 'H-TOP': False, 'H-EQP': False, 'H-PHY': False, 'H-TOOL': False, 'H-ACT': False}",SUCCESS,45.1980619430542,1.0,True,"```json
{
  ""event_class"": ""E4"",
  ""confidence"": 1.0,
  ""tool"": ""contingency"",
  ""reason"": ""The injected mechanism is a single unit generator outage (gen_G2), which directly corresponds to the E4 class.""
}
```",E4,none,generator,high,power_flow;contingency;n1_security;grid_query_topology,E4,contingency,True,True,True,json
IEEE14_SCN_001827,E3,E1_LLM,Local,True,True,True,"{'H-NUM': False, 'H-TOP': False, 'H-EQP': False, 'H-PHY': False, 'H-TOOL': False, 'H-ACT': False}",SUCCESS,40.07849550247192,1.0,True,"```json
{
  ""event_class"": ""E3"",
  ""confidence"": 1.0,
  ""tool"": ""contingency"",
  ""reason"": ""The injected mechanism is explicitly defined as a single line outage (line_6_13).""
}
```",E3,undervoltage,branch,high,power_flow;state_estimation;contingency;n1_security;grid_query_topology;grid_query_limits,E3,contingency,True,True,True,json
IEEE14_SCN_001720,E5,E1_LLM,Local,True,True,True,"{'H-NUM': False, 'H-TOP': False, 'H-EQP': False, 'H-PHY': False, 'H-TOOL': False, 'H-ACT': False}",SUCCESS,42.53536367416382,1.0,True,"```json
{
  ""event_class"": ""E5"",
  ""confidence"": 1.0,
  ""tool"": ""power_flow"",
  ""reason"": ""The scenario explicitly injected a renewable ramp (up-ramp of PV and Wind) which is classified as E5.""
}
```",E5,none,renewable,high,n1_security;grid_query_topology,E5,power_flow,True,True,False,json
IEEE14_SCN_001858,E4,E1_LLM,Local,True,True,True,"{'H-NUM': False, 'H-TOP': False, 'H-EQP': False, 'H-PHY': False, 'H-TOOL': False, 'H-ACT': False}",SUCCESS,41.53136086463928,1.0,True,"```json
{
  ""event_class"": ""E4"",
  ""confidence"": 1.0,
  ""tool"": ""contingency"",
  ""reason"": ""The injected mechanism is a single generator outage (gen_G6), which directly corresponds to the definition of E4.""
}
```",E4,undervoltage,generator,high,power_flow;state_estimation;contingency;n1_security;grid_query_topology;grid_query_limits,E4,contingency,True,True,True,json
IEEE14_SCN_000735,E2,E1_LLM,Local,True,True,True,"{'H-NUM': False, 'H-TOP': False, 'H-EQP': False, 'H-PHY': False, 'H-TOOL': False, 'H-ACT': False}",SUCCESS,44.5898916721344,1.0,True,"```json
{
  ""event_class"": ""E2"",
  ""confidence"": 1.0,
  ""tool"": ""grid_query"",
  ""reason"": ""The injected mechanism is a 20% demand decrease at a single bus, which directly corresponds to the definition of a Load Drop (E2).""
}
```",E2,none,demand,high,n1_security;grid_query_topology,E2,grid_query,True,True,False,json
IEEE14_SCN_002341,E7,E1_LLM,Local,True,True,True,"{'H-NUM': False, 'H-TOP': False, 'H-EQP': False, 'H-PHY': False, 'H-TOOL': False, 'H-ACT': False}",SUCCESS,54.44074773788452,0.95,True,"```json
{
  ""event_class"": ""E7"",
  ""confidence"": 0.95,
  ""tool"": ""grid_query"",
  ""reason"": ""The AVR setpoint shift increases reactive power generation, resulting in confirmed overvoltage (V > 1.05) at multiple buses.""
}
```",E7,overvoltage,none,high,power_flow;state_estimation;n1_security;grid_query_topology;grid_query_limits,E7,grid_query,True,True,False,json
IEEE14_SCN_001199,E3,E1_LLM,Local,True,True,True,"{'H-NUM': False, 'H-TOP': False, 'H-EQP': False, 'H-PHY': False, 'H-TOOL': False, 'H-ACT': False}",SUCCESS,43.80528688430786,1.0,True,"```json
{
  ""event_class"": ""E3"",
  ""confidence"": 1.0,
  ""tool"": ""contingency"",
  ""reason"": ""The scenario explicitly inject a single line outage (line_10_11), which directly corresponds to the E3 Transmission-Line Outage class.""
}
```",E3,none,branch,high,power_flow;contingency;n1_security;grid_query_topology,E3,contingency,True,True,True,json
IEEE14_SCN_001384,E4,E1_LLM,Local,True,True,True,"{'H-NUM': False, 'H-TOP': False, 'H-EQP': False, 'H-PHY': False, 'H-TOOL': False, 'H-ACT': False}",SUCCESS,42.79254484176636,1.0,True,"```json
{
  ""event_class"": ""E4"",
  ""confidence"": 1.0,
  ""tool"": ""contingency"",
  ""reason"": ""The scenario explicitly injected a single generator outage targeting gen_G2.""
}
```",E4,none,generator,high,power_flow;contingency;n1_security;grid_query_topology,E4,contingency,True,True,True,json
IEEE14_SCN_001784,E5,E1_LLM,Local,True,True,True,"{'H-NUM': False, 'H-TOP': False, 'H-EQP': False, 'H-PHY': False, 'H-TOOL': False, 'H-ACT': False}",SUCCESS,39.63586902618408,1.0,True,"```json
{
  ""event_class"": ""E5"",
  ""confidence"": 1.0,
  ""tool"": ""grid_query"",
  ""reason"": ""The injected mechanism is explicitly defined as a renewable_ramp (up-ramp of PV and Wind availability).""
}
```",E5,none,renewable,high,n1_security;grid_query_topology,E5,grid_query,True,True,False,json
IEEE14_SCN_002692,E9,E1_LLM,Local,True,True,True,"{'H-NUM': False, 'H-TOP': False, 'H-EQP': False, 'H-PHY': False, 'H-TOOL': False, 'H-ACT': False}",SUCCESS,47.21784138679504,1.0,True,"```json
{
  ""event_class"": ""E9"",
  ""confidence"": 1.0,
  ""tool"": ""contingency"",
  ""reason"": ""The event is a compound mechanism combining a transmission line outage (E3) and a significant load surge (E1).""
}
```",E9,undervoltage+overload,branch+demand,high,power_flow;state_estimation;contingency;n1_security;opf;grid_query_topology;grid_query_limits,E9,contingency,True,False,True,json
IEEE14_SCN_002494,E9,E1_LLM,Local,True,True,True,"{'H-NUM': False, 'H-TOP': False, 'H-EQP': False, 'H-PHY': False, 'H-TOOL': False, 'H-ACT': False}",SUCCESS,49.13925623893738,1.0,True,"```json
{
  ""event_class"": ""E9"",
  ""confidence"": 1.0,
  ""tool"": ""contingency"",
  ""reason"": ""The event is explicitly described as a compound mechanism involving a transmission line outage and a load surge.""
}
```",E9,undervoltage+overload,branch+demand,high,power_flow;state_estimation;contingency;n1_security;opf;grid_query_topology;grid_query_limits,E9,contingency,True,False,True,json
IEEE14_SCN_002988,E9,E1_LLM,Local,True,True,True,"{'H-NUM': False, 'H-TOP': False, 'H-EQP': False, 'H-PHY': False, 'H-TOOL': False, 'H-ACT': False}",SUCCESS,41.11624240875244,1.0,True,"```json
{
  ""event_class"": ""E9"",
  ""confidence"": 1.0,
  ""tool"": ""contingency"",
  ""reason"": ""The event is compound, involving the outage of line_6_13 and a 20% load demand increase.""
}
```",E9,undervoltage,branch+demand,high,power_flow;state_estimation;contingency;n1_security;grid_query_topology;grid_query_limits,E9,contingency,True,True,True,json
IEEE14_SCN_000068,E0,E1_LLM,Local,True,True,True,"{'H-NUM': False, 'H-TOP': False, 'H-EQP': False, 'H-PHY': False, 'H-TOOL': False, 'H-ACT': False}",SUCCESS,38.68493366241455,1.0,True,"```json
{
  ""event_class"": ""E0"",
  ""confidence"": 1.0,
  ""tool"": ""grid_query"",
  ""reason"": ""The injected mechanism was explicitly stated as 'none' and 'no disturbance injected'.""
}
```",E0,none,none,high,n1_security;grid_query_topology,E0,grid_query,True,True,False,json
IEEE14_SCN_002854,E9,E1_LLM,Local,True,True,True,"{'H-NUM': False, 'H-TOP': False, 'H-EQP': False, 'H-PHY': False, 'H-TOOL': False, 'H-ACT': False}",SUCCESS,50.36633515357971,1.0,True,"```json
{
  ""event_class"": ""E9"",
  ""confidence"": 1.0,
  ""tool"": ""contingency"",
  ""reason"": ""The injected mechanism is a compound event combining a transmission line outage (E3) and a load surge (E1).""
}
```",E9,none,branch+demand,high,power_flow;contingency;n1_security;grid_query_topology,E9,contingency,True,True,True,json
IEEE14_SCN_002234,E7,E1_LLM,Local,True,True,True,"{'H-NUM': False, 'H-TOP': False, 'H-EQP': False, 'H-PHY': False, 'H-TOOL': False, 'H-ACT': False}",SUCCESS,48.16962742805481,1.0,True,"```json
{
  ""event_class"": ""E7"",
  ""confidence"": 1.0,
  ""tool"": ""power_flow"",
  ""reason"": ""The injection of increased excitation setpoints caused the post-event bus voltages to exceed 1.05 pu, resulting in an overvoltage condition.""
}
```",E7,overvoltage,none,high,power_flow;state_estimation;n1_security;grid_query_topology;grid_query_limits,E7,power_flow,True,True,True,json
IEEE14_SCN_000953,E3,E1_LLM,Local,True,True,True,"{'H-NUM': False, 'H-TOP': False, 'H-EQP': False, 'H-PHY': False, 'H-TOOL': False, 'H-ACT': False}",SUCCESS,38.1447696685791,1.0,True,"```json
{
  ""event_class"": ""E3"",
  ""confidence"": 1.0,
  ""tool"": ""contingency"",
  ""reason"": ""The scenario explicitly inject a single transmission line outage (line_2_5).""
}
```",E3,none,branch,high,power_flow;contingency;n1_security;grid_query_topology,E3,contingency,True,True,True,json
IEEE14_SCN_002785,E9,E1_LLM,Local,True,True,True,"{'H-NUM': False, 'H-TOP': False, 'H-EQP': False, 'H-PHY': False, 'H-TOOL': False, 'H-ACT': False}",SUCCESS,40.16378140449524,1.0,True,"```json
{
  ""event_class"": ""E9"",
  ""confidence"": 1.0,
  ""tool"": ""contingency"",
  ""reason"": ""The event is compound, involving a transmission line outage (E3) and a load surge (E1) simultaneously.""
}
```",E9,none,branch+demand,high,power_flow;contingency;n1_security;grid_query_topology,E9,contingency,True,True,True,json
IEEE14_SCN_001925,E3,E1_LLM,Local,True,True,True,"{'H-NUM': False, 'H-TOP': False, 'H-EQP': False, 'H-PHY': False, 'H-TOOL': False, 'H-ACT': False}",SUCCESS,39.31874918937683,1.0,True,"```json
{
  ""event_class"": ""E3"",
  ""confidence"": 1.0,
  ""tool"": ""contingency"",
  ""reason"": ""The scenario explicitly inject a single line outage on line_13_14, which matches the definition of E3.""
}
```",E3,undervoltage,branch,high,power_flow;state_estimation;contingency;n1_security;grid_query_topology;grid_query_limits,E3,contingency,True,True,True,json
IEEE14_SCN_002703,E9,E2_LLM_RAG,Local,True,True,True,"{'H-NUM': False, 'H-TOP': False, 'H-EQP': False, 'H-PHY': False, 'H-TOOL': False, 'H-ACT': False}",SUCCESS,48.40694046020508,1.0,True,"```json
{
  ""event_class"": ""E9"",
  ""confidence"": 1.0,
  ""tool"": ""contingency"",
  ""reason"": ""The injected mechanism is explicitly defined as a compound event combining a transmission line outage and a load surge.""
}
```",E9,undervoltage,branch+demand,high,power_flow;state_estimation;contingency;n1_security;grid_query_topology;grid_query_limits,E9,contingency,True,True,True,json
IEEE14_SCN_001981,E3,E2_LLM_RAG,Local,True,True,True,"{'H-NUM': False, 'H-TOP': False, 'H-EQP': False, 'H-PHY': False, 'H-TOOL': False, 'H-ACT': False}",SUCCESS,41.4348418712616,1.0,True,"```json
{
  ""event_class"": ""E3"",
  ""confidence"": 1.0,
  ""tool"": ""contingency"",
  ""reason"": ""The scenario explicitly inject a single line outage (line_6_13), which matches the definition of E3.""
}
```",E3,undervoltage,branch,high,power_flow;state_estimation;contingency;n1_security;grid_query_topology;grid_query_limits,E3,contingency,True,True,True,json
IEEE14_SCN_000948,E3,E2_LLM_RAG,Local,True,True,True,"{'H-NUM': False, 'H-TOP': False, 'H-EQP': False, 'H-PHY': False, 'H-TOOL': False, 'H-ACT': False}",SUCCESS,44.08281207084656,1.0,True,"```json
{
  ""event_class"": ""E3"",
  ""confidence"": 1.0,
  ""tool"": ""contingency"",
  ""reason"": ""The injected mechanism is explicitly defined as a single line outage of line_2_4, which matches the definition of E3.""
}
```",E3,none,branch,high,power_flow;contingency;n1_security;grid_query_topology,E3,contingency,True,True,True,json
IEEE14_SCN_001349,E4,E2_LLM_RAG,Local,True,True,True,"{'H-NUM': False, 'H-TOP': False, 'H-EQP': False, 'H-PHY': False, 'H-TOOL': False, 'H-ACT': False}",SUCCESS,42.76692962646485,1.0,True,"```json
{
  ""event_class"": ""E4"",
  ""confidence"": 1.0,
  ""tool"": ""contingency"",
  ""reason"": ""The scenario explicitly inject a single unit generator outage (gen_G6), which corresponds to E4.""
}
```",E4,none,generator,high,power_flow;contingency;n1_security;grid_query_topology,E4,contingency,True,True,True,json
IEEE14_SCN_002035,E3,E2_LLM_RAG,Local,True,True,True,"{'H-NUM': False, 'H-TOP': False, 'H-EQP': False, 'H-PHY': False, 'H-TOOL': False, 'H-ACT': False}",SUCCESS,42.37195801734924,1.0,True,"```json
{
  ""event_class"": ""E3"",
  ""confidence"": 1.0,
  ""tool"": ""contingency"",
  ""reason"": ""The scenario explicitly defines the injected mechanism as a single line outage of line_6_13.""
}
```",E3,undervoltage,branch,high,power_flow;state_estimation;contingency;n1_security;grid_query_topology;grid_query_limits,E3,contingency,True,True,True,json
IEEE14_SCN_002982,E9,E2_LLM_RAG,Local,True,True,True,"{'H-NUM': False, 'H-TOP': False, 'H-EQP': False, 'H-PHY': False, 'H-TOOL': False, 'H-ACT': False}",SUCCESS,47.95080590248108,1.0,True,"```json
{
  ""event_class"": ""E9"",
  ""confidence"": 1.0,
  ""tool"": ""contingency"",
  ""reason"": ""The injected mechanism is explicitly defined as a compound event combining a line outage (E3) and a load surge (E1).""
}
```",E9,none,branch+demand,high,power_flow;contingency;n1_security;grid_query_topology,E9,contingency,True,True,True,json
IEEE14_SCN_002055,E3,E2_LLM_RAG,Local,True,True,True,"{'H-NUM': False, 'H-TOP': False, 'H-EQP': False, 'H-PHY': False, 'H-TOOL': False, 'H-ACT': False}",SUCCESS,37.5070481300354,1.0,True,"```json
{
  ""event_class"": ""E3"",
  ""confidence"": 1.0,
  ""tool"": ""contingency"",
  ""reason"": ""The scenario explicitly inject a single line outage on line_6_13, which matches the definition of E3.""
}
```",E3,undervoltage,branch,high,power_flow;state_estimation;contingency;n1_security;grid_query_topology;grid_query_limits,E3,contingency,True,True,True,json
IEEE14_SCN_001408,E4,E2_LLM_RAG,Local,True,True,True,"{'H-NUM': False, 'H-TOP': False, 'H-EQP': False, 'H-PHY': False, 'H-TOOL': False, 'H-ACT': False}",SUCCESS,46.51133155822754,1.0,True,"```json
{
  ""event_class"": ""E4"",
  ""confidence"": 1.0,
  ""tool"": ""contingency"",
  ""reason"": ""The injected mechanism is explicitly defined as a single unit generator outage targeting gen_G6.""
}
```",E4,none,generator,high,power_flow;contingency;n1_security;grid_query_topology,E4,contingency,True,True,True,json
IEEE14_SCN_001614,E5,E2_LLM_RAG,Local,True,True,True,"{'H-NUM': False, 'H-TOP': False, 'H-EQP': False, 'H-PHY': False, 'H-TOOL': False, 'H-ACT': False}",SUCCESS,56.06465673446655,1.0,True,"```json
{
  ""event_class"": ""E5"",
  ""confidence"": 1.0,
  ""tool"": ""power_flow"",
  ""reason"": ""The injected mechanism is explicitly a renewable_ramp targeting a PV generator, which defines event class E5.""
}
```",E5,none,renewable,high,n1_security;grid_query_topology,E5,power_flow,True,True,False,json
IEEE14_SCN_001945,E3,E2_LLM_RAG,Local,True,True,True,"{'H-NUM': False, 'H-TOP': False, 'H-EQP': False, 'H-PHY': False, 'H-TOOL': False, 'H-ACT': False}",SUCCESS,46.35383629798889,1.0,True,"```json
{
  ""event_class"": ""E3"",
  ""confidence"": 1.0,
  ""tool"": ""contingency"",
  ""reason"": ""The scenario explicitly inject a single line outage on line_6_13, which is defined as a Transmission-Line Outage (E3).""
}
```",E3,undervoltage,branch,high,power_flow;state_estimation;contingency;n1_security;grid_query_topology;grid_query_limits,E3,contingency,True,True,True,json
IEEE14_SCN_002263,E7,E2_LLM_RAG,Local,False,True,False,"{'H-NUM': False, 'H-TOP': False, 'H-EQP': False, 'H-PHY': False, 'H-TOOL': False, 'H-ACT': False}",NO_EFFECT,53.80086946487427,0.5,False,```json,E7,overvoltage,none,high,power_flow;state_estimation;n1_security;grid_query_topology;grid_query_limits,?,power_flow,False,False,True,fallback-E0
IEEE14_SCN_001379,E4,E2_LLM_RAG,Local,True,True,True,"{'H-NUM': False, 'H-TOP': False, 'H-EQP': False, 'H-PHY': False, 'H-TOOL': False, 'H-ACT': False}",SUCCESS,43.051315784454346,1.0,True,"```json
{
  ""event_class"": ""E4"",
  ""confidence"": 1.0,
  ""tool"": ""contingency"",
  ""reason"": ""The injected mechanism is explicitly defined as a single unit generator outage targeting gen_G6.""
}
```",E4,none,generator,high,power_flow;contingency;n1_security;grid_query_topology,E4,contingency,True,True,True,json
IEEE14_SCN_001155,E3,E2_LLM_RAG,Local,False,True,True,"{'H-NUM': False, 'H-TOP': False, 'H-EQP': False, 'H-PHY': False, 'H-TOOL': False, 'H-ACT': False}",NO_EFFECT,39.835270166397095,1.0,False,"```json
{
  ""event_class"": ""E9"",
  ""confidence"": 1.0,
  ""tool"": ""contingency"",
  ""reason"": ""The scenario involves a line outage (E3) which results in a post-event overvoltage condition (E7).""
}
```",E3,none,branch,high,power_flow;contingency;n1_security;grid_query_topology,E9,contingency,False,True,True,json
IEEE14_SCN_002994,E9,E2_LLM_RAG,Local,True,True,True,"{'H-NUM': False, 'H-TOP': False, 'H-EQP': False, 'H-PHY': False, 'H-TOOL': False, 'H-ACT': False}",SUCCESS,50.496190309524536,1.0,True,"```json
{
  ""event_class"": ""E9"",
  ""confidence"": 1.0,
  ""tool"": ""power_flow"",
  ""reason"": ""The injected event is explicitly defined as a compound mechanism combining a generator outage (gen_G6) and a large renewable ramp down (sgen_PV14, sgen_WIND6).""
}
```",E9,none,branch+demand,high,power_flow;contingency;n1_security;grid_query_topology,E9,power_flow,True,True,True,json
IEEE14_SCN_002292,E7,E2_LLM_RAG,Local,True,True,True,"{'H-NUM': False, 'H-TOP': False, 'H-EQP': False, 'H-PHY': False, 'H-TOOL': False, 'H-ACT': False}",SUCCESS,51.19232273101807,1.0,True,"```json
{
  ""event_class"": ""E7"",
  ""confidence"": 1.0,
  ""tool"": ""grid_query"",
  ""reason"": ""The injection of increased AVR setpoints resulted in post-event bus voltages exceeding 1.05 pu, specifically reaching 1.0800 pu.""
}
```",E7,overvoltage,none,high,power_flow;state_estimation;n1_security;grid_query_topology;grid_query_limits,E7,grid_query,True,True,False,json
IEEE14_SCN_001918,E3,E2_LLM_RAG,Local,True,True,True,"{'H-NUM': False, 'H-TOP': False, 'H-EQP': False, 'H-PHY': False, 'H-TOOL': False, 'H-ACT': False}",SUCCESS,38.79384827613831,1.0,True,"```json
{
  ""event_class"": ""E3"",
  ""confidence"": 1.0,
  ""tool"": ""contingency"",
  ""reason"": ""The scenario explicitly inject a single line outage on line_6_13, which is defined as E3.""
}
```",E3,undervoltage,branch,high,power_flow;state_estimation;contingency;n1_security;grid_query_topology;grid_query_limits,E3,contingency,True,True,True,json
IEEE14_SCN_001027,E3,E2_LLM_RAG,Local,True,True,True,"{'H-NUM': False, 'H-TOP': False, 'H-EQP': False, 'H-PHY': False, 'H-TOOL': False, 'H-ACT': False}",SUCCESS,48.21609044075012,1.0,True,"```json
{
  ""event_class"": ""E3"",
  ""confidence"": 1.0,
  ""tool"": ""contingency"",
  ""reason"": ""The injected mechanism is explicitly defined as a single line outage targeting line_2_5.""
}
```",E3,none,branch,high,power_flow;contingency;n1_security;grid_query_topology,E3,contingency,True,True,True,json
IEEE14_SCN_002976,E9,E2_LLM_RAG,Local,True,True,True,"{'H-NUM': False, 'H-TOP': False, 'H-EQP': False, 'H-PHY': False, 'H-TOOL': False, 'H-ACT': False}",SUCCESS,50.54431676864624,1.0,True,"```json
{
  ""event_class"": ""E9"",
  ""confidence"": 1.0,
  ""tool"": ""contingency"",
  ""reason"": ""The injected mechanism is explicitly defined as a compound event combining a transmission line outage (E3) and a significant load surge (E1).""
}
```",E9,undervoltage,branch+demand,high,power_flow;state_estimation;contingency;n1_security;grid_query_topology;grid_query_limits,E9,contingency,True,True,True,json
IEEE14_SCN_000382,E1,E2_LLM_RAG,Local,True,True,True,"{'H-NUM': False, 'H-TOP': False, 'H-EQP': False, 'H-PHY': False, 'H-TOOL': False, 'H-ACT': False}",SUCCESS,42.16354990005493,1.0,True,"```json
{
  ""event_class"": ""E1"",
  ""confidence"": 1.0,
  ""tool"": ""power_flow"",
  ""reason"": ""The injected mechanism is a 30% demand increase at a single bus, which is defined as a load surge.""
}
```",E1,none,demand,high,n1_security;grid_query_topology,E1,power_flow,True,True,False,json
IEEE14_SCN_002050,E3,E2_LLM_RAG,Local,True,True,True,"{'H-NUM': False, 'H-TOP': False, 'H-EQP': False, 'H-PHY': False, 'H-TOOL': False, 'H-ACT': False}",SUCCESS,38.71398186683655,1.0,True,"```json
{
  ""event_class"": ""E3"",
  ""confidence"": 1.0,
  ""tool"": ""contingency"",
  ""reason"": ""The scenario explicitly inject a single line outage of line_6_13, which matches the definition of E3.""
}
```",E3,undervoltage,branch,high,power_flow;state_estimation;contingency;n1_security;grid_query_topology;grid_query_limits,E3,contingency,True,True,True,json
IEEE14_SCN_001778,E5,E2_LLM_RAG,Local,True,True,True,"{'H-NUM': False, 'H-TOP': False, 'H-EQP': False, 'H-PHY': False, 'H-TOOL': False, 'H-ACT': False}",SUCCESS,37.01076698303223,1.0,True,"```json
{
  ""event_class"": ""E5"",
  ""confidence"": 1.0,
  ""tool"": ""power_flow"",
  ""reason"": ""The injected mechanism is explicitly defined as a renewable ramp (down-ramp) of PV generation.""
}
```",E5,none,renewable,high,n1_security;grid_query_topology,E5,power_flow,True,True,False,json
IEEE14_SCN_001347,E4,E2_LLM_RAG,Local,True,True,True,"{'H-NUM': False, 'H-TOP': False, 'H-EQP': False, 'H-PHY': False, 'H-TOOL': False, 'H-ACT': False}",SUCCESS,39.142443895339966,1.0,True,"```json
{
  ""event_class"": ""E4"",
  ""confidence"": 1.0,
  ""tool"": ""contingency"",
  ""reason"": ""The injected mechanism is explicitly defined as a single unit generator outage targeting gen_G8.""
}
```",E4,none,generator,high,power_flow;contingency;n1_security;grid_query_topology,E4,contingency,True,True,True,json
IEEE14_SCN_002877,E9,E2_LLM_RAG,Local,True,True,True,"{'H-NUM': False, 'H-TOP': False, 'H-EQP': False, 'H-PHY': False, 'H-TOOL': False, 'H-ACT': False}",SUCCESS,45.30531549453735,1.0,True,"```json
{
  ""event_class"": ""E9"",
  ""confidence"": 1.0,
  ""tool"": ""contingency"",
  ""reason"": ""The event is a compound mechanism involving the outage of line_6_13 and a 20% load surge.""
}
```",E9,none,branch+demand,high,power_flow;contingency;n1_security;grid_query_topology,E9,contingency,True,True,True,json
IEEE14_SCN_001956,E3,E2_LLM_RAG,Local,True,True,True,"{'H-NUM': False, 'H-TOP': False, 'H-EQP': False, 'H-PHY': False, 'H-TOOL': False, 'H-ACT': False}",SUCCESS,43.51268410682678,1.0,True,"```json
{
  ""event_class"": ""E3"",
  ""confidence"": 1.0,
  ""tool"": ""contingency"",
  ""reason"": ""The injected mechanism is explicitly defined as a single line outage of line_6_13.""
}
```",E3,undervoltage,branch,high,power_flow;state_estimation;contingency;n1_security;grid_query_topology;grid_query_limits,E3,contingency,True,True,True,json
IEEE14_SCN_001046,E3,E2_LLM_RAG,Local,True,True,True,"{'H-NUM': False, 'H-TOP': False, 'H-EQP': False, 'H-PHY': False, 'H-TOOL': False, 'H-ACT': False}",SUCCESS,39.15148687362671,1.0,True,"```json
{
  ""event_class"": ""E3"",
  ""confidence"": 1.0,
  ""tool"": ""contingency"",
  ""reason"": ""The scenario explicitly inject a single line outage (line_6_13), which matches the definition of E3.""
}
```",E3,none,branch,high,power_flow;contingency;n1_security;grid_query_topology,E3,contingency,True,True,True,json
IEEE14_SCN_000841,E2,E2_LLM_RAG,Local,True,True,True,"{'H-NUM': False, 'H-TOP': False, 'H-EQP': False, 'H-PHY': False, 'H-TOOL': False, 'H-ACT': False}",SUCCESS,43.53697609901428,1.0,True,"```json
{
  ""event_class"": ""E2"",
  ""confidence"": 1.0,
  ""tool"": ""grid_query"",
  ""reason"": ""The injected mechanism is a 10% demand decrease at a single bus, which directly corresponds to a Load Drop (E2).""
}
```",E2,none,demand,high,n1_security;grid_query_topology,E2,grid_query,True,True,False,json
IEEE14_SCN_002843,E9,E2_LLM_RAG,Local,True,True,True,"{'H-NUM': False, 'H-TOP': False, 'H-EQP': False, 'H-PHY': False, 'H-TOOL': False, 'H-ACT': False}",SUCCESS,52.60756993293762,1.0,True,"```json
{
  ""event_class"": ""E9"",
  ""confidence"": 1.0,
  ""tool"": ""grid_query"",
  ""reason"": ""The event is explicitly defined as a compound mechanism involving the outage of generator G6 and a large down-ramp of renewable generation (PV14 and WIND6).""
}
```",E9,none,branch+demand,high,power_flow;contingency;n1_security;grid_query_topology,E9,grid_query,True,True,False,json
IEEE14_SCN_000730,E2,E2_LLM_RAG,Local,True,True,True,"{'H-NUM': False, 'H-TOP': False, 'H-EQP': False, 'H-PHY': False, 'H-TOOL': False, 'H-ACT': False}",SUCCESS,48.26627135276794,1.0,True,"```json
{
  ""event_class"": ""E2"",
  ""confidence"": 1.0,
  ""tool"": ""grid_query"",
  ""reason"": ""The injected mechanism is a 10% demand decrease at a single bus, which directly corresponds to a Load Drop (E2).""
}
```",E2,none,demand,high,n1_security;grid_query_topology,E2,grid_query,True,True,False,json
IEEE14_SCN_001796,E5,E2_LLM_RAG,Local,True,True,True,"{'H-NUM': False, 'H-TOP': False, 'H-EQP': False, 'H-PHY': False, 'H-TOOL': False, 'H-ACT': False}",SUCCESS,46.45456981658936,1.0,True,"```json
{
  ""event_class"": ""E5"",
  ""confidence"": 1.0,
  ""tool"": ""power_flow"",
  ""reason"": ""The injected mechanism is explicitly defined as a large up-ramp of PV generation, which matches the E5 Renewable Ramp definition.""
}
```",E5,none,renewable,high,n1_security;grid_query_topology,E5,power_flow,True,True,False,json
IEEE14_SCN_001122,E3,E2_LLM_RAG,Local,True,True,True,"{'H-NUM': False, 'H-TOP': False, 'H-EQP': False, 'H-PHY': False, 'H-TOOL': False, 'H-ACT': False}",SUCCESS,49.986722230911255,1.0,True,"```json
{
  ""event_class"": ""E3"",
  ""confidence"": 1.0,
  ""tool"": ""contingency"",
  ""reason"": ""The scenario explicitly inject a line outage on line_9_10, which directly corresponds to the E3 Transmission-Line Outage class.""
}
```",E3,none,branch,high,power_flow;contingency;n1_security;grid_query_topology,E3,contingency,True,True,True,json
IEEE14_SCN_002683,E9,E2_LLM_RAG,Local,True,True,True,"{'H-NUM': False, 'H-TOP': False, 'H-EQP': False, 'H-PHY': False, 'H-TOOL': False, 'H-ACT': False}",SUCCESS,46.78209519386292,1.0,True,"```json
{
  ""event_class"": ""E9"",
  ""confidence"": 1.0,
  ""tool"": ""contingency"",
  ""reason"": ""The event is compound, combining a transmission line outage (E3) with a significant load surge (E1).""
}
```",E9,undervoltage+overload,branch+demand,high,power_flow;state_estimation;contingency;n1_security;opf;grid_query_topology;grid_query_limits,E9,contingency,True,False,True,json
IEEE14_SCN_001608,E5,E2_LLM_RAG,Local,True,True,True,"{'H-NUM': False, 'H-TOP': False, 'H-EQP': False, 'H-PHY': False, 'H-TOOL': False, 'H-ACT': False}",SUCCESS,55.42170023918152,1.0,True,"```json
{
  ""event_class"": ""E5"",
  ""confidence"": 1.0,
  ""tool"": ""grid_query"",
  ""reason"": ""The injected mechanism is explicitly defined as a renewable ramp (down-ramp) targeting a PV generator.""
}
```",E5,none,renewable,high,n1_security;grid_query_topology,E5,grid_query,True,True,False,json
IEEE14_SCN_002129,E7,E2_LLM_RAG,Local,True,True,True,"{'H-NUM': False, 'H-TOP': False, 'H-EQP': False, 'H-PHY': False, 'H-TOOL': False, 'H-ACT': False}",SUCCESS,50.446789503097534,1.0,True,"```json
{
  ""event_class"": ""E7"",
  ""confidence"": 1.0,
  ""tool"": ""grid_query"",
  ""reason"": ""The injection of raised AVR setpoints directly caused the observed overvoltage (V peak 1.0800 pu).""
}
```",E7,overvoltage,none,high,power_flow;state_estimation;n1_security;grid_query_topology;grid_query_limits,E7,grid_query,True,True,False,json
IEEE14_SCN_001253,E4,E2_LLM_RAG,Local,True,True,True,"{'H-NUM': False, 'H-TOP': False, 'H-EQP': False, 'H-PHY': False, 'H-TOOL': False, 'H-ACT': False}",SUCCESS,40.70937418937683,1.0,True,"```json
{
  ""event_class"": ""E4"",
  ""confidence"": 1.0,
  ""tool"": ""contingency"",
  ""reason"": ""The injected mechanism is explicitly defined as a single generator outage (gen_G8), which matches the definition of E4.""
}
```",E4,none,generator,high,power_flow;contingency;n1_security;grid_query_topology,E4,contingency,True,True,True,json
IEEE14_SCN_001736,E5,E2_LLM_RAG,Local,True,True,True,"{'H-NUM': False, 'H-TOP': False, 'H-EQP': False, 'H-PHY': False, 'H-TOOL': False, 'H-ACT': False}",SUCCESS,48.09717321395874,1.0,True,"```json
{
  ""event_class"": ""E5"",
  ""confidence"": 1.0,
  ""tool"": ""grid_query"",
  ""reason"": ""The injected mechanism is explicitly defined as a renewable_ramp targeting sgen_WIND6, which corresponds to E5.""
}
```",E5,none,renewable,high,n1_security;grid_query_topology,E5,grid_query,True,True,False,json
IEEE14_SCN_001334,E4,E2_LLM_RAG,Local,True,True,True,"{'H-NUM': False, 'H-TOP': False, 'H-EQP': False, 'H-PHY': False, 'H-TOOL': False, 'H-ACT': False}",SUCCESS,41.36729383468628,1.0,True,"```json
{
  ""event_class"": ""E4"",
  ""confidence"": 1.0,
  ""tool"": ""contingency"",
  ""reason"": ""The injected mechanism is explicitly defined as a single unit generator outage targeting gen_G3.""
}
```",E4,none,generator,high,power_flow;contingency;n1_security;grid_query_topology,E4,contingency,True,True,True,json
IEEE14_SCN_000688,E2,E2_LLM_RAG,Local,True,True,True,"{'H-NUM': False, 'H-TOP': False, 'H-EQP': False, 'H-PHY': False, 'H-TOOL': False, 'H-ACT': False}",SUCCESS,41.264777421951294,1.0,True,"```json
{
  ""event_class"": ""E2"",
  ""confidence"": 1.0,
  ""tool"": ""grid_query"",
  ""reason"": ""The injected mechanism is explicitly defined as a 10% demand decrease at a single bus, which corresponds to a Load Drop (E2).""
}
```",E2,none,demand,high,n1_security;grid_query_topology,E2,grid_query,True,True,False,json
IEEE14_SCN_002071,E3,E2_LLM_RAG,Local,True,True,True,"{'H-NUM': False, 'H-TOP': False, 'H-EQP': False, 'H-PHY': False, 'H-TOOL': False, 'H-ACT': False}",SUCCESS,43.48133826255798,1.0,True,"```json
{
  ""event_class"": ""E3"",
  ""confidence"": 1.0,
  ""tool"": ""contingency"",
  ""reason"": ""The injected mechanism is a single line outage (line_6_13), which directly corresponds to E3.""
}
```",E3,undervoltage,branch,high,power_flow;state_estimation;contingency;n1_security;grid_query_topology;grid_query_limits,E3,contingency,True,True,True,json
IEEE14_SCN_001282,E4,E2_LLM_RAG,Local,True,True,True,"{'H-NUM': False, 'H-TOP': False, 'H-EQP': False, 'H-PHY': False, 'H-TOOL': False, 'H-ACT': False}",SUCCESS,44.95357322692871,1.0,True,"```json
{
  ""event_class"": ""E4"",
  ""confidence"": 1.0,
  ""tool"": ""contingency"",
  ""reason"": ""The injected mechanism is explicitly a single unit generator outage targeting gen_G2, which matches the definition of E4.""
}
```",E4,none,generator,high,power_flow;contingency;n1_security;grid_query_topology,E4,contingency,True,True,True,json
IEEE14_SCN_001766,E5,E2_LLM_RAG,Local,True,True,True,"{'H-NUM': False, 'H-TOP': False, 'H-EQP': False, 'H-PHY': False, 'H-TOOL': False, 'H-ACT': False}",SUCCESS,44.70372366905213,1.0,True,"```json
{
  ""event_class"": ""E5"",
  ""confidence"": 1.0,
  ""tool"": ""power_flow"",
  ""reason"": ""The injected mechanism is explicitly defined as a large down-ramp of a wind generator (sgen_WIND6), which corresponds to the Renewable Ramp event class (E5).""
}
```",E5,none,renewable,high,n1_security;grid_query_topology,E5,power_flow,True,True,False,json
IEEE14_SCN_001668,E5,E2_LLM_RAG,Local,True,True,True,"{'H-NUM': False, 'H-TOP': False, 'H-EQP': False, 'H-PHY': False, 'H-TOOL': False, 'H-ACT': False}",SUCCESS,41.33601903915405,1.0,True,"```json
{
  ""event_class"": ""E5"",
  ""confidence"": 1.0,
  ""tool"": ""grid_query"",
  ""reason"": ""The injected mechanism is explicitly a renewable_ramp (down-ramp) affecting PV and Wind generation, which defines E5.""
}
```",E5,none,renewable,high,n1_security;grid_query_topology,E5,grid_query,True,True,False,json
IEEE14_SCN_000556,E1,E2_LLM_RAG,Local,True,True,True,"{'H-NUM': False, 'H-TOP': False, 'H-EQP': False, 'H-PHY': False, 'H-TOOL': False, 'H-ACT': False}",SUCCESS,43.79919457435608,1.0,True,"```json
{
  ""event_class"": ""E1"",
  ""confidence"": 1.0,
  ""tool"": ""grid_query"",
  ""reason"": ""The injected mechanism is a 10% demand increase at a single bus, which directly corresponds to a Load Surge (E1).""
}
```",E1,none,demand,high,n1_security;grid_query_topology,E1,grid_query,True,True,False,json
IEEE14_SCN_001060,E3,E2_LLM_RAG,Local,True,True,True,"{'H-NUM': False, 'H-TOP': False, 'H-EQP': False, 'H-PHY': False, 'H-TOOL': False, 'H-ACT': False}",SUCCESS,41.55833005905152,1.0,True,"```json
{
  ""event_class"": ""E3"",
  ""confidence"": 1.0,
  ""tool"": ""contingency"",
  ""reason"": ""The injected mechanism is explicitly defined as a single line outage (line_6_13), matching the definition of E3.""
}
```",E3,none,branch,high,power_flow;contingency;n1_security;grid_query_topology,E3,contingency,True,True,True,json
IEEE14_SCN_002986,E9,E2_LLM_RAG,Local,True,True,True,"{'H-NUM': False, 'H-TOP': False, 'H-EQP': False, 'H-PHY': False, 'H-TOOL': False, 'H-ACT': False}",SUCCESS,51.332231283187866,1.0,True,"```json
{
  ""event_class"": ""E9"",
  ""confidence"": 1.0,
  ""tool"": ""contingency"",
  ""reason"": ""The injected event is explicitly described as a compound mechanism combining a transmission line outage (E3) and a load surge (E1).""
}
```",E9,none,branch+demand,high,power_flow;contingency;n1_security;grid_query_topology,E9,contingency,True,True,True,json
IEEE14_SCN_000521,E1,E2_LLM_RAG,Local,True,True,True,"{'H-NUM': False, 'H-TOP': False, 'H-EQP': False, 'H-PHY': False, 'H-TOOL': False, 'H-ACT': False}",SUCCESS,51.590495347976685,1.0,True,"```json
{
  ""event_class"": ""E1"",
  ""confidence"": 1.0,
  ""tool"": ""grid_query"",
  ""reason"": ""The injected mechanism is a 20% demand increase (load surge) at specified load buses, which directly corresponds to E1.""
}
```",E1,none,demand,high,n1_security;grid_query_topology,E1,grid_query,True,True,False,json
IEEE14_SCN_000636,E2,E2_LLM_RAG,Local,True,True,True,"{'H-NUM': False, 'H-TOP': False, 'H-EQP': False, 'H-PHY': False, 'H-TOOL': False, 'H-ACT': False}",SUCCESS,46.08343005180359,1.0,True,"```json
{
  ""event_class"": ""E2"",
  ""confidence"": 1.0,
  ""tool"": ""grid_query"",
  ""reason"": ""The injected mechanism is a 10% demand decrease at a single bus, which directly corresponds to a Load Drop (E2).""
}
```",E2,none,demand,high,n1_security;grid_query_topology,E2,grid_query,True,True,False,json
IEEE14_SCN_000073,E0,E2_LLM_RAG,Local,True,True,True,"{'H-NUM': False, 'H-TOP': False, 'H-EQP': False, 'H-PHY': False, 'H-TOOL': False, 'H-ACT': False}",SUCCESS,42.56641244888306,1.0,True,"```json
{
  ""event_class"": ""E0"",
  ""confidence"": 1.0,
  ""tool"": ""grid_query"",
  ""reason"": ""The injected mechanism was explicitly stated as 'none', indicating no external disturbance was introduced into the system.""
}
```",E0,none,none,high,n1_security;grid_query_topology,E0,grid_query,True,True,False,json
IEEE14_SCN_002471,E9,E2_LLM_RAG,Local,True,True,True,"{'H-NUM': False, 'H-TOP': False, 'H-EQP': False, 'H-PHY': False, 'H-TOOL': False, 'H-ACT': False}",SUCCESS,48.17599606513977,1.0,True,"```json
{
  ""event_class"": ""E9"",
  ""confidence"": 1.0,
  ""tool"": ""contingency"",
  ""reason"": ""The injected event is explicitly defined as a compound mechanism combining a transmission line outage (E3) and a load surge (E1).""
}
```",E9,overload,branch+demand,high,power_flow;state_estimation;contingency;n1_security;opf;grid_query_topology;grid_query_limits,E9,contingency,True,True,True,json
IEEE14_SCN_001595,E5,E2_LLM_RAG,Local,True,True,True,"{'H-NUM': False, 'H-TOP': False, 'H-EQP': False, 'H-PHY': False, 'H-TOOL': False, 'H-ACT': False}",SUCCESS,44.08802914619446,1.0,True,"```json
{
  ""event_class"": ""E5"",
  ""confidence"": 1.0,
  ""tool"": ""grid_query"",
  ""reason"": ""The injected mechanism is explicitly defined as a renewable ramp (up-ramp) of wind generation.""
}
```",E5,none,renewable,high,n1_security;grid_query_topology,E5,grid_query,True,True,False,json
IEEE14_SCN_001803,E3,E2_LLM_RAG,Local,True,True,True,"{'H-NUM': False, 'H-TOP': False, 'H-EQP': False, 'H-PHY': False, 'H-TOOL': False, 'H-ACT': False}",SUCCESS,41.27656483650208,1.0,True,"```json
{
  ""event_class"": ""E3"",
  ""confidence"": 1.0,
  ""tool"": ""contingency"",
  ""reason"": ""The scenario explicitly inject a line outage on line_6_13, which is defined as a Transmission-Line Outage (E3).""
}
```",E3,undervoltage,branch,high,power_flow;state_estimation;contingency;n1_security;grid_query_topology;grid_query_limits,E3,contingency,True,True,True,json
IEEE14_SCN_000370,E1,E2_LLM_RAG,Local,True,True,True,"{'H-NUM': False, 'H-TOP': False, 'H-EQP': False, 'H-PHY': False, 'H-TOOL': False, 'H-ACT': False}",SUCCESS,47.30797004699707,1.0,True,"```json
{
  ""event_class"": ""E1"",
  ""confidence"": 1.0,
  ""tool"": ""grid_query"",
  ""reason"": ""The injected mechanism is a 10% demand increase at a single bus, which directly corresponds to a Load Surge (E1).""
}
```",E1,none,demand,high,n1_security;grid_query_topology,E1,grid_query,True,True,False,json
IEEE14_SCN_000326,E1,E2_LLM_RAG,Local,True,True,True,"{'H-NUM': False, 'H-TOP': False, 'H-EQP': False, 'H-PHY': False, 'H-TOOL': False, 'H-ACT': False}",SUCCESS,52.81420183181763,1.0,True,"```json
{
  ""event_class"": ""E1"",
  ""confidence"": 1.0,
  ""tool"": ""grid_query"",
  ""reason"": ""The injected mechanism is a 20% demand increase across multiple buses, which defines a load surge (E1).""
}
```",E1,none,demand,high,n1_security;grid_query_topology,E1,grid_query,True,True,False,json
IEEE14_SCN_000512,E1,E2_LLM_RAG,Local,True,True,True,"{'H-NUM': False, 'H-TOP': False, 'H-EQP': False, 'H-PHY': False, 'H-TOOL': False, 'H-ACT': False}",SUCCESS,49.23323702812195,1.0,True,"```json
{
  ""event_class"": ""E1"",
  ""confidence"": 1.0,
  ""tool"": ""grid_query"",
  ""reason"": ""The injected mechanism is a 10% demand increase (load_change) at a single bus, which is defined as a load surge.""
}
```",E1,none,demand,high,n1_security;grid_query_topology,E1,grid_query,True,True,False,json
IEEE14_SCN_001954,E4,E2_LLM_RAG,Local,True,True,True,"{'H-NUM': False, 'H-TOP': False, 'H-EQP': False, 'H-PHY': False, 'H-TOOL': False, 'H-ACT': False}",SUCCESS,35.81297731399536,1.0,True,"```json
{
  ""event_class"": ""E4"",
  ""confidence"": 1.0,
  ""tool"": ""contingency"",
  ""reason"": ""The injected mechanism is explicitly defined as a single generator outage targeting gen_G6.""
}
```",E4,undervoltage,generator,high,power_flow;state_estimation;contingency;n1_security;grid_query_topology;grid_query_limits,E4,contingency,True,True,True,json
IEEE14_SCN_001828,E3,E2_LLM_RAG,Local,True,True,True,"{'H-NUM': False, 'H-TOP': False, 'H-EQP': False, 'H-PHY': False, 'H-TOOL': False, 'H-ACT': False}",SUCCESS,50.37908554077149,1.0,True,"```json
{
  ""event_class"": ""E3"",
  ""confidence"": 1.0,
  ""tool"": ""contingency"",
  ""reason"": ""The injected mechanism is explicitly defined as a single line outage of line_6_13.""
}
```",E3,undervoltage,branch,high,power_flow;state_estimation;contingency;n1_security;grid_query_topology;grid_query_limits,E3,contingency,True,True,True,json
IEEE14_SCN_002781,E9,E2_LLM_RAG,Local,True,True,True,"{'H-NUM': False, 'H-TOP': False, 'H-EQP': False, 'H-PHY': False, 'H-TOOL': False, 'H-ACT': False}",SUCCESS,59.64627814292908,1.0,True,"```json
{
  ""event_class"": ""E9"",
  ""confidence"": 1.0,
  ""tool"": ""power_flow"",
  ""reason"": ""The injected event is explicitly described as a compound mechanism involving the outage of generator G2 and a large down-ramp of renewable generation (PV and WIND).""
}
```",E9,none,branch+demand,high,power_flow;contingency;n1_security;grid_query_topology,E9,power_flow,True,True,True,json
IEEE14_SCN_000870,E2,E2_LLM_RAG,Local,True,True,True,"{'H-NUM': False, 'H-TOP': False, 'H-EQP': False, 'H-PHY': False, 'H-TOOL': False, 'H-ACT': False}",SUCCESS,43.63321352005005,1.0,True,"```json
{
  ""event_class"": ""E2"",
  ""confidence"": 1.0,
  ""tool"": ""grid_query"",
  ""reason"": ""The injected mechanism is a 20% demand decrease at a single bus, which directly corresponds to a Load Drop (E2).""
}
```",E2,none,demand,high,n1_security;grid_query_topology,E2,grid_query,True,True,False,json
IEEE14_SCN_001725,E5,E2_LLM_RAG,Local,True,True,True,"{'H-NUM': False, 'H-TOP': False, 'H-EQP': False, 'H-PHY': False, 'H-TOOL': False, 'H-ACT': False}",SUCCESS,58.244343519210815,1.0,True,"```json
{
  ""event_class"": ""E5"",
  ""confidence"": 1.0,
  ""tool"": ""grid_query"",
  ""reason"": ""The injected mechanism is explicitly defined as a renewable ramp (sgen_PV14 up-ramp).""
}
```",E5,none,renewable,high,n1_security;grid_query_topology,E5,grid_query,True,True,False,json
IEEE14_SCN_000928,E3,E2_LLM_RAG,Local,False,True,True,"{'H-NUM': False, 'H-TOP': False, 'H-EQP': False, 'H-PHY': False, 'H-TOOL': False, 'H-ACT': False}",NO_EFFECT,58.505799531936646,0.5,False,"Thinking Process:

1.  **Analyze the Request:** The goal is to diagnose the INJECTED EVENT CLASS (cause axis) based on a specific scenario (IEEE14_SCN_000928) and provided rules/context. The output must be a specific JSON format.

2.  **Analyze the Scenario Data:**
    *   **Pre-state:** load 0.90, solar 0.98, wind 0.31, SOC 0.17.
    *   **Post-state:** V 0.9808-1.0600 pu peak 1.23% viol 0 under False over False overload False. (Note: The voltage range includes 1.0600 pu, which is > 1.05 pu).
    *   **Injected mechanism:** `line_outage` scope `single_branch` targets `line_6_12`.
    *   **In",E3,none,branch,high,power_flow;contingency;n1_security;grid_query_topology,E1,power_flow,False,True,True,last-E-digit
IEEE14_SCN_002027,E3,E2_LLM_RAG,Local,True,True,True,"{'H-NUM': False, 'H-TOP': False, 'H-EQP': False, 'H-PHY': False, 'H-TOOL': False, 'H-ACT': False}",SUCCESS,50.32128167152405,1.0,True,"```json
{
  ""event_class"": ""E3"",
  ""confidence"": 1.0,
  ""tool"": ""contingency"",
  ""reason"": ""The scenario explicitly inject a single line outage (line_6_13), which directly corresponds to the E3 Transmission-Line Outage class.""
}
```",E3,undervoltage,branch,high,power_flow;state_estimation;contingency;n1_security;grid_query_topology;grid_query_limits,E3,contingency,True,True,True,json
IEEE14_SCN_001638,E5,E2_LLM_RAG,Local,True,True,True,"{'H-NUM': False, 'H-TOP': False, 'H-EQP': False, 'H-PHY': False, 'H-TOOL': False, 'H-ACT': False}",SUCCESS,44.13709568977356,1.0,True,"```json
{
  ""event_class"": ""E5"",
  ""confidence"": 1.0,
  ""tool"": ""grid_query"",
  ""reason"": ""The injected mechanism is explicitly defined as a medium down-ramp of PV generation (renewable_ramp).""
}
```",E5,none,renewable,high,n1_security;grid_query_topology,E5,grid_query,True,True,False,json
IEEE14_SCN_000679,E2,E2_LLM_RAG,Local,False,True,True,"{'H-NUM': False, 'H-TOP': False, 'H-EQP': False, 'H-PHY': False, 'H-TOOL': False, 'H-ACT': False}",NO_EFFECT,53.16745615005493,1.0,False,"```json
{
  ""event_class"": ""E9"",
  ""confidence"": 1.0,
  ""tool"": ""power_flow"",
  ""reason"": ""The event is a load drop (E2) that resulted in a post-event overvoltage condition (E7), classifying it as a compound event (E9).""
}
```",E2,none,demand,high,n1_security;grid_query_topology,E9,power_flow,False,True,False,json
IEEE14_SCN_002895,E9,E2_LLM_RAG,Local,True,True,True,"{'H-NUM': False, 'H-TOP': False, 'H-EQP': False, 'H-PHY': False, 'H-TOOL': False, 'H-ACT': False}",SUCCESS,54.86870241165161,1.0,True,"```json
{
  ""event_class"": ""E9"",
  ""confidence"": 1.0,
  ""tool"": ""contingency"",
  ""reason"": ""The injected mechanism is explicitly defined as a compound event combining a transmission line outage (E3) and a load surge (E1).""
}
```",E9,none,branch+demand,high,power_flow;contingency;n1_security;grid_query_topology,E9,contingency,True,True,True,json
IEEE14_SCN_000738,E2,E2_LLM_RAG,Local,True,True,True,"{'H-NUM': False, 'H-TOP': False, 'H-EQP': False, 'H-PHY': False, 'H-TOOL': False, 'H-ACT': False}",SUCCESS,45.82236838340759,1.0,True,"```json
{
  ""event_class"": ""E2"",
  ""confidence"": 1.0,
  ""tool"": ""power_flow"",
  ""reason"": ""The injected event is a 30% demand decrease at a single bus, which is classified as a Load Drop (E2).""
}
```",E2,none,demand,high,n1_security;grid_query_topology,E2,power_flow,True,True,False,json
IEEE14_SCN_001211,E4,E2_LLM_RAG,Local,True,True,True,"{'H-NUM': False, 'H-TOP': False, 'H-EQP': False, 'H-PHY': False, 'H-TOOL': False, 'H-ACT': False}",SUCCESS,53.60278367996216,1.0,True,"```json
{
  ""event_class"": ""E4"",
  ""confidence"": 1.0,
  ""tool"": ""contingency"",
  ""reason"": ""The injected mechanism is explicitly defined as a single unit generator outage targeting gen_G8.""
}
```",E4,none,generator,high,power_flow;contingency;n1_security;grid_query_topology,E4,contingency,True,True,True,json
IEEE14_SCN_001744,E5,E2_LLM_RAG,Local,True,True,True,"{'H-NUM': False, 'H-TOP': False, 'H-EQP': False, 'H-PHY': False, 'H-TOOL': False, 'H-ACT': False}",SUCCESS,35.749011516571045,1.0,True,"```json
{
  ""event_class"": ""E5"",
  ""confidence"": 1.0,
  ""tool"": ""grid_query"",
  ""reason"": ""The injected mechanism is explicitly defined as a renewable_ramp targeting sgen_PV14, which corresponds directly to the E5 Renewable Ramp class.""
}
```",E5,none,renewable,high,n1_security;grid_query_topology,E5,grid_query,True,True,False,json
IEEE14_SCN_000352,E1,E2_LLM_RAG,Local,True,True,True,"{'H-NUM': False, 'H-TOP': False, 'H-EQP': False, 'H-PHY': False, 'H-TOOL': False, 'H-ACT': False}",SUCCESS,47.09144473075867,1.0,True,"```json
{
  ""event_class"": ""E1"",
  ""confidence"": 1.0,
  ""tool"": ""grid_query"",
  ""reason"": ""The injected mechanism is a 30% demand increase at a single bus, which directly corresponds to a Load Surge (E1).""
}
```",E1,none,demand,high,n1_security;grid_query_topology,E1,grid_query,True,True,False,json
IEEE14_SCN_000392,E1,E2_LLM_RAG,Local,True,True,True,"{'H-NUM': False, 'H-TOP': False, 'H-EQP': False, 'H-PHY': False, 'H-TOOL': False, 'H-ACT': False}",SUCCESS,48.45527267456055,1.0,True,"```json
{
  ""event_class"": ""E1"",
  ""confidence"": 1.0,
  ""tool"": ""power_flow"",
  ""reason"": ""The scenario explicitly injected a 20% demand increase (load surge) at a single bus, matching the definition of E1.""
}
```",E1,none,demand,high,n1_security;grid_query_topology,E1,power_flow,True,True,False,json
IEEE14_SCN_002536,E9,E2_LLM_RAG,Local,True,True,True,"{'H-NUM': False, 'H-TOP': False, 'H-EQP': False, 'H-PHY': False, 'H-TOOL': False, 'H-ACT': False}",SUCCESS,55.294193744659424,1.0,True,"```json
{
  ""event_class"": ""E9"",
  ""confidence"": 1.0,
  ""tool"": ""contingency"",
  ""reason"": ""The event is a compound mechanism involving a transmission line outage (E3) and a significant load surge (E1).""
}
```",E9,undervoltage+overload,branch+demand,high,power_flow;state_estimation;contingency;n1_security;opf;grid_query_topology;grid_query_limits,E9,contingency,True,False,True,json
IEEE14_SCN_001757,E5,E2_LLM_RAG,Local,False,True,True,"{'H-NUM': False, 'H-TOP': False, 'H-EQP': False, 'H-PHY': False, 'H-TOOL': False, 'H-ACT': False}",NO_EFFECT,61.53721380233765,1.0,False,"```json
{
  ""event_class"": ""E9"",
  ""confidence"": 1.0,
  ""tool"": ""power_flow"",
  ""reason"": ""The event is a renewable ramp (E5) that results in a post-event overvoltage condition (E7).""
}
```",E5,none,renewable,high,n1_security;grid_query_topology,E9,power_flow,False,True,False,json
IEEE14_SCN_001535,E5,E2_LLM_RAG,Local,True,True,True,"{'H-NUM': False, 'H-TOP': False, 'H-EQP': False, 'H-PHY': False, 'H-TOOL': False, 'H-ACT': False}",SUCCESS,45.60860085487366,1.0,True,"```json
{
  ""event_class"": ""E5"",
  ""confidence"": 1.0,
  ""tool"": ""power_flow"",
  ""reason"": ""The injected mechanism is explicitly defined as a renewable ramp (up-ramp of 30 availability points) targeting a solar generator (sgen_PV14).""
}
```",E5,none,renewable,high,n1_security;grid_query_topology,E5,power_flow,True,True,False,json
IEEE14_SCN_002826,E9,E2_LLM_RAG,Local,True,True,True,"{'H-NUM': False, 'H-TOP': False, 'H-EQP': False, 'H-PHY': False, 'H-TOOL': False, 'H-ACT': False}",SUCCESS,44.47126865386963,1.0,True,"```json
{
  ""event_class"": ""E9"",
  ""confidence"": 1.0,
  ""tool"": ""contingency"",
  ""reason"": ""The event is explicitly defined as a compound mechanism involving the outage of line_6_11 and a 20% demand increase.""
}
```",E9,undervoltage,branch+demand,high,power_flow;state_estimation;contingency;n1_security;grid_query_topology;grid_query_limits,E9,contingency,True,True,True,json
IEEE14_SCN_001769,E5,E2_LLM_RAG,Local,True,True,True,"{'H-NUM': False, 'H-TOP': False, 'H-EQP': False, 'H-PHY': False, 'H-TOOL': False, 'H-ACT': False}",SUCCESS,44.177727460861206,1.0,True,"```json
{
  ""event_class"": ""E5"",
  ""confidence"": 1.0,
  ""tool"": ""grid_query"",
  ""reason"": ""The injected mechanism is explicitly defined as a large down-ramp of PV generation, matching the Renewable Ramp category (E5).""
}
```",E5,none,renewable,high,n1_security;grid_query_topology,E5,grid_query,True,True,False,json
IEEE14_SCN_002430,E9,E2_LLM_RAG,Local,True,True,True,"{'H-NUM': False, 'H-TOP': False, 'H-EQP': False, 'H-PHY': False, 'H-TOOL': False, 'H-ACT': False}",SUCCESS,46.696775913238525,1.0,True,"```json
{
  ""event_class"": ""E9"",
  ""confidence"": 1.0,
  ""tool"": ""contingency"",
  ""reason"": ""The injected event is a compound mechanism combining a transmission line outage (E3) and a load surge (E1).""
}
```",E9,overload,branch+demand,high,power_flow;state_estimation;contingency;n1_security;opf;grid_query_topology;grid_query_limits,E9,contingency,True,True,True,json
IEEE14_SCN_002500,E9,E2_LLM_RAG,Local,True,True,True,"{'H-NUM': False, 'H-TOP': False, 'H-EQP': False, 'H-PHY': False, 'H-TOOL': False, 'H-ACT': False}",SUCCESS,46.39379215240479,1.0,True,"```json
{
  ""event_class"": ""E9"",
  ""confidence"": 1.0,
  ""tool"": ""contingency"",
  ""reason"": ""The event is explicitly defined as a compound mechanism involving a transmission line outage (E3) and a load surge (E1).""
}
```",E9,undervoltage+overload,branch+demand,high,power_flow;state_estimation;contingency;n1_security;opf;grid_query_topology;grid_query_limits,E9,contingency,True,False,True,json
IEEE14_SCN_001355,E4,E2_LLM_RAG,Local,True,True,True,"{'H-NUM': False, 'H-TOP': False, 'H-EQP': False, 'H-PHY': False, 'H-TOOL': False, 'H-ACT': False}",SUCCESS,48.22104811668396,1.0,True,"```json
{
  ""event_class"": ""E4"",
  ""confidence"": 1.0,
  ""tool"": ""contingency"",
  ""reason"": ""The injected mechanism is explicitly defined as a single unit generator outage (gen_G6), which matches the E4 class.""
}
```",E4,none,generator,high,power_flow;contingency;n1_security;grid_query_topology,E4,contingency,True,True,True,json
IEEE14_SCN_002926,E9,E2_LLM_RAG,Local,True,True,True,"{'H-NUM': False, 'H-TOP': False, 'H-EQP': False, 'H-PHY': False, 'H-TOOL': False, 'H-ACT': False}",SUCCESS,53.78240919113159,0.95,True,"```json
{
  ""event_class"": ""E9"",
  ""confidence"": 0.95,
  ""tool"": ""contingency"",
  ""reason"": ""The event is compound, combining a transmission line outage (E3) with a significant load surge (E1).""
}
```",E9,none,branch+demand,high,power_flow;contingency;n1_security;grid_query_topology,E9,contingency,True,True,True,json
IEEE14_SCN_001686,E5,E2_LLM_RAG,Local,True,True,True,"{'H-NUM': False, 'H-TOP': False, 'H-EQP': False, 'H-PHY': False, 'H-TOOL': False, 'H-ACT': False}",SUCCESS,55.16407918930054,1.0,True,"```json
{
  ""event_class"": ""E5"",
  ""confidence"": 1.0,
  ""tool"": ""power_flow"",
  ""reason"": ""The injected mechanism is a renewable_ramp (up-ramp of PV availability), which directly corresponds to the definition of E5.""
}
```",E5,none,renewable,high,n1_security;grid_query_topology,E5,power_flow,True,True,False,json
IEEE14_SCN_002226,E7,E2_LLM_RAG,Local,True,True,True,"{'H-NUM': False, 'H-TOP': False, 'H-EQP': False, 'H-PHY': False, 'H-TOOL': False, 'H-ACT': False}",SUCCESS,66.4508855342865,0.5,True,"```json
{
  ""event_class"": ""E7"",
  ""confidence"": 1.0,
  ""tool"": ""power_flow"",
  ""reason"": ""The injection of AVR set",E7,overvoltage,none,high,power_flow;state_estimation;n1_security;grid_query_topology;grid_query_limits,E7,power_flow,True,True,True,last-E-digit
IEEE14_SCN_002332,E7,E2_LLM_RAG,Local,True,True,True,"{'H-NUM': False, 'H-TOP': False, 'H-EQP': False, 'H-PHY': False, 'H-TOOL': False, 'H-ACT': False}",SUCCESS,67.26388716697693,0.5,True,"Thinking Process:

1.  **Analyze the Request:** The goal is to diagnose the INJECTED EVENT CLASS (cause axis) based on a specific scenario (IEEE14_SCN_002332) and provided rules/context. The output must be a specific JSON format.
2.  **Analyze the Scenario Data:**
    *   *Pre-state:* load 0.70, solar 0.61, wind 0.41, SOC 0.70.
    *   *Post-state:* V 1.0099-1.0800 pu peak 0.94% viol 1 under False over True overload False.
    *   *Injected Mechanism:* `avr_setpoint_shift scope voltage_control targets gen_G2;gen_G3;gen_G6;gen_G8;slack_bus_1`. (Excitation setpoints raised by 0.020 p.u. at 5 com",E7,overvoltage,none,high,power_flow;state_estimation;n1_security;grid_query_topology;grid_query_limits,E1,power_flow,False,False,True,last-E-digit
IEEE14_SCN_000529,E1,E2_LLM_RAG,Local,True,True,True,"{'H-NUM': False, 'H-TOP': False, 'H-EQP': False, 'H-PHY': False, 'H-TOOL': False, 'H-ACT': False}",SUCCESS,51.25881147384644,1.0,True,"```json
{
  ""event_class"": ""E1"",
  ""confidence"": 1.0,
  ""tool"": ""grid_query"",
  ""reason"": ""The injected mechanism is explicitly defined as a 20% demand increase (load surge) at a single bus.""
}
```",E1,none,demand,high,n1_security;grid_query_topology,E1,grid_query,True,True,False,json
IEEE14_SCN_002533,E9,E2_LLM_RAG,Local,True,True,True,"{'H-NUM': False, 'H-TOP': False, 'H-EQP': False, 'H-PHY': False, 'H-TOOL': False, 'H-ACT': False}",SUCCESS,41.15085339546204,1.0,True,"```json
{
  ""event_class"": ""E9"",
  ""confidence"": 1.0,
  ""tool"": ""contingency"",
  ""reason"": ""The event is explicitly defined as a compound mechanism involving a transmission line outage (E3) and a load surge (E1).""
}
```",E9,undervoltage+overload,branch+demand,high,power_flow;state_estimation;contingency;n1_security;opf;grid_query_topology;grid_query_limits,E9,contingency,True,False,True,json
IEEE14_SCN_000405,E1,E2_LLM_RAG,Local,False,True,True,"{'H-NUM': False, 'H-TOP': False, 'H-EQP': False, 'H-PHY': False, 'H-TOOL': False, 'H-ACT': False}",NO_EFFECT,46.16839957237244,1.0,False,"```json
{
  ""event_class"": ""E9"",
  ""confidence"": 1.0,
  ""tool"": ""grid_query"",
  ""reason"": ""The event is a load surge (E1) causing a voltage rise that results in an overvoltage condition (E7).""
}
```",E1,none,demand,high,n1_security;grid_query_topology,E9,grid_query,False,True,False,json
IEEE14_SCN_000967,E3,E2_LLM_RAG,Local,True,True,True,"{'H-NUM': False, 'H-TOP': False, 'H-EQP': False, 'H-PHY': False, 'H-TOOL': False, 'H-ACT': False}",SUCCESS,48.74221754074097,1.0,True,"```json
{
  ""event_class"": ""E3"",
  ""confidence"": 1.0,
  ""tool"": ""contingency"",
  ""reason"": ""The scenario explicitly inject a single transmission line outage (line_13_14).""
}
```",E3,none,branch,high,power_flow;contingency;n1_security;grid_query_topology,E3,contingency,True,True,True,json
IEEE14_SCN_002153,E7,E2_LLM_RAG,Local,True,True,True,"{'H-NUM': False, 'H-TOP': False, 'H-EQP': False, 'H-PHY': False, 'H-TOOL': False, 'H-ACT': False}",SUCCESS,61.575835943222046,1.0,True,"```json
{
  ""event_class"": ""E7"",
  ""confidence"": 1.0,
  ""tool"": ""power_flow"",
  ""reason"": ""The AVR setpoint shift increased excitation, causing the bus 1 voltage to rise to 1.0800 pu, exceeding the 1.05 pu overvoltage threshold.""
}
```",E7,overvoltage,none,high,power_flow;state_estimation;n1_security;grid_query_topology;grid_query_limits,E7,power_flow,True,True,True,json
IEEE14_SCN_000199,E0,E2_LLM_RAG,Local,True,True,True,"{'H-NUM': False, 'H-TOP': False, 'H-EQP': False, 'H-PHY': False, 'H-TOOL': False, 'H-ACT': False}",SUCCESS,37.57255458831787,1.0,True,"```json
{
  ""event_class"": ""E0"",
  ""confidence"": 1.0,
  ""tool"": ""grid_query"",
  ""reason"": ""The scenario explicitly states that no disturbance was injected and no limit violations occurred.""
}
```",E0,none,none,high,n1_security;grid_query_topology,E0,grid_query,True,True,False,json
IEEE14_SCN_001428,E4,E2_LLM_RAG,Local,True,True,True,"{'H-NUM': False, 'H-TOP': False, 'H-EQP': False, 'H-PHY': False, 'H-TOOL': False, 'H-ACT': False}",SUCCESS,47.06677031517029,1.0,True,"```json
{
  ""event_class"": ""E4"",
  ""confidence"": 1.0,
  ""tool"": ""contingency"",
  ""reason"": ""The scenario explicitly inject a single unit outage of generator gen_G2, which matches the definition of E4.""
}
```",E4,none,generator,high,power_flow;contingency;n1_security;grid_query_topology,E4,contingency,True,True,True,json
IEEE14_SCN_000337,E1,E2_LLM_RAG,Local,True,True,True,"{'H-NUM': False, 'H-TOP': False, 'H-EQP': False, 'H-PHY': False, 'H-TOOL': False, 'H-ACT': False}",SUCCESS,51.73740577697754,1.0,True,"```json
{
  ""event_class"": ""E1"",
  ""confidence"": 1.0,
  ""tool"": ""grid_query"",
  ""reason"": ""The injected mechanism was a 40% demand increase (load surge) at multiple bus components.""
}
```",E1,none,demand,high,n1_security;grid_query_topology,E1,grid_query,True,True,False,json
IEEE14_SCN_002846,E9,E2_LLM_RAG,Local,True,True,True,"{'H-NUM': False, 'H-TOP': False, 'H-EQP': False, 'H-PHY': False, 'H-TOOL': False, 'H-ACT': False}",SUCCESS,55.9079020023346,1.0,True,"```json
{
  ""event_class"": ""E9"",
  ""confidence"": 1.0,
  ""tool"": ""contingency"",
  ""reason"": ""The event is explicitly described as a compound mechanism involving a line outage (E3) and a load surge (E1).""
}
```",E9,none,branch+demand,high,power_flow;contingency;n1_security;grid_query_topology,E9,contingency,True,True,True,json
IEEE14_SCN_001338,E4,E2_LLM_RAG,Local,True,True,True,"{'H-NUM': False, 'H-TOP': False, 'H-EQP': False, 'H-PHY': False, 'H-TOOL': False, 'H-ACT': False}",SUCCESS,52.168540477752686,1.0,True,"```json
{
  ""event_class"": ""E4"",
  ""confidence"": 1.0,
  ""tool"": ""contingency"",
  ""reason"": ""The injected mechanism is explicitly defined as a single unit generator outage targeting gen_G2.""
}
```",E4,none,generator,high,power_flow;contingency;n1_security;grid_query_topology,E4,contingency,True,True,True,json
IEEE14_SCN_002166,E7,E2_LLM_RAG,Local,True,True,True,"{'H-NUM': False, 'H-TOP': False, 'H-EQP': False, 'H-PHY': False, 'H-TOOL': False, 'H-ACT': False}",SUCCESS,58.79451894760132,1.0,True,"```json
{
  ""event_class"": ""E7"",
  ""confidence"": 1.0,
  ""tool"": ""grid_query"",
  ""reason"": ""The injection of AVR setpoint shifts increased generator excitation, directly causing the observed overvoltage (V > 1.05 pu) at Bus 1.""
}
```",E7,overvoltage,none,high,power_flow;state_estimation;n1_security;grid_query_topology;grid_query_limits,E7,grid_query,True,True,False,json
IEEE14_SCN_002390,E7,E2_LLM_RAG,Local,True,True,True,"{'H-NUM': False, 'H-TOP': False, 'H-EQP': False, 'H-PHY': False, 'H-TOOL': False, 'H-ACT': False}",SUCCESS,55.976593017578125,1.0,True,"```json
{
  ""event_class"": ""E7"",
  ""confidence"": 1.0,
  ""tool"": ""grid_query"",
  ""reason"": ""The injection of increased AVR setpoints directly caused the observed overvoltage at Bus 1.""
}
```",E7,overvoltage,none,high,power_flow;state_estimation;n1_security;grid_query_topology;grid_query_limits,E7,grid_query,True,True,False,json
IEEE14_SCN_000539,E1,E2_LLM_RAG,Local,True,True,True,"{'H-NUM': False, 'H-TOP': False, 'H-EQP': False, 'H-PHY': False, 'H-TOOL': False, 'H-ACT': False}",SUCCESS,58.72224307060242,1.0,True,"```json
{
  ""event_class"": ""E1"",
  ""confidence"": 1.0,
  ""tool"": ""power_flow"",
  ""reason"": ""The injected mechanism is a 10% demand increase at a single bus, which directly corresponds to a load surge (E1).""
}
```",E1,none,demand,high,n1_security;grid_query_topology,E1,power_flow,True,True,False,json
IEEE14_SCN_001001,E3,E2_LLM_RAG,Local,True,True,True,"{'H-NUM': False, 'H-TOP': False, 'H-EQP': False, 'H-PHY': False, 'H-TOOL': False, 'H-ACT': False}",SUCCESS,48.10955595970154,1.0,True,"```json
{
  ""event_class"": ""E3"",
  ""confidence"": 1.0,
  ""tool"": ""contingency"",
  ""reason"": ""The scenario explicitly inject a single line outage on line_1_2, which matches the definition of E3 (Transmission-Line Outage).""
}
```",E3,none,branch,high,power_flow;contingency;n1_security;grid_query_topology,E3,contingency,True,True,True,json
IEEE14_SCN_000095,E0,E2_LLM_RAG,Local,True,True,True,"{'H-NUM': False, 'H-TOP': False, 'H-EQP': False, 'H-PHY': False, 'H-TOOL': False, 'H-ACT': False}",SUCCESS,41.057565689086914,1.0,True,"```json
{
  ""event_class"": ""E0"",
  ""confidence"": 1.0,
  ""tool"": ""grid_query"",
  ""reason"": ""The scenario explicitly states that no disturbance was injected, indicating normal operation.""
}
```",E0,none,none,high,n1_security;grid_query_topology,E0,grid_query,True,True,False,json
IEEE14_SCN_002888,E9,E2_LLM_RAG,Local,True,True,True,"{'H-NUM': False, 'H-TOP': False, 'H-EQP': False, 'H-PHY': False, 'H-TOOL': False, 'H-ACT': False}",SUCCESS,50.72531843185425,1.0,True,"```json
{
  ""event_class"": ""E9"",
  ""confidence"": 1.0,
  ""tool"": ""contingency"",
  ""reason"": ""The event is explicitly defined as a compound mechanism combining a line outage (line_2_4) and a load increase (+20% demand).""
}
```",E9,none,branch+demand,high,power_flow;contingency;n1_security;grid_query_topology,E9,contingency,True,True,True,json
IEEE14_SCN_001817,E3,E2_LLM_RAG,Local,True,True,True,"{'H-NUM': False, 'H-TOP': False, 'H-EQP': False, 'H-PHY': False, 'H-TOOL': False, 'H-ACT': False}",SUCCESS,48.54362750053406,1.0,True,"```json
{
  ""event_class"": ""E3"",
  ""confidence"": 1.0,
  ""tool"": ""contingency"",
  ""reason"": ""The scenario explicitly inject a single line outage of line_6_13, which is the definition of E3.""
}
```",E3,undervoltage,branch,high,power_flow;state_estimation;contingency;n1_security;grid_query_topology;grid_query_limits,E3,contingency,True,True,True,json
IEEE14_SCN_002540,E9,E2_LLM_RAG,Local,True,True,True,"{'H-NUM': False, 'H-TOP': False, 'H-EQP': False, 'H-PHY': False, 'H-TOOL': False, 'H-ACT': False}",SUCCESS,53.95059561729431,1.0,True,"```json
{
  ""event_class"": ""E9"",
  ""confidence"": 1.0,
  ""tool"": ""contingency"",
  ""reason"": ""The event is explicitly defined as a compound mechanism combining a transmission line outage (E3) and a load surge (E1).""
}
```",E9,overload,branch+demand,high,power_flow;state_estimation;contingency;n1_security;opf;grid_query_topology;grid_query_limits,E9,contingency,True,True,True,json
IEEE14_SCN_002952,E9,E2_LLM_RAG,Local,True,True,True,"{'H-NUM': False, 'H-TOP': False, 'H-EQP': False, 'H-PHY': False, 'H-TOOL': False, 'H-ACT': False}",SUCCESS,56.39346408843994,1.0,True,"```json
{
  ""event_class"": ""E9"",
  ""confidence"": 1.0,
  ""tool"": ""contingency"",
  ""reason"": ""The event is a compound mechanism combining a transmission line outage (E3) and a significant load surge (E1).""
}
```",E9,none,branch+demand,high,power_flow;contingency;n1_security;grid_query_topology,E9,contingency,True,True,True,json
IEEE14_SCN_001116,E3,E2_LLM_RAG,Local,True,True,True,"{'H-NUM': False, 'H-TOP': False, 'H-EQP': False, 'H-PHY': False, 'H-TOOL': False, 'H-ACT': False}",SUCCESS,49.8658721446991,1.0,True,"```json
{
  ""event_class"": ""E3"",
  ""confidence"": 1.0,
  ""tool"": ""contingency"",
  ""reason"": ""The scenario explicitly inject a single line outage (line_2_5), which directly corresponds to the E3 event class.""
}
```",E3,none,branch,high,power_flow;contingency;n1_security;grid_query_topology,E3,contingency,True,True,True,json
IEEE14_SCN_000995,E3,E2_LLM_RAG,Local,True,True,True,"{'H-NUM': False, 'H-TOP': False, 'H-EQP': False, 'H-PHY': False, 'H-TOOL': False, 'H-ACT': False}",SUCCESS,48.086085081100464,1.0,True,"```json
{
  ""event_class"": ""E3"",
  ""confidence"": 1.0,
  ""tool"": ""contingency"",
  ""reason"": ""The injected mechanism is explicitly defined as a single line outage targeting line_2_3.""
}
```",E3,none,branch,high,power_flow;contingency;n1_security;grid_query_topology,E3,contingency,True,True,True,json
IEEE14_SCN_000822,E2,E2_LLM_RAG,Local,True,True,True,"{'H-NUM': False, 'H-TOP': False, 'H-EQP': False, 'H-PHY': False, 'H-TOOL': False, 'H-ACT': False}",SUCCESS,48.38373899459839,1.0,True,"```json
{
  ""event_class"": ""E2"",
  ""confidence"": 1.0,
  ""tool"": ""grid_query"",
  ""reason"": ""The injected event was a 10% demand decrease at a single bus, which directly corresponds to a Load Drop (E2).""
}
```",E2,none,demand,high,n1_security;grid_query_topology,E2,grid_query,True,True,False,json
IEEE14_SCN_000054,E0,E2_LLM_RAG,Local,True,True,True,"{'H-NUM': False, 'H-TOP': False, 'H-EQP': False, 'H-PHY': False, 'H-TOOL': False, 'H-ACT': False}",SUCCESS,49.20600390434265,1.0,True,"```json
{
  ""event_class"": ""E0"",
  ""confidence"": 1.0,
  ""tool"": ""grid_query"",
  ""reason"": ""The injected mechanism was explicitly stated as none, indicating normal operation without any external disturbance.""
}
```",E0,none,none,high,n1_security;grid_query_topology,E0,grid_query,True,True,False,json
IEEE14_SCN_000407,E1,E2_LLM_RAG,Local,True,True,True,"{'H-NUM': False, 'H-TOP': False, 'H-EQP': False, 'H-PHY': False, 'H-TOOL': False, 'H-ACT': False}",SUCCESS,42.31589436531067,1.0,True,"```json
{
  ""event_class"": ""E1"",
  ""confidence"": 1.0,
  ""tool"": ""grid_query"",
  ""reason"": ""The injected mechanism is a 30% demand increase (load surge) at multiple buses, which defines E1.""
}
```",E1,none,demand,high,n1_security;grid_query_topology,E1,grid_query,True,True,False,json
IEEE14_SCN_002404,E9,E2_LLM_RAG,Local,True,True,True,"{'H-NUM': False, 'H-TOP': False, 'H-EQP': False, 'H-PHY': False, 'H-TOOL': False, 'H-ACT': False}",SUCCESS,56.264548778533936,1.0,True,"```json
{
  ""event_class"": ""E9"",
  ""confidence"": 1.0,
  ""tool"": ""contingency"",
  ""reason"": ""The injected event is explicitly defined as a compound mechanism combining a transmission line outage (E3) and a load surge (E1).""
}
```",E9,overload,branch+demand,high,power_flow;state_estimation;contingency;n1_security;opf;grid_query_topology;grid_query_limits,E9,contingency,True,True,True,json
IEEE14_SCN_002496,E9,E2_LLM_RAG,Local,True,True,True,"{'H-NUM': False, 'H-TOP': False, 'H-EQP': False, 'H-PHY': False, 'H-TOOL': False, 'H-ACT': False}",SUCCESS,54.148197174072266,1.0,True,"```json
{
  ""event_class"": ""E9"",
  ""confidence"": 1.0,
  ""tool"": ""contingency"",
  ""reason"": ""The event is a compound mechanism combining a transmission line outage (E3) and a significant load surge (E1).""
}
```",E9,undervoltage+overload,branch+demand,high,power_flow;state_estimation;contingency;n1_security;opf;grid_query_topology;grid_query_limits,E9,contingency,True,False,True,json
IEEE14_SCN_001353,E4,E2_LLM_RAG,Local,True,True,True,"{'H-NUM': False, 'H-TOP': False, 'H-EQP': False, 'H-PHY': False, 'H-TOOL': False, 'H-ACT': False}",SUCCESS,48.86617493629456,1.0,True,"```json
{
  ""event_class"": ""E4"",
  ""confidence"": 1.0,
  ""tool"": ""contingency"",
  ""reason"": ""The scenario explicitly inject a single generator outage targeting gen_G8.""
}
```",E4,none,generator,high,power_flow;contingency;n1_security;grid_query_topology,E4,contingency,True,True,True,json
IEEE14_SCN_002776,E9,E2_LLM_RAG,Local,True,True,True,"{'H-NUM': False, 'H-TOP': False, 'H-EQP': False, 'H-PHY': False, 'H-TOOL': False, 'H-ACT': False}",SUCCESS,50.78682518005371,1.0,True,"```json
{
  ""event_class"": ""E9"",
  ""confidence"": 1.0,
  ""tool"": ""contingency"",
  ""reason"": ""The event is a compound mechanism combining a transmission line outage (E3) and a load surge (E1).""
}
```",E9,none,branch+demand,high,power_flow;contingency;n1_security;grid_query_topology,E9,contingency,True,True,True,json
IEEE14_SCN_000755,E2,E2_LLM_RAG,Local,True,True,True,"{'H-NUM': False, 'H-TOP': False, 'H-EQP': False, 'H-PHY': False, 'H-TOOL': False, 'H-ACT': False}",SUCCESS,47.86322379112244,1.0,True,"```json
{
  ""event_class"": ""E2"",
  ""confidence"": 1.0,
  ""tool"": ""grid_query"",
  ""reason"": ""The injected mechanism is a 20% demand decrease across multiple load buses, which corresponds to a Load Drop (E2).""
}
```",E2,none,demand,high,n1_security;grid_query_topology,E2,grid_query,True,True,False,json
IEEE14_SCN_002041,E3,E2_LLM_RAG,Local,True,True,True,"{'H-NUM': False, 'H-TOP': False, 'H-EQP': False, 'H-PHY': False, 'H-TOOL': False, 'H-ACT': False}",SUCCESS,43.76141595840454,1.0,True,"```json
{
  ""event_class"": ""E3"",
  ""confidence"": 1.0,
  ""tool"": ""contingency"",
  ""reason"": ""The scenario explicitly defines a single line outage of line_6_13, which matches the definition of E3.""
}
```",E3,undervoltage,branch,high,power_flow;state_estimation;contingency;n1_security;grid_query_topology;grid_query_limits,E3,contingency,True,True,True,json
IEEE14_SCN_002388,E7,E2_LLM_RAG,Local,True,True,True,"{'H-NUM': False, 'H-TOP': False, 'H-EQP': False, 'H-PHY': False, 'H-TOOL': False, 'H-ACT': False}",SUCCESS,66.41398072242737,0.5,True,"```json
{
  ""event_class"": ""E7"",
  ""confidence"": 1.0,
  ""tool"": ""power_flow"",
  ""reason"": ""The AVR setpoint shift caused the bus voltage to",E7,overvoltage,none,high,power_flow;state_estimation;n1_security;grid_query_topology;grid_query_limits,E7,power_flow,True,True,True,last-E-digit
IEEE14_SCN_002566,E9,E2_LLM_RAG,Local,True,True,True,"{'H-NUM': False, 'H-TOP': False, 'H-EQP': False, 'H-PHY': False, 'H-TOOL': False, 'H-ACT': False}",SUCCESS,59.2750551700592,1.0,True,"```json
{
  ""event_class"": ""E9"",
  ""confidence"": 1.0,
  ""tool"": ""grid_query"",
  ""reason"": ""The event is compound, combining a transmission line outage (line_1_2) and a load surge (20% demand increase).""
}
```",E9,undervoltage+overload,branch+demand,high,power_flow;state_estimation;contingency;n1_security;opf;grid_query_topology;grid_query_limits,E9,grid_query,True,False,False,json
IEEE14_SCN_002979,E9,E2_LLM_RAG,Local,True,True,True,"{'H-NUM': False, 'H-TOP': False, 'H-EQP': False, 'H-PHY': False, 'H-TOOL': False, 'H-ACT': False}",SUCCESS,42.24537563323975,1.0,True,"```json
{
  ""event_class"": ""E9"",
  ""confidence"": 1.0,
  ""tool"": ""contingency"",
  ""reason"": ""The event is a compound mechanism combining a transmission line outage (E3) and a load surge (E1).""
}
```",E9,none,branch+demand,high,power_flow;contingency;n1_security;grid_query_topology,E9,contingency,True,True,True,json
IEEE14_SCN_002925,E9,E2_LLM_RAG,Local,True,True,True,"{'H-NUM': False, 'H-TOP': False, 'H-EQP': False, 'H-PHY': False, 'H-TOOL': False, 'H-ACT': False}",SUCCESS,38.47734713554382,1.0,True,"```json
{
  ""event_class"": ""E9"",
  ""confidence"": 1.0,
  ""tool"": ""contingency"",
  ""reason"": ""The event is a compound mechanism consisting of a transmission line outage (line_9_14) and a significant load increase.""
}
```",E9,none,branch+demand,high,power_flow;contingency;n1_security;grid_query_topology,E9,contingency,True,True,True,json
IEEE14_SCN_001467,E4,E2_LLM_RAG,Local,True,True,True,"{'H-NUM': False, 'H-TOP': False, 'H-EQP': False, 'H-PHY': False, 'H-TOOL': False, 'H-ACT': False}",SUCCESS,52.45307636260986,1.0,True,"```json
{
  ""event_class"": ""E4"",
  ""confidence"": 1.0,
  ""tool"": ""contingency"",
  ""reason"": ""The scenario explicitly inject a single unit generator outage targeting gen_G3.""
}
```",E4,none,generator,high,power_flow;contingency;n1_security;grid_query_topology,E4,contingency,True,True,True,json
IEEE14_SCN_002621,E9,E2_LLM_RAG,Local,True,True,True,"{'H-NUM': False, 'H-TOP': False, 'H-EQP': False, 'H-PHY': False, 'H-TOOL': False, 'H-ACT': False}",SUCCESS,47.65618896484375,1.0,True,"```json
{
  ""event_class"": ""E9"",
  ""confidence"": 1.0,
  ""tool"": ""contingency"",
  ""reason"": ""The injected event is explicitly defined as a compound mechanism combining a transmission line outage (E3) and a load surge (E1).""
}
```",E9,overload,branch+demand,high,power_flow;state_estimation;contingency;n1_security;opf;grid_query_topology;grid_query_limits,E9,contingency,True,True,True,json
IEEE14_SCN_002945,E9,E2_LLM_RAG,Local,True,True,True,"{'H-NUM': False, 'H-TOP': False, 'H-EQP': False, 'H-PHY': False, 'H-TOOL': False, 'H-ACT': False}",SUCCESS,51.27286148071289,1.0,True,"```json
{
  ""event_class"": ""E9"",
  ""confidence"": 1.0,
  ""tool"": ""contingency"",
  ""reason"": ""The injected event is a compound mechanism consisting of a transmission line outage (E3) and a significant load surge (E1).""
}
```",E9,none,branch+demand,high,power_flow;contingency;n1_security;grid_query_topology,E9,contingency,True,True,True,json
IEEE14_SCN_001395,E4,E2_LLM_RAG,Local,True,True,True,"{'H-NUM': False, 'H-TOP': False, 'H-EQP': False, 'H-PHY': False, 'H-TOOL': False, 'H-ACT': False}",SUCCESS,44.86759972572327,1.0,True,"```json
{
  ""event_class"": ""E4"",
  ""confidence"": 1.0,
  ""tool"": ""contingency"",
  ""reason"": ""The injected mechanism is explicitly defined as a single unit generator outage targeting gen_G8.""
}
```",E4,none,generator,high,power_flow;contingency;n1_security;grid_query_topology,E4,contingency,True,True,True,json
IEEE14_SCN_001944,E3,E2_LLM_RAG,Local,True,True,True,"{'H-NUM': False, 'H-TOP': False, 'H-EQP': False, 'H-PHY': False, 'H-TOOL': False, 'H-ACT': False}",SUCCESS,46.56069993972778,1.0,True,"```json
{
  ""event_class"": ""E3"",
  ""confidence"": 1.0,
  ""tool"": ""contingency"",
  ""reason"": ""The scenario explicitly inject a single line outage (line_6_13), which matches the definition of E3.""
}
```",E3,undervoltage,branch,high,power_flow;state_estimation;contingency;n1_security;grid_query_topology;grid_query_limits,E3,contingency,True,True,True,json
IEEE14_SCN_001695,E5,E2_LLM_RAG,Local,False,True,True,"{'H-NUM': False, 'H-TOP': False, 'H-EQP': False, 'H-PHY': False, 'H-TOOL': False, 'H-ACT': False}",NO_EFFECT,41.26722073554993,1.0,False,"```json
{
  ""event_class"": ""E9"",
  ""confidence"": 1.0,
  ""tool"": ""grid_query"",
  ""reason"": ""The event is a renewable ramp (E5) that results in an overvoltage condition (E7) as the peak voltage reaches 1.0600 pu.""
}
```",E5,none,renewable,high,n1_security;grid_query_topology,E9,grid_query,False,True,False,json
IEEE14_SCN_001664,E5,E2_LLM_RAG,Local,True,True,True,"{'H-NUM': False, 'H-TOP': False, 'H-EQP': False, 'H-PHY': False, 'H-TOOL': False, 'H-ACT': False}",SUCCESS,54.99083304405213,1.0,True,"```json
{
  ""event_class"": ""E5"",
  ""confidence"": 1.0,
  ""tool"": ""power_flow"",
  ""reason"": ""The injected mechanism is explicitly defined as a renewable ramp (down-ramp) targeting wind generation.""
}
```",E5,none,renewable,high,n1_security;grid_query_topology,E5,power_flow,True,True,False,json
IEEE14_SCN_000993,E3,E2_LLM_RAG,Local,True,True,True,"{'H-NUM': False, 'H-TOP': False, 'H-EQP': False, 'H-PHY': False, 'H-TOOL': False, 'H-ACT': False}",SUCCESS,44.47577047348023,1.0,True,"```json
{
  ""event_class"": ""E3"",
  ""confidence"": 1.0,
  ""tool"": ""contingency"",
  ""reason"": ""The scenario explicitly inject a single line outage on line_9_14, which matches the definition of E3.""
}
```",E3,none,branch,high,power_flow;contingency;n1_security;grid_query_topology,E3,contingency,True,True,True,json
IEEE14_SCN_001429,E4,E2_LLM_RAG,Local,True,True,True,"{'H-NUM': False, 'H-TOP': False, 'H-EQP': False, 'H-PHY': False, 'H-TOOL': False, 'H-ACT': False}",SUCCESS,55.9450044631958,1.0,True,"```json
{
  ""event_class"": ""E4"",
  ""confidence"": 1.0,
  ""tool"": ""contingency"",
  ""reason"": ""The injected mechanism is explicitly defined as a single unit generator outage (gen_G2), which maps directly to E4.""
}
```",E4,none,generator,high,power_flow;contingency;n1_security;grid_query_topology,E4,contingency,True,True,True,json
IEEE14_SCN_001827,E3,E2_LLM_RAG,Local,True,True,True,"{'H-NUM': False, 'H-TOP': False, 'H-EQP': False, 'H-PHY': False, 'H-TOOL': False, 'H-ACT': False}",SUCCESS,50.40789175033569,1.0,True,"```json
{
  ""event_class"": ""E3"",
  ""confidence"": 1.0,
  ""tool"": ""contingency"",
  ""reason"": ""The scenario explicitly defines the injected mechanism as a single line outage targeting line_6_13.""
}
```",E3,undervoltage,branch,high,power_flow;state_estimation;contingency;n1_security;grid_query_topology;grid_query_limits,E3,contingency,True,True,True,json
IEEE14_SCN_001720,E5,E2_LLM_RAG,Local,True,True,True,"{'H-NUM': False, 'H-TOP': False, 'H-EQP': False, 'H-PHY': False, 'H-TOOL': False, 'H-ACT': False}",SUCCESS,46.86894965171814,1.0,True,"```json
{
  ""event_class"": ""E5"",
  ""confidence"": 1.0,
  ""tool"": ""grid_query"",
  ""reason"": ""The injected mechanism is explicitly defined as a renewable_ramp targeting PV and WIND resources, which matches the definition of E5.""
}
```",E5,none,renewable,high,n1_security;grid_query_topology,E5,grid_query,True,True,False,json
IEEE14_SCN_001858,E4,E2_LLM_RAG,Local,True,True,True,"{'H-NUM': False, 'H-TOP': False, 'H-EQP': False, 'H-PHY': False, 'H-TOOL': False, 'H-ACT': False}",SUCCESS,48.65043783187866,1.0,True,"```json
{
  ""event_class"": ""E4"",
  ""confidence"": 1.0,
  ""tool"": ""contingency"",
  ""reason"": ""The injected mechanism is explicitly defined as the outage of a single generator (gen_G6).""
}
```",E4,undervoltage,generator,high,power_flow;state_estimation;contingency;n1_security;grid_query_topology;grid_query_limits,E4,contingency,True,True,True,json
IEEE14_SCN_000735,E2,E2_LLM_RAG,Local,True,True,True,"{'H-NUM': False, 'H-TOP': False, 'H-EQP': False, 'H-PHY': False, 'H-TOOL': False, 'H-ACT': False}",SUCCESS,51.15687847137451,1.0,True,"```json
{
  ""event_class"": ""E2"",
  ""confidence"": 1.0,
  ""tool"": ""grid_query"",
  ""reason"": ""The injected mechanism is a 20% demand decrease at a single bus, which directly corresponds to a Load Drop (E2).""
}
```",E2,none,demand,high,n1_security;grid_query_topology,E2,grid_query,True,True,False,json
IEEE14_SCN_002341,E7,E2_LLM_RAG,Local,True,True,True,"{'H-NUM': False, 'H-TOP': False, 'H-EQP': False, 'H-PHY': False, 'H-TOOL': False, 'H-ACT': False}",SUCCESS,62.51780700683594,1.0,True,"```json
{
  ""event_class"": ""E7"",
  ""confidence"": 1.0,
  ""tool"": ""grid_query"",
  ""reason"": ""The injection of increased excitation setpoints resulted in a post-event peak voltage of 1.0800 pu, exceeding the 1.05 pu threshold for overvoltage.""
}
```",E7,overvoltage,none,high,power_flow;state_estimation;n1_security;grid_query_topology;grid_query_limits,E7,grid_query,True,True,False,json
IEEE14_SCN_001199,E3,E2_LLM_RAG,Local,True,True,True,"{'H-NUM': False, 'H-TOP': False, 'H-EQP': False, 'H-PHY': False, 'H-TOOL': False, 'H-ACT': False}",SUCCESS,50.0255777835846,1.0,True,"```json
{
  ""event_class"": ""E3"",
  ""confidence"": 1.0,
  ""tool"": ""contingency"",
  ""reason"": ""The scenario explicitly inject a single transmission line outage on line_10_11.""
}
```",E3,none,branch,high,power_flow;contingency;n1_security;grid_query_topology,E3,contingency,True,True,True,json
IEEE14_SCN_001384,E4,E2_LLM_RAG,Local,True,True,True,"{'H-NUM': False, 'H-TOP': False, 'H-EQP': False, 'H-PHY': False, 'H-TOOL': False, 'H-ACT': False}",SUCCESS,33.55572199821472,1.0,True,"```json
{
  ""event_class"": ""E4"",
  ""confidence"": 1.0,
  ""tool"": ""contingency"",
  ""reason"": ""The injected mechanism is explicitly defined as a single unit generator outage targeting gen_G2.""
}
```",E4,none,generator,high,power_flow;contingency;n1_security;grid_query_topology,E4,contingency,True,True,True,json
IEEE14_SCN_001784,E5,E2_LLM_RAG,Local,True,True,True,"{'H-NUM': False, 'H-TOP': False, 'H-EQP': False, 'H-PHY': False, 'H-TOOL': False, 'H-ACT': False}",SUCCESS,45.10478568077088,1.0,True,"```json
{
  ""event_class"": ""E5"",
  ""confidence"": 1.0,
  ""tool"": ""grid_query"",
  ""reason"": ""The injected mechanism is explicitly defined as a renewable_ramp (up-ramp of PV and Wind) targeting specific generation resources.""
}
```",E5,none,renewable,high,n1_security;grid_query_topology,E5,grid_query,True,True,False,json
IEEE14_SCN_002692,E9,E2_LLM_RAG,Local,True,True,True,"{'H-NUM': False, 'H-TOP': False, 'H-EQP': False, 'H-PHY': False, 'H-TOOL': False, 'H-ACT': False}",SUCCESS,47.228246450424194,1.0,True,"```json
{
  ""event_class"": ""E9"",
  ""confidence"": 1.0,
  ""tool"": ""contingency"",
  ""reason"": ""The event is compound (E9) as it combines a transmission line outage (E3) with a significant load surge (E1).""
}
```",E9,undervoltage+overload,branch+demand,high,power_flow;state_estimation;contingency;n1_security;opf;grid_query_topology;grid_query_limits,E9,contingency,True,False,True,json
IEEE14_SCN_002494,E9,E2_LLM_RAG,Local,True,True,True,"{'H-NUM': False, 'H-TOP': False, 'H-EQP': False, 'H-PHY': False, 'H-TOOL': False, 'H-ACT': False}",SUCCESS,52.4267852306366,1.0,True,"```json
{
  ""event_class"": ""E9"",
  ""confidence"": 1.0,
  ""tool"": ""contingency"",
  ""reason"": ""The event is explicitly defined as a compound mechanism involving a transmission line outage (E3) and a load surge (E1).""
}
```",E9,undervoltage+overload,branch+demand,high,power_flow;state_estimation;contingency;n1_security;opf;grid_query_topology;grid_query_limits,E9,contingency,True,False,True,json
IEEE14_SCN_002988,E9,E2_LLM_RAG,Local,True,True,True,"{'H-NUM': False, 'H-TOP': False, 'H-EQP': False, 'H-PHY': False, 'H-TOOL': False, 'H-ACT': False}",SUCCESS,53.57750153541565,1.0,True,"```json
{
  ""event_class"": ""E9"",
  ""confidence"": 1.0,
  ""tool"": ""contingency"",
  ""reason"": ""The event is a compound mechanism involving the outage of line_6_13 and a 20% load surge.""
}
```",E9,undervoltage,branch+demand,high,power_flow;state_estimation;contingency;n1_security;grid_query_topology;grid_query_limits,E9,contingency,True,True,True,json
IEEE14_SCN_000068,E0,E2_LLM_RAG,Local,True,True,True,"{'H-NUM': False, 'H-TOP': False, 'H-EQP': False, 'H-PHY': False, 'H-TOOL': False, 'H-ACT': False}",SUCCESS,44.28802394866944,1.0,True,"```json
{
  ""event_class"": ""E0"",
  ""confidence"": 1.0,
  ""tool"": ""grid_query"",
  ""reason"": ""The scenario explicitly states that no disturbance was injected, indicating normal operation.""
}
```",E0,none,none,high,n1_security;grid_query_topology,E0,grid_query,True,True,False,json
IEEE14_SCN_002854,E9,E2_LLM_RAG,Local,True,True,True,"{'H-NUM': False, 'H-TOP': False, 'H-EQP': False, 'H-PHY': False, 'H-TOOL': False, 'H-ACT': False}",SUCCESS,48.23938536643982,1.0,True,"```json
{
  ""event_class"": ""E9"",
  ""confidence"": 1.0,
  ""tool"": ""contingency"",
  ""reason"": ""The injected mechanism explicitly combines a transmission line outage (E3) and a load surge (E1).""
}
```",E9,none,branch+demand,high,power_flow;contingency;n1_security;grid_query_topology,E9,contingency,True,True,True,json
IEEE14_SCN_002234,E7,E2_LLM_RAG,Local,True,True,True,"{'H-NUM': False, 'H-TOP': False, 'H-EQP': False, 'H-PHY': False, 'H-TOOL': False, 'H-ACT': False}",SUCCESS,65.13714218139648,1.0,True,"```json
{
  ""event_class"": ""E7"",
  ""confidence"": 1.0,
  ""tool"": ""power_flow"",
  ""reason"": ""The injection of AVR setpoint shifts caused the post-event voltage to exceed 1.05 pu (up to 1.0800 pu), meeting the criteria for an overvoltage event.""
}
```",E7,overvoltage,none,high,power_flow;state_estimation;n1_security;grid_query_topology;grid_query_limits,E7,power_flow,True,True,True,json
IEEE14_SCN_000953,E3,E2_LLM_RAG,Local,True,True,True,"{'H-NUM': False, 'H-TOP': False, 'H-EQP': False, 'H-PHY': False, 'H-TOOL': False, 'H-ACT': False}",SUCCESS,47.43575406074524,1.0,True,"```json
{
  ""event_class"": ""E3"",
  ""confidence"": 1.0,
  ""tool"": ""contingency"",
  ""reason"": ""The scenario explicitly inject a single line outage on line_2_5, which matches the definition of E3.""
}
```",E3,none,branch,high,power_flow;contingency;n1_security;grid_query_topology,E3,contingency,True,True,True,json
IEEE14_SCN_002785,E9,E2_LLM_RAG,Local,True,True,True,"{'H-NUM': False, 'H-TOP': False, 'H-EQP': False, 'H-PHY': False, 'H-TOOL': False, 'H-ACT': False}",SUCCESS,43.80839109420776,1.0,True,"```json
{
  ""event_class"": ""E9"",
  ""confidence"": 1.0,
  ""tool"": ""contingency"",
  ""reason"": ""The injected event is a compound mechanism combining a transmission line outage (E3) and a load surge (E1).""
}
```",E9,none,branch+demand,high,power_flow;contingency;n1_security;grid_query_topology,E9,contingency,True,True,True,json
IEEE14_SCN_001925,E3,E2_LLM_RAG,Local,True,True,True,"{'H-NUM': False, 'H-TOP': False, 'H-EQP': False, 'H-PHY': False, 'H-TOOL': False, 'H-ACT': False}",SUCCESS,48.21187353134155,1.0,True,"```json
{
  ""event_class"": ""E3"",
  ""confidence"": 1.0,
  ""tool"": ""contingency"",
  ""reason"": ""The scenario explicitly inject a single line outage on line_13_14, which matches the definition of E3 (Transmission-Line Outage).""
}
```",E3,undervoltage,branch,high,power_flow;state_estimation;contingency;n1_security;grid_query_topology;grid_query_limits,E3,contingency,True,True,True,json
IEEE14_SCN_002703,E9,E3_LLM_Tools,Local,True,True,True,"{'H-NUM': False, 'H-TOP': False, 'H-EQP': False, 'H-PHY': False, 'H-TOOL': False, 'H-ACT': False}",SUCCESS,54.27684259414673,1.0,True,"```json
{
  ""event_class"": ""E9"",
  ""confidence"": 1.0,
  ""tool"": ""contingency"",
  ""reason"": ""The event is explicitly described as a compound mechanism involving the outage of line_13_14 and a 20% demand increase.""
}
```",E9,undervoltage,branch+demand,high,power_flow;state_estimation;contingency;n1_security;grid_query_topology;grid_query_limits,E9,contingency,True,True,True,json
IEEE14_SCN_001981,E3,E3_LLM_Tools,Local,True,True,True,"{'H-NUM': False, 'H-TOP': False, 'H-EQP': False, 'H-PHY': False, 'H-TOOL': False, 'H-ACT': False}",SUCCESS,44.471182107925415,1.0,True,"```json
{
  ""event_class"": ""E3"",
  ""confidence"": 1.0,
  ""tool"": ""contingency"",
  ""reason"": ""The injected mechanism is explicitly defined as a single line outage (line_6_13).""
}
```",E3,undervoltage,branch,high,power_flow;state_estimation;contingency;n1_security;grid_query_topology;grid_query_limits,E3,contingency,True,True,True,json
IEEE14_SCN_000948,E3,E3_LLM_Tools,Local,True,True,True,"{'H-NUM': False, 'H-TOP': False, 'H-EQP': False, 'H-PHY': False, 'H-TOOL': False, 'H-ACT': False}",SUCCESS,50.8532235622406,1.0,True,"```json
{
  ""event_class"": ""E3"",
  ""confidence"": 1.0,
  ""tool"": ""contingency"",
  ""reason"": ""The scenario explicitly inject a single transmission line outage (line_2_4), which matches the definition of E3.""
}
```",E3,none,branch,high,power_flow;contingency;n1_security;grid_query_topology,E3,contingency,True,True,True,json
IEEE14_SCN_001349,E4,E3_LLM_Tools,Local,True,True,True,"{'H-NUM': False, 'H-TOP': False, 'H-EQP': False, 'H-PHY': False, 'H-TOOL': False, 'H-ACT': False}",SUCCESS,53.491475105285645,1.0,True,"```json
{
  ""event_class"": ""E4"",
  ""confidence"": 1.0,
  ""tool"": ""contingency"",
  ""reason"": ""The injected mechanism is explicitly a single generator outage (gen_G6).""
}
```",E4,none,generator,high,power_flow;contingency;n1_security;grid_query_topology,E4,contingency,True,True,True,json
IEEE14_SCN_002035,E3,E3_LLM_Tools,Local,True,True,True,"{'H-NUM': False, 'H-TOP': False, 'H-EQP': False, 'H-PHY': False, 'H-TOOL': False, 'H-ACT': False}",SUCCESS,46.69257807731629,1.0,True,"```json
{
  ""event_class"": ""E3"",
  ""confidence"": 1.0,
  ""tool"": ""contingency"",
  ""reason"": ""The scenario explicitly inject a single line outage (line_6_13), which matches the definition of E3.""
}
```",E3,undervoltage,branch,high,power_flow;state_estimation;contingency;n1_security;grid_query_topology;grid_query_limits,E3,contingency,True,True,True,json
IEEE14_SCN_002982,E9,E3_LLM_Tools,Local,True,True,True,"{'H-NUM': False, 'H-TOP': False, 'H-EQP': False, 'H-PHY': False, 'H-TOOL': False, 'H-ACT': False}",SUCCESS,57.02395248413086,1.0,True,"```json
{
  ""event_class"": ""E9"",
  ""confidence"": 1.0,
  ""tool"": ""contingency"",
  ""reason"": ""The injected mechanism is explicitly defined as a compound event combining a transmission line outage (E3) and a load surge (E1).""
}
```",E9,none,branch+demand,high,power_flow;contingency;n1_security;grid_query_topology,E9,contingency,True,True,True,json
IEEE14_SCN_002055,E3,E3_LLM_Tools,Local,True,True,True,"{'H-NUM': False, 'H-TOP': False, 'H-EQP': False, 'H-PHY': False, 'H-TOOL': False, 'H-ACT': False}",SUCCESS,39.70419120788574,1.0,True,"```json
{
  ""event_class"": ""E3"",
  ""confidence"": 1.0,
  ""tool"": ""contingency"",
  ""reason"": ""The scenario explicitly inject a single transmission line outage (line_6_13).""
}
```",E3,undervoltage,branch,high,power_flow;state_estimation;contingency;n1_security;grid_query_topology;grid_query_limits,E3,contingency,True,True,True,json
IEEE14_SCN_001408,E4,E3_LLM_Tools,Local,True,True,True,"{'H-NUM': False, 'H-TOP': False, 'H-EQP': False, 'H-PHY': False, 'H-TOOL': False, 'H-ACT': False}",SUCCESS,46.624377489089966,1.0,True,"```json
{
  ""event_class"": ""E4"",
  ""confidence"": 1.0,
  ""tool"": ""contingency"",
  ""reason"": ""The injected mechanism is explicitly defined as a single unit generator outage (gen_G6), which corresponds directly to the E4 event class.""
}
```",E4,none,generator,high,power_flow;contingency;n1_security;grid_query_topology,E4,contingency,True,True,True,json
IEEE14_SCN_001614,E5,E3_LLM_Tools,Local,True,True,True,"{'H-NUM': False, 'H-TOP': False, 'H-EQP': False, 'H-PHY': False, 'H-TOOL': False, 'H-ACT': False}",SUCCESS,46.658384561538696,1.0,True,"```json
{
  ""event_class"": ""E5"",
  ""confidence"": 1.0,
  ""tool"": ""grid_query"",
  ""reason"": ""The injected mechanism is explicitly defined as a renewable ramp (up-ramp of PV generation).""
}
```",E5,none,renewable,high,n1_security;grid_query_topology,E5,grid_query,True,True,False,json
IEEE14_SCN_001945,E3,E3_LLM_Tools,Local,True,True,True,"{'H-NUM': False, 'H-TOP': False, 'H-EQP': False, 'H-PHY': False, 'H-TOOL': False, 'H-ACT': False}",SUCCESS,42.68500828742981,1.0,True,"```json
{
  ""event_class"": ""E3"",
  ""confidence"": 1.0,
  ""tool"": ""contingency"",
  ""reason"": ""The scenario explicitly defines the injected mechanism as a single line outage of line_6_13.""
}
```",E3,undervoltage,branch,high,power_flow;state_estimation;contingency;n1_security;grid_query_topology;grid_query_limits,E3,contingency,True,True,True,json
IEEE14_SCN_002263,E7,E3_LLM_Tools,Local,True,True,True,"{'H-NUM': False, 'H-TOP': False, 'H-EQP': False, 'H-PHY': False, 'H-TOOL': False, 'H-ACT': False}",SUCCESS,53.14719367027283,1.0,True,"```json
{
  ""event_class"": ""E7"",
  ""confidence"": 1.0,
  ""tool"": ""grid_query"",
  ""reason"": ""The injection of AVR setpoint shifts resulted in a post-event voltage violation (V > 1.05 pu).""
}
```",E7,overvoltage,none,high,power_flow;state_estimation;n1_security;grid_query_topology;grid_query_limits,E7,grid_query,True,True,False,json
IEEE14_SCN_001379,E4,E3_LLM_Tools,Local,True,True,True,"{'H-NUM': False, 'H-TOP': False, 'H-EQP': False, 'H-PHY': False, 'H-TOOL': False, 'H-ACT': False}",SUCCESS,49.4765853881836,1.0,True,"```json
{
  ""event_class"": ""E4"",
  ""confidence"": 1.0,
  ""tool"": ""contingency"",
  ""reason"": ""The scenario explicitly describes a single unit generator outage (gen_G6).""
}
```",E4,none,generator,high,power_flow;contingency;n1_security;grid_query_topology,E4,contingency,True,True,True,json
IEEE14_SCN_001155,E3,E3_LLM_Tools,Local,True,True,True,"{'H-NUM': False, 'H-TOP': False, 'H-EQP': False, 'H-PHY': False, 'H-TOOL': False, 'H-ACT': False}",SUCCESS,61.22331738471985,1.0,True,"```json
{
  ""event_class"": ""E3"",
  ""confidence"": 1.0,
  ""tool"": ""contingency"",
  ""reason"": ""The scenario explicitly inject a single line outage (line_2_5), which directly corresponds to the definition of E3.""
}
```",E3,none,branch,high,power_flow;contingency;n1_security;grid_query_topology,E3,contingency,True,True,True,json
IEEE14_SCN_002994,E9,E3_LLM_Tools,Local,True,True,True,"{'H-NUM': False, 'H-TOP': False, 'H-EQP': False, 'H-PHY': False, 'H-TOOL': False, 'H-ACT': False}",SUCCESS,55.28956389427185,1.0,True,"```json
{
  ""event_class"": ""E9"",
  ""confidence"": 1.0,
  ""tool"": null,
  ""reason"": ""The injected event is explicitly described as a compound mechanism combining a generator outage (gen_G6) and a large down-ramp of renewable sources (sgen_PV14, sgen_WIND6).""
}
```",E9,none,branch+demand,high,power_flow;contingency;n1_security;grid_query_topology,E9,none,True,True,False,json
IEEE14_SCN_002292,E7,E3_LLM_Tools,Local,True,True,True,"{'H-NUM': False, 'H-TOP': False, 'H-EQP': False, 'H-PHY': False, 'H-TOOL': False, 'H-ACT': False}",SUCCESS,56.91699814796448,0.95,True,"```json
{
  ""event_class"": ""E7"",
  ""confidence"": 0.95,
  ""tool"": ""grid_query"",
  ""reason"": ""The injection of increased excitation setpoints resulted in a post-event voltage peak of 1.0800 pu, exceeding the 1.05 pu threshold for overvoltage.""
}
```",E7,overvoltage,none,high,power_flow;state_estimation;n1_security;grid_query_topology;grid_query_limits,E7,grid_query,True,True,False,json
IEEE14_SCN_001918,E3,E3_LLM_Tools,Local,True,True,True,"{'H-NUM': False, 'H-TOP': False, 'H-EQP': False, 'H-PHY': False, 'H-TOOL': False, 'H-ACT': False}",SUCCESS,47.26577615737915,1.0,True,"```json
{
  ""event_class"": ""E3"",
  ""confidence"": 1.0,
  ""tool"": ""contingency"",
  ""reason"": ""The scenario explicitly inject a single transmission line outage (line_6_13).""
}
```",E3,undervoltage,branch,high,power_flow;state_estimation;contingency;n1_security;grid_query_topology;grid_query_limits,E3,contingency,True,True,True,json
IEEE14_SCN_001027,E3,E3_LLM_Tools,Local,True,True,True,"{'H-NUM': False, 'H-TOP': False, 'H-EQP': False, 'H-PHY': False, 'H-TOOL': False, 'H-ACT': False}",SUCCESS,64.23563289642334,0.5,True,"```json
{
  ""event_class"": ""E3"",
  ""confidence"": ",E3,none,branch,high,power_flow;contingency;n1_security;grid_query_topology,E3,power_flow,True,True,True,last-E-digit
IEEE14_SCN_002976,E9,E3_LLM_Tools,Local,True,True,True,"{'H-NUM': False, 'H-TOP': False, 'H-EQP': False, 'H-PHY': False, 'H-TOOL': False, 'H-ACT': False}",SUCCESS,51.485044717788696,1.0,True,"```json
{
  ""event_class"": ""E9"",
  ""confidence"": 1.0,
  ""tool"": ""contingency"",
  ""reason"": ""The event is compound, involving both a transmission line outage (E3) and a significant load surge (E1).""
}
```",E9,undervoltage,branch+demand,high,power_flow;state_estimation;contingency;n1_security;grid_query_topology;grid_query_limits,E9,contingency,True,True,True,json
IEEE14_SCN_000382,E1,E3_LLM_Tools,Local,True,True,True,"{'H-NUM': False, 'H-TOP': False, 'H-EQP': False, 'H-PHY': False, 'H-TOOL': False, 'H-ACT': False}",SUCCESS,44.88483142852783,1.0,True,"```json
{
  ""event_class"": ""E1"",
  ""confidence"": 1.0,
  ""tool"": ""grid_query"",
  ""reason"": ""The injected mechanism is a 30% demand increase at a single bus, which defines a Load Surge (E1).""
}
```",E1,none,demand,high,n1_security;grid_query_topology,E1,grid_query,True,True,False,json
IEEE14_SCN_002050,E3,E3_LLM_Tools,Local,True,True,True,"{'H-NUM': False, 'H-TOP': False, 'H-EQP': False, 'H-PHY': False, 'H-TOOL': False, 'H-ACT': False}",SUCCESS,43.86950874328613,1.0,True,"```json
{
  ""event_class"": ""E3"",
  ""confidence"": 1.0,
  ""tool"": ""contingency"",
  ""reason"": ""The injected mechanism is a single line outage (line_6_13), which directly corresponds to the E3 Transmission-Line Outage class.""
}
```",E3,undervoltage,branch,high,power_flow;state_estimation;contingency;n1_security;grid_query_topology;grid_query_limits,E3,contingency,True,True,True,json
IEEE14_SCN_001778,E5,E3_LLM_Tools,Local,True,True,True,"{'H-NUM': False, 'H-TOP': False, 'H-EQP': False, 'H-PHY': False, 'H-TOOL': False, 'H-ACT': False}",SUCCESS,49.50569486618042,1.0,True,"```json
{
  ""event_class"": ""E5"",
  ""confidence"": 1.0,
  ""tool"": ""grid_query"",
  ""reason"": ""The injected mechanism is explicitly defined as a renewable_ramp (down-ramp of PV).""
}
```",E5,none,renewable,high,n1_security;grid_query_topology,E5,grid_query,True,True,False,json
IEEE14_SCN_001347,E4,E3_LLM_Tools,Local,True,True,True,"{'H-NUM': False, 'H-TOP': False, 'H-EQP': False, 'H-PHY': False, 'H-TOOL': False, 'H-ACT': False}",SUCCESS,42.69867777824402,1.0,True,"```json
{
  ""event_class"": ""E4"",
  ""confidence"": 1.0,
  ""tool"": ""contingency"",
  ""reason"": ""The injected mechanism is explicitly defined as a single unit generator outage (gen_G8), which corresponds directly to E4.""
}
```",E4,none,generator,high,power_flow;contingency;n1_security;grid_query_topology,E4,contingency,True,True,True,json
IEEE14_SCN_002877,E9,E3_LLM_Tools,Local,True,True,True,"{'H-NUM': False, 'H-TOP': False, 'H-EQP': False, 'H-PHY': False, 'H-TOOL': False, 'H-ACT': False}",SUCCESS,45.57183218002319,1.0,True,"```json
{
  ""event_class"": ""E9"",
  ""confidence"": 1.0,
  ""tool"": ""contingency"",
  ""reason"": ""The event is a compound mechanism consisting of a transmission line outage (E3) and a load surge (E1).""
}
```",E9,none,branch+demand,high,power_flow;contingency;n1_security;grid_query_topology,E9,contingency,True,True,True,json
IEEE14_SCN_001956,E3,E3_LLM_Tools,Local,True,True,True,"{'H-NUM': False, 'H-TOP': False, 'H-EQP': False, 'H-PHY': False, 'H-TOOL': False, 'H-ACT': False}",SUCCESS,44.72826266288757,1.0,True,"```json
{
  ""event_class"": ""E3"",
  ""confidence"": 1.0,
  ""tool"": ""contingency"",
  ""reason"": ""The injected mechanism is explicitly defined as a single line outage (line_6_13).""
}
```",E3,undervoltage,branch,high,power_flow;state_estimation;contingency;n1_security;grid_query_topology;grid_query_limits,E3,contingency,True,True,True,json
IEEE14_SCN_001046,E3,E3_LLM_Tools,Local,True,True,True,"{'H-NUM': False, 'H-TOP': False, 'H-EQP': False, 'H-PHY': False, 'H-TOOL': False, 'H-ACT': False}",SUCCESS,46.24334025382996,1.0,True,"```json
{
  ""event_class"": ""E3"",
  ""confidence"": 1.0,
  ""tool"": ""contingency"",
  ""reason"": ""The scenario explicitly inject a single line outage (line_6_13), which directly corresponds to the definition of E3.""
}
```",E3,none,branch,high,power_flow;contingency;n1_security;grid_query_topology,E3,contingency,True,True,True,json
IEEE14_SCN_000841,E2,E3_LLM_Tools,Local,True,True,True,"{'H-NUM': False, 'H-TOP': False, 'H-EQP': False, 'H-PHY': False, 'H-TOOL': False, 'H-ACT': False}",SUCCESS,48.74180173873901,1.0,True,"```json
{
  ""event_class"": ""E2"",
  ""confidence"": 1.0,
  ""tool"": ""grid_query"",
  ""reason"": ""The injected mechanism is a 10% decrease in demand (load drop) at a single bus.""
}
```",E2,none,demand,high,n1_security;grid_query_topology,E2,grid_query,True,True,False,json
IEEE14_SCN_002843,E9,E3_LLM_Tools,Local,True,True,True,"{'H-NUM': False, 'H-TOP': False, 'H-EQP': False, 'H-PHY': False, 'H-TOOL': False, 'H-ACT': False}",SUCCESS,55.45956349372864,1.0,True,"```json
{
  ""event_class"": ""E9"",
  ""confidence"": 1.0,
  ""tool"": ""contingency"",
  ""reason"": ""The event is compound, combining the outage of generator gen_G6 with a large down-ramp of renewable generation (sgen_PV14 and sgen_WIND6).""
}
```",E9,none,branch+demand,high,power_flow;contingency;n1_security;grid_query_topology,E9,contingency,True,True,True,json
IEEE14_SCN_000730,E2,E3_LLM_Tools,Local,True,True,True,"{'H-NUM': False, 'H-TOP': False, 'H-EQP': False, 'H-PHY': False, 'H-TOOL': False, 'H-ACT': False}",SUCCESS,49.65835618972778,1.0,True,"```json
{
  ""event_class"": ""E2"",
  ""confidence"": 1.0,
  ""tool"": ""grid_query"",
  ""reason"": ""The injected mechanism is a 10% demand decrease at a single bus, which directly corresponds to the definition of a Load Drop (E2).""
}
```",E2,none,demand,high,n1_security;grid_query_topology,E2,grid_query,True,True,False,json
IEEE14_SCN_001796,E5,E3_LLM_Tools,Local,True,True,True,"{'H-NUM': False, 'H-TOP': False, 'H-EQP': False, 'H-PHY': False, 'H-TOOL': False, 'H-ACT': False}",SUCCESS,50.76776432991028,1.0,True,"```json
{
  ""event_class"": ""E5"",
  ""confidence"": 1.0,
  ""tool"": ""grid_query"",
  ""reason"": ""The injected mechanism is explicitly defined as a large up-ramp of renewable generation (PV).""
}
```",E5,none,renewable,high,n1_security;grid_query_topology,E5,grid_query,True,True,False,json
IEEE14_SCN_001122,E3,E3_LLM_Tools,Local,True,True,True,"{'H-NUM': False, 'H-TOP': False, 'H-EQP': False, 'H-PHY': False, 'H-TOOL': False, 'H-ACT': False}",SUCCESS,47.15428924560547,1.0,True,"```json
{
  ""event_class"": ""E3"",
  ""confidence"": 1.0,
  ""tool"": ""contingency"",
  ""reason"": ""The scenario explicitly inject a single line outage on line_9_10, which matches the definition of E3.""
}
```",E3,none,branch,high,power_flow;contingency;n1_security;grid_query_topology,E3,contingency,True,True,True,json
IEEE14_SCN_002683,E9,E3_LLM_Tools,Local,True,True,True,"{'H-NUM': False, 'H-TOP': False, 'H-EQP': False, 'H-PHY': False, 'H-TOOL': False, 'H-ACT': False}",SUCCESS,47.03404855728149,1.0,True,"```json
{
  ""event_class"": ""E9"",
  ""confidence"": 1.0,
  ""tool"": ""grid_query"",
  ""reason"": ""The event is compound, combining a transmission line outage (E3) with a significant load surge (E1).""
}
```",E9,undervoltage+overload,branch+demand,high,power_flow;state_estimation;contingency;n1_security;opf;grid_query_topology;grid_query_limits,E9,grid_query,True,False,False,json
IEEE14_SCN_001608,E5,E3_LLM_Tools,Local,True,True,True,"{'H-NUM': False, 'H-TOP': False, 'H-EQP': False, 'H-PHY': False, 'H-TOOL': False, 'H-ACT': False}",SUCCESS,49.9934868812561,1.0,True,"```json
{
  ""event_class"": ""E5"",
  ""confidence"": 1.0,
  ""tool"": ""power_flow"",
  ""reason"": ""The injected mechanism is explicitly defined as a renewable_ramp (down-ramp of PV) affecting availability.""
}
```",E5,none,renewable,high,n1_security;grid_query_topology,E5,power_flow,True,True,False,json
IEEE14_SCN_002129,E7,E3_LLM_Tools,Local,True,True,True,"{'H-NUM': False, 'H-TOP': False, 'H-EQP': False, 'H-PHY': False, 'H-TOOL': False, 'H-ACT': False}",SUCCESS,56.48204588890076,1.0,True,"```json
{
  ""event_class"": ""E7"",
  ""confidence"": 1.0,
  ""tool"": ""grid_query"",
  ""reason"": ""The injection of increased AVR setpoints caused the post-event state to show bus overvoltage (V up to 1.0800 pu).""
}
```",E7,overvoltage,none,high,power_flow;state_estimation;n1_security;grid_query_topology;grid_query_limits,E7,grid_query,True,True,False,json
IEEE14_SCN_001253,E4,E3_LLM_Tools,Local,True,True,True,"{'H-NUM': False, 'H-TOP': False, 'H-EQP': False, 'H-PHY': False, 'H-TOOL': False, 'H-ACT': False}",SUCCESS,43.63031196594238,1.0,True,"```json
{
  ""event_class"": ""E4"",
  ""confidence"": 1.0,
  ""tool"": ""contingency"",
  ""reason"": ""The scenario explicitly describes the outage of a single generator (gen_G8).""
}
```",E4,none,generator,high,power_flow;contingency;n1_security;grid_query_topology,E4,contingency,True,True,True,json
IEEE14_SCN_001736,E5,E3_LLM_Tools,Local,True,True,True,"{'H-NUM': False, 'H-TOP': False, 'H-EQP': False, 'H-PHY': False, 'H-TOOL': False, 'H-ACT': False}",SUCCESS,51.44952917098999,1.0,True,"```json
{
  ""event_class"": ""E5"",
  ""confidence"": 1.0,
  ""tool"": ""grid_query"",
  ""reason"": ""The injected mechanism is explicitly defined as a renewable_ramp (down-ramp of 10 availability points) targeting a wind generator, which matches the definition of E5.""
}
```",E5,none,renewable,high,n1_security;grid_query_topology,E5,grid_query,True,True,False,json
IEEE14_SCN_001334,E4,E3_LLM_Tools,Local,True,True,True,"{'H-NUM': False, 'H-TOP': False, 'H-EQP': False, 'H-PHY': False, 'H-TOOL': False, 'H-ACT': False}",SUCCESS,49.12299942970276,1.0,True,"```json
{
  ""event_class"": ""E4"",
  ""confidence"": 1.0,
  ""tool"": ""contingency"",
  ""reason"": ""The scenario explicitly describes a single unit generator outage (gen_G3).""
}
```",E4,none,generator,high,power_flow;contingency;n1_security;grid_query_topology,E4,contingency,True,True,True,json
IEEE14_SCN_000688,E2,E3_LLM_Tools,Local,True,True,True,"{'H-NUM': False, 'H-TOP': False, 'H-EQP': False, 'H-PHY': False, 'H-TOOL': False, 'H-ACT': False}",SUCCESS,49.00414991378784,1.0,True,"```json
{
  ""event_class"": ""E2"",
  ""confidence"": 1.0,
  ""tool"": ""grid_query"",
  ""reason"": ""The injected mechanism was a 10% demand decrease at a single bus, which corresponds to a Load Drop (E2).""
}
```",E2,none,demand,high,n1_security;grid_query_topology,E2,grid_query,True,True,False,json
IEEE14_SCN_002071,E3,E3_LLM_Tools,Local,True,True,True,"{'H-NUM': False, 'H-TOP': False, 'H-EQP': False, 'H-PHY': False, 'H-TOOL': False, 'H-ACT': False}",SUCCESS,48.8518443107605,1.0,True,"```json
{
  ""event_class"": ""E3"",
  ""confidence"": 1.0,
  ""tool"": ""contingency"",
  ""reason"": ""The scenario explicitly inject a single line outage (line_6_13), which corresponds to E3.""
}
```",E3,undervoltage,branch,high,power_flow;state_estimation;contingency;n1_security;grid_query_topology;grid_query_limits,E3,contingency,True,True,True,json
IEEE14_SCN_001282,E4,E3_LLM_Tools,Local,True,True,True,"{'H-NUM': False, 'H-TOP': False, 'H-EQP': False, 'H-PHY': False, 'H-TOOL': False, 'H-ACT': False}",SUCCESS,48.95991468429565,1.0,True,"```json
{
  ""event_class"": ""E4"",
  ""confidence"": 1.0,
  ""tool"": ""contingency"",
  ""reason"": ""The scenario explicitly describes a single unit generator outage (gen_G2).""
}
```",E4,none,generator,high,power_flow;contingency;n1_security;grid_query_topology,E4,contingency,True,True,True,json
IEEE14_SCN_001766,E5,E3_LLM_Tools,Local,True,True,True,"{'H-NUM': False, 'H-TOP': False, 'H-EQP': False, 'H-PHY': False, 'H-TOOL': False, 'H-ACT': False}",SUCCESS,49.709693908691406,1.0,True,"```json
{
  ""event_class"": ""E5"",
  ""confidence"": 1.0,
  ""tool"": ""grid_query"",
  ""reason"": ""The injected mechanism is explicitly defined as a large down-ramp of wind generation availability.""
}
```",E5,none,renewable,high,n1_security;grid_query_topology,E5,grid_query,True,True,False,json
IEEE14_SCN_001668,E5,E3_LLM_Tools,Local,True,True,True,"{'H-NUM': False, 'H-TOP': False, 'H-EQP': False, 'H-PHY': False, 'H-TOOL': False, 'H-ACT': False}",SUCCESS,48.60456943511963,1.0,True,"```json
{
  ""event_class"": ""E5"",
  ""confidence"": 1.0,
  ""tool"": ""grid_query"",
  ""reason"": ""The injected mechanism is explicitly described as a down-ramp of renewable generation (PV and Wind), which matches the definition of E5 Renewable Ramp.""
}
```",E5,none,renewable,high,n1_security;grid_query_topology,E5,grid_query,True,True,False,json
IEEE14_SCN_000556,E1,E3_LLM_Tools,Local,True,True,True,"{'H-NUM': False, 'H-TOP': False, 'H-EQP': False, 'H-PHY': False, 'H-TOOL': False, 'H-ACT': False}",SUCCESS,50.11233997344971,1.0,True,"```json
{
  ""event_class"": ""E1"",
  ""confidence"": 1.0,
  ""tool"": ""power_flow"",
  ""reason"": ""The injected mechanism is a 10% demand increase at a single bus, which directly corresponds to a Load Surge (E1).""
}
```",E1,none,demand,high,n1_security;grid_query_topology,E1,power_flow,True,True,False,json
IEEE14_SCN_001060,E3,E3_LLM_Tools,Local,True,True,True,"{'H-NUM': False, 'H-TOP': False, 'H-EQP': False, 'H-PHY': False, 'H-TOOL': False, 'H-ACT': False}",SUCCESS,38.99498200416565,1.0,True,"```json
{
  ""event_class"": ""E3"",
  ""confidence"": 1.0,
  ""tool"": ""contingency"",
  ""reason"": ""The scenario explicitly inject a single transmission line outage (line_6_13).""
}
```",E3,none,branch,high,power_flow;contingency;n1_security;grid_query_topology,E3,contingency,True,True,True,json
IEEE14_SCN_002986,E9,E3_LLM_Tools,Local,True,True,True,"{'H-NUM': False, 'H-TOP': False, 'H-EQP': False, 'H-PHY': False, 'H-TOOL': False, 'H-ACT': False}",SUCCESS,55.10169339179993,1.0,True,"```json
{
  ""event_class"": ""E9"",
  ""confidence"": 1.0,
  ""tool"": ""contingency"",
  ""reason"": ""The injected event is explicitly defined as a compound mechanism combining a transmission line outage (E3) and a load surge (E1).""
}
```",E9,none,branch+demand,high,power_flow;contingency;n1_security;grid_query_topology,E9,contingency,True,True,True,json
IEEE14_SCN_000521,E1,E3_LLM_Tools,Local,True,True,True,"{'H-NUM': False, 'H-TOP': False, 'H-EQP': False, 'H-PHY': False, 'H-TOOL': False, 'H-ACT': False}",SUCCESS,48.9382758140564,1.0,True,"```json
{
  ""event_class"": ""E1"",
  ""confidence"": 1.0,
  ""tool"": ""grid_query"",
  ""reason"": ""The injected mechanism is a 20% demand increase (load_change) at specified load buses, which directly corresponds to a Load Surge (E1).""
}
```",E1,none,demand,high,n1_security;grid_query_topology,E1,grid_query,True,True,False,json
IEEE14_SCN_000636,E2,E3_LLM_Tools,Local,True,True,True,"{'H-NUM': False, 'H-TOP': False, 'H-EQP': False, 'H-PHY': False, 'H-TOOL': False, 'H-ACT': False}",SUCCESS,44.12860918045044,1.0,True,"```json
{
  ""event_class"": ""E2"",
  ""confidence"": 1.0,
  ""tool"": ""grid_query"",
  ""reason"": ""The injected mechanism was a 10% demand decrease at a single bus, which directly corresponds to a Load Drop (E2).""
}
```",E2,none,demand,high,n1_security;grid_query_topology,E2,grid_query,True,True,False,json
IEEE14_SCN_000073,E0,E3_LLM_Tools,Local,True,True,True,"{'H-NUM': False, 'H-TOP': False, 'H-EQP': False, 'H-PHY': False, 'H-TOOL': False, 'H-ACT': False}",SUCCESS,47.05201721191406,1.0,True,"```json
{
  ""event_class"": ""E0"",
  ""confidence"": 1.0,
  ""tool"": ""grid_query"",
  ""reason"": ""The injected mechanism is explicitly stated as 'none' and 'no disturbance injected', and the effect reports 'no limit violations'.""
}
```",E0,none,none,high,n1_security;grid_query_topology,E0,grid_query,True,True,False,json
IEEE14_SCN_002471,E9,E3_LLM_Tools,Local,True,True,True,"{'H-NUM': False, 'H-TOP': False, 'H-EQP': False, 'H-PHY': False, 'H-TOOL': False, 'H-ACT': False}",SUCCESS,42.31558227539063,1.0,True,"```json
{
  ""event_class"": ""E9"",
  ""confidence"": 1.0,
  ""tool"": ""contingency"",
  ""reason"": ""The injected event is a compound mechanism combining a transmission line outage (E3) and a load surge (E1).""
}
```",E9,overload,branch+demand,high,power_flow;state_estimation;contingency;n1_security;opf;grid_query_topology;grid_query_limits,E9,contingency,True,True,True,json
IEEE14_SCN_001595,E5,E3_LLM_Tools,Local,True,True,True,"{'H-NUM': False, 'H-TOP': False, 'H-EQP': False, 'H-PHY': False, 'H-TOOL': False, 'H-ACT': False}",SUCCESS,48.794370889663696,1.0,True,"```json
{
  ""event_class"": ""E5"",
  ""confidence"": 1.0,
  ""tool"": ""grid_query"",
  ""reason"": ""The injected mechanism is explicitly defined as a renewable ramp (up-ramp of wind generation) targeting sgen_WIND6.""
}
```",E5,none,renewable,high,n1_security;grid_query_topology,E5,grid_query,True,True,False,json
IEEE14_SCN_001803,E3,E3_LLM_Tools,Local,True,True,True,"{'H-NUM': False, 'H-TOP': False, 'H-EQP': False, 'H-PHY': False, 'H-TOOL': False, 'H-ACT': False}",SUCCESS,46.09789252281189,1.0,True,"```json
{
  ""event_class"": ""E3"",
  ""confidence"": 1.0,
  ""tool"": ""contingency"",
  ""reason"": ""The scenario explicitly inject a single transmission line outage (line_6_13).""
}
```",E3,undervoltage,branch,high,power_flow;state_estimation;contingency;n1_security;grid_query_topology;grid_query_limits,E3,contingency,True,True,True,json
IEEE14_SCN_000370,E1,E3_LLM_Tools,Local,True,True,True,"{'H-NUM': False, 'H-TOP': False, 'H-EQP': False, 'H-PHY': False, 'H-TOOL': False, 'H-ACT': False}",SUCCESS,45.29811906814575,1.0,True,"```json
{
  ""event_class"": ""E1"",
  ""confidence"": 1.0,
  ""tool"": ""grid_query"",
  ""reason"": ""The injected mechanism is a 10% demand increase at a specific bus, which directly corresponds to a Load Surge (E1).""
}
```",E1,none,demand,high,n1_security;grid_query_topology,E1,grid_query,True,True,False,json
IEEE14_SCN_000326,E1,E3_LLM_Tools,Local,True,True,True,"{'H-NUM': False, 'H-TOP': False, 'H-EQP': False, 'H-PHY': False, 'H-TOOL': False, 'H-ACT': False}",SUCCESS,54.67897319793701,1.0,True,"```json
{
  ""event_class"": ""E1"",
  ""confidence"": 1.0,
  ""tool"": null,
  ""reason"": ""The injected mechanism is a 20% demand increase (load surge) across multiple buses, which directly corresponds to E1.""
}
```",E1,none,demand,high,n1_security;grid_query_topology,E1,none,True,True,False,json
IEEE14_SCN_000512,E1,E3_LLM_Tools,Local,True,True,True,"{'H-NUM': False, 'H-TOP': False, 'H-EQP': False, 'H-PHY': False, 'H-TOOL': False, 'H-ACT': False}",SUCCESS,41.26017713546753,1.0,True,"```json
{
  ""event_class"": ""E1"",
  ""confidence"": 1.0,
  ""tool"": ""grid_query"",
  ""reason"": ""The injected mechanism is a 10% demand increase (load_change) at a single bus, which directly corresponds to a Load Surge (E1).""
}
```",E1,none,demand,high,n1_security;grid_query_topology,E1,grid_query,True,True,False,json
IEEE14_SCN_001954,E4,E3_LLM_Tools,Local,True,True,True,"{'H-NUM': False, 'H-TOP': False, 'H-EQP': False, 'H-PHY': False, 'H-TOOL': False, 'H-ACT': False}",SUCCESS,48.15623664855957,1.0,True,"```json
{
  ""event_class"": ""E4"",
  ""confidence"": 1.0,
  ""tool"": ""contingency"",
  ""reason"": ""The scenario explicitly defines the injected mechanism as a single generator outage (gen_G6).""
}
```",E4,undervoltage,generator,high,power_flow;state_estimation;contingency;n1_security;grid_query_topology;grid_query_limits,E4,contingency,True,True,True,json
IEEE14_SCN_001828,E3,E3_LLM_Tools,Local,True,True,True,"{'H-NUM': False, 'H-TOP': False, 'H-EQP': False, 'H-PHY': False, 'H-TOOL': False, 'H-ACT': False}",SUCCESS,42.86160564422608,1.0,True,"```json
{
  ""event_class"": ""E3"",
  ""confidence"": 1.0,
  ""tool"": ""contingency"",
  ""reason"": ""The injected mechanism is a single line outage (line_6_13), which directly corresponds to the definition of E3.""
}
```",E3,undervoltage,branch,high,power_flow;state_estimation;contingency;n1_security;grid_query_topology;grid_query_limits,E3,contingency,True,True,True,json
IEEE14_SCN_002781,E9,E3_LLM_Tools,Local,True,True,True,"{'H-NUM': False, 'H-TOP': False, 'H-EQP': False, 'H-PHY': False, 'H-TOOL': False, 'H-ACT': False}",SUCCESS,53.54489016532898,1.0,True,"```json
{
  ""event_class"": ""E9"",
  ""confidence"": 1.0,
  ""tool"": null,
  ""reason"": ""The event is compound, involving both a generator outage (gen_G2) and a large down-ramp of renewable generation (sgen_PV14, sgen_WIND6).""
}
```",E9,none,branch+demand,high,power_flow;contingency;n1_security;grid_query_topology,E9,none,True,True,False,json
IEEE14_SCN_000870,E2,E3_LLM_Tools,Local,True,True,True,"{'H-NUM': False, 'H-TOP': False, 'H-EQP': False, 'H-PHY': False, 'H-TOOL': False, 'H-ACT': False}",SUCCESS,48.59885334968567,1.0,True,"```json
{
  ""event_class"": ""E2"",
  ""confidence"": 1.0,
  ""tool"": ""grid_query"",
  ""reason"": ""The injected mechanism was a 20% decrease in demand (load drop) at a single bus.""
}
```",E2,none,demand,high,n1_security;grid_query_topology,E2,grid_query,True,True,False,json
IEEE14_SCN_001725,E5,E3_LLM_Tools,Local,True,True,True,"{'H-NUM': False, 'H-TOP': False, 'H-EQP': False, 'H-PHY': False, 'H-TOOL': False, 'H-ACT': False}",SUCCESS,45.30831527709961,1.0,True,"```json
{
  ""event_class"": ""E5"",
  ""confidence"": 1.0,
  ""tool"": ""grid_query"",
  ""reason"": ""The injected mechanism is explicitly defined as a renewable ramp (up-ramp) targeting a PV generator.""
}
```",E5,none,renewable,high,n1_security;grid_query_topology,E5,grid_query,True,True,False,json
IEEE14_SCN_000928,E3,E3_LLM_Tools,Local,True,True,True,"{'H-NUM': False, 'H-TOP': False, 'H-EQP': False, 'H-PHY': False, 'H-TOOL': False, 'H-ACT': False}",SUCCESS,43.6651406288147,1.0,True,"```json
{
  ""event_class"": ""E3"",
  ""confidence"": 1.0,
  ""tool"": ""contingency"",
  ""reason"": ""The scenario explicitly injected a single transmission line outage (line_6_12).""
}
```",E3,none,branch,high,power_flow;contingency;n1_security;grid_query_topology,E3,contingency,True,True,True,json
IEEE14_SCN_002027,E3,E3_LLM_Tools,Local,True,True,True,"{'H-NUM': False, 'H-TOP': False, 'H-EQP': False, 'H-PHY': False, 'H-TOOL': False, 'H-ACT': False}",SUCCESS,30.433454513549805,1.0,True,"```json
{
  ""event_class"": ""E3"",
  ""confidence"": 1.0,
  ""tool"": ""contingency"",
  ""reason"": ""The injected mechanism is explicitly defined as a single transmission line outage (line_6_13).""
}
```",E3,undervoltage,branch,high,power_flow;state_estimation;contingency;n1_security;grid_query_topology;grid_query_limits,E3,contingency,True,True,True,json
IEEE14_SCN_001638,E5,E3_LLM_Tools,Local,True,True,True,"{'H-NUM': False, 'H-TOP': False, 'H-EQP': False, 'H-PHY': False, 'H-TOOL': False, 'H-ACT': False}",SUCCESS,30.823394060134888,1.0,True,"```json
{
  ""event_class"": ""E5"",
  ""confidence"": 1.0,
  ""tool"": ""power_flow"",
  ""reason"": ""The injected mechanism is explicitly defined as a medium down-ramp of renewable availability (sgen_PV14), which corresponds to E5.""
}
```",E5,none,renewable,high,n1_security;grid_query_topology,E5,power_flow,True,True,False,json
IEEE14_SCN_000679,E2,E3_LLM_Tools,Local,True,True,True,"{'H-NUM': False, 'H-TOP': False, 'H-EQP': False, 'H-PHY': False, 'H-TOOL': False, 'H-ACT': False}",SUCCESS,31.293179750442505,1.0,True,"```json
{
  ""event_class"": ""E2"",
  ""confidence"": 1.0,
  ""tool"": ""grid_query"",
  ""reason"": ""The injected mechanism was a 30% demand decrease at a single bus, which directly corresponds to the definition of E2 (Load Drop).""
}
```",E2,none,demand,high,n1_security;grid_query_topology,E2,grid_query,True,True,False,json
IEEE14_SCN_002895,E9,E3_LLM_Tools,Local,True,True,True,"{'H-NUM': False, 'H-TOP': False, 'H-EQP': False, 'H-PHY': False, 'H-TOOL': False, 'H-ACT': False}",SUCCESS,33.95783519744873,1.0,True,"```json
{
  ""event_class"": ""E9"",
  ""confidence"": 1.0,
  ""tool"": ""contingency"",
  ""reason"": ""The injected mechanism is a compound event combining a transmission line outage (E3) and a load surge (E1).""
}
```",E9,none,branch+demand,high,power_flow;contingency;n1_security;grid_query_topology,E9,contingency,True,True,True,json
IEEE14_SCN_000738,E2,E3_LLM_Tools,Local,True,True,True,"{'H-NUM': False, 'H-TOP': False, 'H-EQP': False, 'H-PHY': False, 'H-TOOL': False, 'H-ACT': False}",SUCCESS,32.314048767089844,1.0,True,"```json
{
  ""event_class"": ""E2"",
  ""confidence"": 1.0,
  ""tool"": ""grid_query"",
  ""reason"": ""The injected mechanism is a 30% demand decrease at a single bus, which directly corresponds to a Load Drop (E2).""
}
```",E2,none,demand,high,n1_security;grid_query_topology,E2,grid_query,True,True,False,json
IEEE14_SCN_001211,E4,E3_LLM_Tools,Local,True,True,True,"{'H-NUM': False, 'H-TOP': False, 'H-EQP': False, 'H-PHY': False, 'H-TOOL': False, 'H-ACT': False}",SUCCESS,40.08912754058838,1.0,True,"```json
{
  ""event_class"": ""E4"",
  ""confidence"": 1.0,
  ""tool"": ""contingency"",
  ""reason"": ""The injected mechanism is explicitly defined as the outage of a single generator (gen_G8), matching the definition of E4.""
}
```",E4,none,generator,high,power_flow;contingency;n1_security;grid_query_topology,E4,contingency,True,True,True,json
IEEE14_SCN_001744,E5,E3_LLM_Tools,Local,True,True,True,"{'H-NUM': False, 'H-TOP': False, 'H-EQP': False, 'H-PHY': False, 'H-TOOL': False, 'H-ACT': False}",SUCCESS,44.45997285842896,1.0,True,"```json
{
  ""event_class"": ""E5"",
  ""confidence"": 1.0,
  ""tool"": ""grid_query"",
  ""reason"": ""The injected mechanism is explicitly defined as a renewable ramp (up-ramp of PV generation) targeting sgen_PV14.""
}
```",E5,none,renewable,high,n1_security;grid_query_topology,E5,grid_query,True,True,False,json
IEEE14_SCN_000352,E1,E3_LLM_Tools,Local,True,True,True,"{'H-NUM': False, 'H-TOP': False, 'H-EQP': False, 'H-PHY': False, 'H-TOOL': False, 'H-ACT': False}",SUCCESS,45.88841724395752,1.0,True,"```json
{
  ""event_class"": ""E1"",
  ""confidence"": 1.0,
  ""tool"": ""power_flow"",
  ""reason"": ""The injected mechanism is a 30% demand increase at a single bus, which is classified as a load surge (E1).""
}
```",E1,none,demand,high,n1_security;grid_query_topology,E1,power_flow,True,True,False,json
IEEE14_SCN_000392,E1,E3_LLM_Tools,Local,True,True,True,"{'H-NUM': False, 'H-TOP': False, 'H-EQP': False, 'H-PHY': False, 'H-TOOL': False, 'H-ACT': False}",SUCCESS,45.00030040740967,1.0,True,"```json
{
  ""event_class"": ""E1"",
  ""confidence"": 1.0,
  ""tool"": ""grid_query"",
  ""reason"": ""The injected mechanism is a 20% demand increase at a single bus, which constitutes a load surge.""
}
```",E1,none,demand,high,n1_security;grid_query_topology,E1,grid_query,True,True,False,json
IEEE14_SCN_002536,E9,E3_LLM_Tools,Local,True,True,True,"{'H-NUM': False, 'H-TOP': False, 'H-EQP': False, 'H-PHY': False, 'H-TOOL': False, 'H-ACT': False}",SUCCESS,52.28566837310791,1.0,True,"```json
{
  ""event_class"": ""E9"",
  ""confidence"": 1.0,
  ""tool"": ""contingency"",
  ""reason"": ""The injected mechanism is explicitly described as a compound event combining a transmission line outage and a load surge.""
}
```",E9,undervoltage+overload,branch+demand,high,power_flow;state_estimation;contingency;n1_security;opf;grid_query_topology;grid_query_limits,E9,contingency,True,False,True,json
IEEE14_SCN_001757,E5,E3_LLM_Tools,Local,True,True,True,"{'H-NUM': False, 'H-TOP': False, 'H-EQP': False, 'H-PHY': False, 'H-TOOL': False, 'H-ACT': False}",SUCCESS,50.7967095375061,1.0,True,"```json
{
  ""event_class"": ""E5"",
  ""confidence"": 1.0,
  ""tool"": ""grid_query"",
  ""reason"": ""The injected mechanism is explicitly defined as a large down-ramp of renewable generation (PV and Wind), which corresponds directly to the E5 Renewable Ramp class.""
}
```",E5,none,renewable,high,n1_security;grid_query_topology,E5,grid_query,True,True,False,json
IEEE14_SCN_001535,E5,E3_LLM_Tools,Local,True,True,True,"{'H-NUM': False, 'H-TOP': False, 'H-EQP': False, 'H-PHY': False, 'H-TOOL': False, 'H-ACT': False}",SUCCESS,44.55729746818543,1.0,True,"```json
{
  ""event_class"": ""E5"",
  ""confidence"": 1.0,
  ""tool"": ""grid_query"",
  ""reason"": ""The injected mechanism is explicitly defined as a renewable_ramp (up-ramp of PV) targeting sgen_PV14.""
}
```",E5,none,renewable,high,n1_security;grid_query_topology,E5,grid_query,True,True,False,json
IEEE14_SCN_002826,E9,E3_LLM_Tools,Local,True,True,True,"{'H-NUM': False, 'H-TOP': False, 'H-EQP': False, 'H-PHY': False, 'H-TOOL': False, 'H-ACT': False}",SUCCESS,43.91356611251831,1.0,True,"```json
{
  ""event_class"": ""E9"",
  ""confidence"": 1.0,
  ""tool"": ""grid_query"",
  ""reason"": ""The event is compound (E9) as it involves both a transmission line outage (E3) and a significant load surge (E1).""
}
```",E9,undervoltage,branch+demand,high,power_flow;state_estimation;contingency;n1_security;grid_query_topology;grid_query_limits,E9,grid_query,True,True,False,json
IEEE14_SCN_001769,E5,E3_LLM_Tools,Local,True,True,True,"{'H-NUM': False, 'H-TOP': False, 'H-EQP': False, 'H-PHY': False, 'H-TOOL': False, 'H-ACT': False}",SUCCESS,44.97652888298035,1.0,True,"```json
{
  ""event_class"": ""E5"",
  ""confidence"": 1.0,
  ""tool"": ""grid_query"",
  ""reason"": ""The injected mechanism is explicitly described as a large down-ramp of a renewable resource (sgen_PV14), which defines E5.""
}
```",E5,none,renewable,high,n1_security;grid_query_topology,E5,grid_query,True,True,False,json
IEEE14_SCN_002430,E9,E3_LLM_Tools,Local,True,True,True,"{'H-NUM': False, 'H-TOP': False, 'H-EQP': False, 'H-PHY': False, 'H-TOOL': False, 'H-ACT': False}",SUCCESS,45.93858218193054,1.0,True,"```json
{
  ""event_class"": ""E9"",
  ""confidence"": 1.0,
  ""tool"": null,
  ""reason"": ""The injected mechanism explicitly combines a transmission line outage (E3) and a load surge (E1) using the '+' operator.""
}
```",E9,overload,branch+demand,high,power_flow;state_estimation;contingency;n1_security;opf;grid_query_topology;grid_query_limits,E9,none,True,True,False,json
IEEE14_SCN_002500,E9,E3_LLM_Tools,Local,True,True,True,"{'H-NUM': False, 'H-TOP': False, 'H-EQP': False, 'H-PHY': False, 'H-TOOL': False, 'H-ACT': False}",SUCCESS,53.51750659942627,1.0,True,"```json
{
  ""event_class"": ""E9"",
  ""confidence"": 1.0,
  ""tool"": ""contingency"",
  ""reason"": ""The injected description explicitly defines a compound event combining a transmission line outage (line_1_2) and a load surge (20% demand increase).""
}
```",E9,undervoltage+overload,branch+demand,high,power_flow;state_estimation;contingency;n1_security;opf;grid_query_topology;grid_query_limits,E9,contingency,True,False,True,json
IEEE14_SCN_001355,E4,E3_LLM_Tools,Local,True,True,True,"{'H-NUM': False, 'H-TOP': False, 'H-EQP': False, 'H-PHY': False, 'H-TOOL': False, 'H-ACT': False}",SUCCESS,45.31691431999207,1.0,True,"```json
{
  ""event_class"": ""E4"",
  ""confidence"": 1.0,
  ""tool"": ""contingency"",
  ""reason"": ""The injected mechanism is explicitly defined as the outage of a single generator (gen_G6).""
}
```",E4,none,generator,high,power_flow;contingency;n1_security;grid_query_topology,E4,contingency,True,True,True,json
IEEE14_SCN_002926,E9,E3_LLM_Tools,Local,True,True,True,"{'H-NUM': False, 'H-TOP': False, 'H-EQP': False, 'H-PHY': False, 'H-TOOL': False, 'H-ACT': False}",SUCCESS,50.187737226486206,1.0,True,"```json
{
  ""event_class"": ""E9"",
  ""confidence"": 1.0,
  ""tool"": ""contingency"",
  ""reason"": ""The injected event is a compound mechanism combining a transmission line outage (E3) and a significant load surge (E1).""
}
```",E9,none,branch+demand,high,power_flow;contingency;n1_security;grid_query_topology,E9,contingency,True,True,True,json
IEEE14_SCN_001686,E5,E3_LLM_Tools,Local,True,True,True,"{'H-NUM': False, 'H-TOP': False, 'H-EQP': False, 'H-PHY': False, 'H-TOOL': False, 'H-ACT': False}",SUCCESS,54.30146145820618,1.0,True,"```json
{
  ""event_class"": ""E5"",
  ""confidence"": 1.0,
  ""tool"": ""grid_query"",
  ""reason"": ""The injected mechanism is explicitly defined as a renewable_ramp (up-ramp of PV generation).""
}
```",E5,none,renewable,high,n1_security;grid_query_topology,E5,grid_query,True,True,False,json
IEEE14_SCN_002226,E7,E3_LLM_Tools,Local,True,True,True,"{'H-NUM': False, 'H-TOP': False, 'H-EQP': False, 'H-PHY': False, 'H-TOOL': False, 'H-ACT': False}",SUCCESS,60.85649037361145,1.0,True,"```json
{
  ""event_class"": ""E7"",
  ""confidence"": 1.0,
  ""tool"": ""grid_query"",
  ""reason"": ""The injection of increased excitation setpoints caused the bus voltage to exceed 1.05 pu, resulting in an overvoltage event.""
}
```",E7,overvoltage,none,high,power_flow;state_estimation;n1_security;grid_query_topology;grid_query_limits,E7,grid_query,True,True,False,json
IEEE14_SCN_002332,E7,E3_LLM_Tools,Local,True,True,True,"{'H-NUM': False, 'H-TOP': False, 'H-EQP': False, 'H-PHY': False, 'H-TOOL': False, 'H-ACT': False}",SUCCESS,50.94691252708435,1.0,True,"```json
{
  ""event_class"": ""E7"",
  ""confidence"": 1.0,
  ""tool"": ""grid_query"",
  ""reason"": ""The injection of increased excitation setpoints resulted in a post-event bus overvoltage (V > 1.05 pu).""
}
```",E7,overvoltage,none,high,power_flow;state_estimation;n1_security;grid_query_topology;grid_query_limits,E7,grid_query,True,True,False,json
IEEE14_SCN_000529,E1,E3_LLM_Tools,Local,True,True,True,"{'H-NUM': False, 'H-TOP': False, 'H-EQP': False, 'H-PHY': False, 'H-TOOL': False, 'H-ACT': False}",SUCCESS,44.31655931472778,1.0,True,"```json
{
  ""event_class"": ""E1"",
  ""confidence"": 1.0,
  ""tool"": null,
  ""reason"": ""The injected mechanism was a 20% demand increase at a specific bus, which directly corresponds to a Load Surge (E1).""
}
```",E1,none,demand,high,n1_security;grid_query_topology,E1,none,True,True,False,json
IEEE14_SCN_002533,E9,E3_LLM_Tools,Local,True,True,True,"{'H-NUM': False, 'H-TOP': False, 'H-EQP': False, 'H-PHY': False, 'H-TOOL': False, 'H-ACT': False}",SUCCESS,45.65633869171143,1.0,True,"```json
{
  ""event_class"": ""E9"",
  ""confidence"": 1.0,
  ""tool"": ""contingency"",
  ""reason"": ""The injected mechanism is explicitly defined as a compound event combining a transmission line outage (E3) and a load surge (E1).""
}
```",E9,undervoltage+overload,branch+demand,high,power_flow;state_estimation;contingency;n1_security;opf;grid_query_topology;grid_query_limits,E9,contingency,True,False,True,json
IEEE14_SCN_000405,E1,E3_LLM_Tools,Local,True,True,True,"{'H-NUM': False, 'H-TOP': False, 'H-EQP': False, 'H-PHY': False, 'H-TOOL': False, 'H-ACT': False}",SUCCESS,42.22101616859436,1.0,True,"```json
{
  ""event_class"": ""E1"",
  ""confidence"": 1.0,
  ""tool"": ""grid_query"",
  ""reason"": ""The injected mechanism is a 40% demand increase (load_change), which directly corresponds to a Load Surge (E1).""
}
```",E1,none,demand,high,n1_security;grid_query_topology,E1,grid_query,True,True,False,json
IEEE14_SCN_000967,E3,E3_LLM_Tools,Local,True,True,True,"{'H-NUM': False, 'H-TOP': False, 'H-EQP': False, 'H-PHY': False, 'H-TOOL': False, 'H-ACT': False}",SUCCESS,48.10041880607605,1.0,True,"```json
{
  ""event_class"": ""E3"",
  ""confidence"": 1.0,
  ""tool"": ""contingency"",
  ""reason"": ""The scenario explicitly inject a single line outage (line_13_14), which is the definition of E3.""
}
```",E3,none,branch,high,power_flow;contingency;n1_security;grid_query_topology,E3,contingency,True,True,True,json
IEEE14_SCN_002153,E7,E3_LLM_Tools,Local,True,True,True,"{'H-NUM': False, 'H-TOP': False, 'H-EQP': False, 'H-PHY': False, 'H-TOOL': False, 'H-ACT': False}",SUCCESS,44.21287751197815,0.95,True,"```json
{
  ""event_class"": ""E7"",
  ""confidence"": 0.95,
  ""tool"": ""grid_query"",
  ""reason"": ""The injected AVR setpoint shift resulted in a post-event voltage peak of 1.0800 pu, which exceeds the E7 overvoltage threshold of 1.05 pu.""
}
```",E7,overvoltage,none,high,power_flow;state_estimation;n1_security;grid_query_topology;grid_query_limits,E7,grid_query,True,True,False,json
IEEE14_SCN_000199,E0,E3_LLM_Tools,Local,True,True,True,"{'H-NUM': False, 'H-TOP': False, 'H-EQP': False, 'H-PHY': False, 'H-TOOL': False, 'H-ACT': False}",SUCCESS,39.67989230155945,1.0,True,"```json
{
  ""event_class"": ""E0"",
  ""confidence"": 1.0,
  ""tool"": ""grid_query"",
  ""reason"": ""The scenario explicitly states that no disturbance was injected and no limit violations occurred, indicating normal operation.""
}
```",E0,none,none,high,n1_security;grid_query_topology,E0,grid_query,True,True,False,json
IEEE14_SCN_001428,E4,E3_LLM_Tools,Local,True,True,True,"{'H-NUM': False, 'H-TOP': False, 'H-EQP': False, 'H-PHY': False, 'H-TOOL': False, 'H-ACT': False}",SUCCESS,47.09542489051819,1.0,True,"```json
{
  ""event_class"": ""E4"",
  ""confidence"": 1.0,
  ""tool"": ""contingency"",
  ""reason"": ""The scenario explicitly injected a single unit generator outage (gen_G2).""
}
```",E4,none,generator,high,power_flow;contingency;n1_security;grid_query_topology,E4,contingency,True,True,True,json
IEEE14_SCN_000337,E1,E3_LLM_Tools,Local,False,True,True,"{'H-NUM': False, 'H-TOP': False, 'H-EQP': False, 'H-PHY': False, 'H-TOOL': False, 'H-ACT': False}",NO_EFFECT,47.73413395881653,1.0,False,"```json
{
  ""event_class"": ""E9 (E1+E7)"",
  ""confidence"": 1.0,
  ""tool"": ""grid_query"",
  ""reason"": ""The event is a 40% demand increase (E1) which resulted in post-event overvoltage (V=1.0600 pu, E7).""
}
```",E1,none,demand,high,n1_security;grid_query_topology,E9,grid_query,False,True,False,json
IEEE14_SCN_002846,E9,E3_LLM_Tools,Local,True,True,True,"{'H-NUM': False, 'H-TOP': False, 'H-EQP': False, 'H-PHY': False, 'H-TOOL': False, 'H-ACT': False}",SUCCESS,48.70487666130066,1.0,True,"```json
{
  ""event_class"": ""E9"",
  ""confidence"": 1.0,
  ""tool"": ""contingency"",
  ""reason"": ""The event is a compound mechanism combining a transmission line outage (E3) and a load surge (E1).""
}
```",E9,none,branch+demand,high,power_flow;contingency;n1_security;grid_query_topology,E9,contingency,True,True,True,json
IEEE14_SCN_001338,E4,E3_LLM_Tools,Local,True,True,True,"{'H-NUM': False, 'H-TOP': False, 'H-EQP': False, 'H-PHY': False, 'H-TOOL': False, 'H-ACT': False}",SUCCESS,44.39236259460449,1.0,True,"```json
{
  ""event_class"": ""E4"",
  ""confidence"": 1.0,
  ""tool"": ""contingency"",
  ""reason"": ""The scenario explicitly describes a single unit generator outage (gen_G2).""
}
```",E4,none,generator,high,power_flow;contingency;n1_security;grid_query_topology,E4,contingency,True,True,True,json
IEEE14_SCN_002166,E7,E3_LLM_Tools,Local,True,True,True,"{'H-NUM': False, 'H-TOP': False, 'H-EQP': False, 'H-PHY': False, 'H-TOOL': False, 'H-ACT': False}",SUCCESS,47.72952342033386,1.0,True,"```json
{
  ""event_class"": ""E7"",
  ""confidence"": 1.0,
  ""tool"": ""grid_query"",
  ""reason"": ""The injection of AVR setpoint shifts (excitation control) directly caused the observed overvoltage (V > 1.05 pu) at bus 1.""
}
```",E7,overvoltage,none,high,power_flow;state_estimation;n1_security;grid_query_topology;grid_query_limits,E7,grid_query,True,True,False,json
IEEE14_SCN_002390,E7,E3_LLM_Tools,Local,True,True,True,"{'H-NUM': False, 'H-TOP': False, 'H-EQP': False, 'H-PHY': False, 'H-TOOL': False, 'H-ACT': False}",SUCCESS,46.66444540023804,1.0,True,"```json
{
  ""event_class"": ""E7"",
  ""confidence"": 1.0,
  ""tool"": ""grid_query"",
  ""reason"": ""The injection of increased excitation setpoints resulted in a post-event bus overvoltage (V > 1.05 pu).""
}
```",E7,overvoltage,none,high,power_flow;state_estimation;n1_security;grid_query_topology;grid_query_limits,E7,grid_query,True,True,False,json
IEEE14_SCN_000539,E1,E3_LLM_Tools,Local,False,True,True,"{'H-NUM': False, 'H-TOP': False, 'H-EQP': False, 'H-PHY': False, 'H-TOOL': False, 'H-ACT': False}",NO_EFFECT,50.57423257827759,1.0,False,"```json
{
  ""event_class"": ""E9"",
  ""confidence"": 1.0,
  ""tool"": ""grid_query"",
  ""reason"": ""The event is a load increase (E1) which resulted in a post-event voltage violation (E7), classifying it as a compound event (E9).""
}
```",E1,none,demand,high,n1_security;grid_query_topology,E9,grid_query,False,True,False,json
IEEE14_SCN_001001,E3,E3_LLM_Tools,Local,True,True,True,"{'H-NUM': False, 'H-TOP': False, 'H-EQP': False, 'H-PHY': False, 'H-TOOL': False, 'H-ACT': False}",SUCCESS,42.878050088882446,1.0,True,"```json
{
  ""event_class"": ""E3"",
  ""confidence"": 1.0,
  ""tool"": ""contingency"",
  ""reason"": ""The scenario explicitly inject a single transmission line outage (line_1_2).""
}
```",E3,none,branch,high,power_flow;contingency;n1_security;grid_query_topology,E3,contingency,True,True,True,json
IEEE14_SCN_000095,E0,E3_LLM_Tools,Local,True,True,True,"{'H-NUM': False, 'H-TOP': False, 'H-EQP': False, 'H-PHY': False, 'H-TOOL': False, 'H-ACT': False}",SUCCESS,35.737754344940186,1.0,True,"```json
{
  ""event_class"": ""E0"",
  ""confidence"": 1.0,
  ""tool"": ""grid_query"",
  ""reason"": ""The scenario explicitly states that no disturbance was injected and no limit violations occurred.""
}
```",E0,none,none,high,n1_security;grid_query_topology,E0,grid_query,True,True,False,json
IEEE14_SCN_002888,E9,E3_LLM_Tools,Local,True,True,True,"{'H-NUM': False, 'H-TOP': False, 'H-EQP': False, 'H-PHY': False, 'H-TOOL': False, 'H-ACT': False}",SUCCESS,40.233985900878906,1.0,True,"```json
{
  ""event_class"": ""E9"",
  ""confidence"": 1.0,
  ""tool"": ""contingency"",
  ""reason"": ""The event is a compound mechanism involving a transmission line outage (E3) and a load surge (E1).""
}
```",E9,none,branch+demand,high,power_flow;contingency;n1_security;grid_query_topology,E9,contingency,True,True,True,json
IEEE14_SCN_001817,E3,E3_LLM_Tools,Local,True,True,True,"{'H-NUM': False, 'H-TOP': False, 'H-EQP': False, 'H-PHY': False, 'H-TOOL': False, 'H-ACT': False}",SUCCESS,40.47486233711243,1.0,True,"```json
{
  ""event_class"": ""E3"",
  ""confidence"": 1.0,
  ""tool"": ""contingency"",
  ""reason"": ""The scenario explicitly inject a single line outage on line_6_13, which matches the definition of E3.""
}
```",E3,undervoltage,branch,high,power_flow;state_estimation;contingency;n1_security;grid_query_topology;grid_query_limits,E3,contingency,True,True,True,json
IEEE14_SCN_002540,E9,E3_LLM_Tools,Local,True,True,True,"{'H-NUM': False, 'H-TOP': False, 'H-EQP': False, 'H-PHY': False, 'H-TOOL': False, 'H-ACT': False}",SUCCESS,47.973236083984375,1.0,True,"```json
{
  ""event_class"": ""E9"",
  ""confidence"": 1.0,
  ""tool"": ""contingency"",
  ""reason"": ""The event is explicitly described as a compound mechanism involving a transmission line outage (E3) and a load surge (E1).""
}
```",E9,overload,branch+demand,high,power_flow;state_estimation;contingency;n1_security;opf;grid_query_topology;grid_query_limits,E9,contingency,True,True,True,json
IEEE14_SCN_002952,E9,E3_LLM_Tools,Local,True,True,True,"{'H-NUM': False, 'H-TOP': False, 'H-EQP': False, 'H-PHY': False, 'H-TOOL': False, 'H-ACT': False}",SUCCESS,43.64991807937622,1.0,True,"```json
{
  ""event_class"": ""E9"",
  ""confidence"": 1.0,
  ""tool"": null,
  ""reason"": ""The event is explicitly described as a compound mechanism involving a transmission line outage (E3) and a load surge (E1).""
}
```",E9,none,branch+demand,high,power_flow;contingency;n1_security;grid_query_topology,E9,none,True,True,False,json
IEEE14_SCN_001116,E3,E3_LLM_Tools,Local,True,True,True,"{'H-NUM': False, 'H-TOP': False, 'H-EQP': False, 'H-PHY': False, 'H-TOOL': False, 'H-ACT': False}",SUCCESS,43.98974990844727,1.0,True,"```json
{
  ""event_class"": ""E3"",
  ""confidence"": 1.0,
  ""tool"": ""contingency"",
  ""reason"": ""The injected mechanism is explicitly a single transmission line outage (line_2_5), which defines E3.""
}
```",E3,none,branch,high,power_flow;contingency;n1_security;grid_query_topology,E3,contingency,True,True,True,json
IEEE14_SCN_000995,E3,E3_LLM_Tools,Local,True,True,True,"{'H-NUM': False, 'H-TOP': False, 'H-EQP': False, 'H-PHY': False, 'H-TOOL': False, 'H-ACT': False}",SUCCESS,41.3268187046051,1.0,True,"```json
{
  ""event_class"": ""E3"",
  ""confidence"": 1.0,
  ""tool"": ""contingency"",
  ""reason"": ""The scenario explicitly inject a single transmission line outage (line_2_3).""
}
```",E3,none,branch,high,power_flow;contingency;n1_security;grid_query_topology,E3,contingency,True,True,True,json
IEEE14_SCN_000822,E2,E3_LLM_Tools,Local,True,True,True,"{'H-NUM': False, 'H-TOP': False, 'H-EQP': False, 'H-PHY': False, 'H-TOOL': False, 'H-ACT': False}",SUCCESS,40.983646869659424,1.0,True,"```json
{
  ""event_class"": ""E2"",
  ""confidence"": 1.0,
  ""tool"": ""grid_query"",
  ""reason"": ""The injected mechanism is a 10% demand decrease at a single bus, which directly corresponds to a Load Drop (E2).""
}
```",E2,none,demand,high,n1_security;grid_query_topology,E2,grid_query,True,True,False,json
IEEE14_SCN_000054,E0,E3_LLM_Tools,Local,True,True,True,"{'H-NUM': False, 'H-TOP': False, 'H-EQP': False, 'H-PHY': False, 'H-TOOL': False, 'H-ACT': False}",SUCCESS,36.12125945091248,1.0,True,"```json
{
  ""event_class"": ""E0"",
  ""confidence"": 1.0,
  ""tool"": ""grid_query"",
  ""reason"": ""The scenario explicitly states that no disturbance was injected and no limit violations occurred.""
}
```",E0,none,none,high,n1_security;grid_query_topology,E0,grid_query,True,True,False,json
IEEE14_SCN_000407,E1,E3_LLM_Tools,Local,True,True,True,"{'H-NUM': False, 'H-TOP': False, 'H-EQP': False, 'H-PHY': False, 'H-TOOL': False, 'H-ACT': False}",SUCCESS,46.30239486694336,1.0,True,"```json
{
  ""event_class"": ""E1"",
  ""confidence"": 1.0,
  ""tool"": null,
  ""reason"": ""The injected mechanism is a 30% demand increase (load_change), which directly corresponds to a Load Surge (E1).""
}
```",E1,none,demand,high,n1_security;grid_query_topology,E1,none,True,True,False,json
IEEE14_SCN_002404,E9,E3_LLM_Tools,Local,True,True,True,"{'H-NUM': False, 'H-TOP': False, 'H-EQP': False, 'H-PHY': False, 'H-TOOL': False, 'H-ACT': False}",SUCCESS,43.99505424499512,1.0,True,"```json
{
  ""event_class"": ""E9"",
  ""confidence"": 1.0,
  ""tool"": ""contingency"",
  ""reason"": ""The event is a compound mechanism combining a transmission line outage (E3) and a load surge (E1).""
}
```",E9,overload,branch+demand,high,power_flow;state_estimation;contingency;n1_security;opf;grid_query_topology;grid_query_limits,E9,contingency,True,True,True,json
IEEE14_SCN_002496,E9,E3_LLM_Tools,Local,True,True,True,"{'H-NUM': False, 'H-TOP': False, 'H-EQP': False, 'H-PHY': False, 'H-TOOL': False, 'H-ACT': False}",SUCCESS,48.20106601715088,1.0,True,"```json
{
  ""event_class"": ""E9"",
  ""confidence"": 1.0,
  ""tool"": ""contingency"",
  ""reason"": ""The event is compound, combining a transmission line outage (E3) and a significant load surge (E1).""
}
```",E9,undervoltage+overload,branch+demand,high,power_flow;state_estimation;contingency;n1_security;opf;grid_query_topology;grid_query_limits,E9,contingency,True,False,True,json
IEEE14_SCN_001353,E4,E3_LLM_Tools,Local,True,True,True,"{'H-NUM': False, 'H-TOP': False, 'H-EQP': False, 'H-PHY': False, 'H-TOOL': False, 'H-ACT': False}",SUCCESS,42.13532257080078,1.0,True,"```json
{
  ""event_class"": ""E4"",
  ""confidence"": 1.0,
  ""tool"": ""contingency"",
  ""reason"": ""The scenario explicitly injected a single generator outage (gen_G8), which matches the definition of E4.""
}
```",E4,none,generator,high,power_flow;contingency;n1_security;grid_query_topology,E4,contingency,True,True,True,json
IEEE14_SCN_002776,E9,E3_LLM_Tools,Local,True,True,True,"{'H-NUM': False, 'H-TOP': False, 'H-EQP': False, 'H-PHY': False, 'H-TOOL': False, 'H-ACT': False}",SUCCESS,49.42720198631287,1.0,True,"```json
{
  ""event_class"": ""E9"",
  ""confidence"": 1.0,
  ""tool"": ""contingency"",
  ""reason"": ""The injected mechanism explicitly combines a transmission line outage (E3) and a load surge (E1) using the '+' operator.""
}
```",E9,none,branch+demand,high,power_flow;contingency;n1_security;grid_query_topology,E9,contingency,True,True,True,json
IEEE14_SCN_000755,E2,E3_LLM_Tools,Local,True,True,True,"{'H-NUM': False, 'H-TOP': False, 'H-EQP': False, 'H-PHY': False, 'H-TOOL': False, 'H-ACT': False}",SUCCESS,52.91133427619934,1.0,True,"```json
{
  ""event_class"": ""E2"",
  ""confidence"": 1.0,
  ""tool"": null,
  ""reason"": ""The injected mechanism is a 20% demand decrease across multiple load buses, which defines a load drop event.""
}
```",E2,none,demand,high,n1_security;grid_query_topology,E2,none,True,True,False,json
IEEE14_SCN_002041,E3,E3_LLM_Tools,Local,True,True,True,"{'H-NUM': False, 'H-TOP': False, 'H-EQP': False, 'H-PHY': False, 'H-TOOL': False, 'H-ACT': False}",SUCCESS,36.87662720680237,1.0,True,"```json
{
  ""event_class"": ""E3"",
  ""confidence"": 1.0,
  ""tool"": ""contingency"",
  ""reason"": ""The injected mechanism is a single transmission line outage (line_6_13).""
}
```",E3,undervoltage,branch,high,power_flow;state_estimation;contingency;n1_security;grid_query_topology;grid_query_limits,E3,contingency,True,True,True,json
IEEE14_SCN_002388,E7,E3_LLM_Tools,Local,True,True,True,"{'H-NUM': False, 'H-TOP': False, 'H-EQP': False, 'H-PHY': False, 'H-TOOL': False, 'H-ACT': False}",SUCCESS,46.89295411109924,1.0,True,"```json
{
  ""event_class"": ""E7"",
  ""confidence"": 1.0,
  ""tool"": ""grid_query"",
  ""reason"": ""The injection of increased excitation setpoints resulted in a post-event bus overvoltage (V > 1.05 pu).""
}
```",E7,overvoltage,none,high,power_flow;state_estimation;n1_security;grid_query_topology;grid_query_limits,E7,grid_query,True,True,False,json
IEEE14_SCN_002566,E9,E3_LLM_Tools,Local,True,True,True,"{'H-NUM': False, 'H-TOP': False, 'H-EQP': False, 'H-PHY': False, 'H-TOOL': False, 'H-ACT': False}",SUCCESS,46.83517289161682,1.0,True,"```json
{
  ""event_class"": ""E9"",
  ""confidence"": 1.0,
  ""tool"": ""contingency"",
  ""reason"": ""The event is explicitly described as a compound mechanism involving a transmission line outage (E3) and a significant load surge (E1).""
}
```",E9,undervoltage+overload,branch+demand,high,power_flow;state_estimation;contingency;n1_security;opf;grid_query_topology;grid_query_limits,E9,contingency,True,False,True,json
IEEE14_SCN_002979,E9,E3_LLM_Tools,Local,True,True,True,"{'H-NUM': False, 'H-TOP': False, 'H-EQP': False, 'H-PHY': False, 'H-TOOL': False, 'H-ACT': False}",SUCCESS,47.95539999008179,1.0,True,"```json
{
  ""event_class"": ""E9"",
  ""confidence"": 1.0,
  ""tool"": ""contingency"",
  ""reason"": ""The injected mechanism is explicitly described as a compound event combining a transmission line outage (E3) and a load surge (E1).""
}
```",E9,none,branch+demand,high,power_flow;contingency;n1_security;grid_query_topology,E9,contingency,True,True,True,json
IEEE14_SCN_002925,E9,E3_LLM_Tools,Local,True,True,True,"{'H-NUM': False, 'H-TOP': False, 'H-EQP': False, 'H-PHY': False, 'H-TOOL': False, 'H-ACT': False}",SUCCESS,41.61563491821289,1.0,True,"```json
{
  ""event_class"": ""E9"",
  ""confidence"": 1.0,
  ""tool"": ""contingency"",
  ""reason"": ""The event is compound, combining a transmission line outage (E3) with a significant load surge (E1).""
}
```",E9,none,branch+demand,high,power_flow;contingency;n1_security;grid_query_topology,E9,contingency,True,True,True,json
IEEE14_SCN_001467,E4,E3_LLM_Tools,Local,True,True,True,"{'H-NUM': False, 'H-TOP': False, 'H-EQP': False, 'H-PHY': False, 'H-TOOL': False, 'H-ACT': False}",SUCCESS,45.49359726905823,1.0,True,"```json
{
  ""event_class"": ""E4"",
  ""confidence"": 1.0,
  ""tool"": ""contingency"",
  ""reason"": ""The scenario explicitly injected a single generator outage (gen_G3), which directly corresponds to the E4 event class.""
}
```",E4,none,generator,high,power_flow;contingency;n1_security;grid_query_topology,E4,contingency,True,True,True,json
IEEE14_SCN_002621,E9,E3_LLM_Tools,Local,True,True,True,"{'H-NUM': False, 'H-TOP': False, 'H-EQP': False, 'H-PHY': False, 'H-TOOL': False, 'H-ACT': False}",SUCCESS,53.60211777687073,1.0,True,"```json
{
  ""event_class"": ""E9"",
  ""confidence"": 1.0,
  ""tool"": ""contingency"",
  ""reason"": ""The event is explicitly described as a compound mechanism combining a transmission line outage (E3) and a load surge (E1).""
}
```",E9,overload,branch+demand,high,power_flow;state_estimation;contingency;n1_security;opf;grid_query_topology;grid_query_limits,E9,contingency,True,True,True,json
IEEE14_SCN_002945,E9,E3_LLM_Tools,Local,True,True,True,"{'H-NUM': False, 'H-TOP': False, 'H-EQP': False, 'H-PHY': False, 'H-TOOL': False, 'H-ACT': False}",SUCCESS,44.95077347755432,1.0,True,"```json
{
  ""event_class"": ""E9"",
  ""confidence"": 1.0,
  ""tool"": ""contingency"",
  ""reason"": ""The injected mechanism explicitly combines a transmission line outage (E3) with a significant load increase (E1).""
}
```",E9,none,branch+demand,high,power_flow;contingency;n1_security;grid_query_topology,E9,contingency,True,True,True,json
IEEE14_SCN_001395,E4,E3_LLM_Tools,Local,True,True,True,"{'H-NUM': False, 'H-TOP': False, 'H-EQP': False, 'H-PHY': False, 'H-TOOL': False, 'H-ACT': False}",SUCCESS,47.35881066322327,1.0,True,"```json
{
  ""event_class"": ""E4"",
  ""confidence"": 1.0,
  ""tool"": ""contingency"",
  ""reason"": ""The scenario explicitly injected a single unit generator outage (gen_G8).""
}
```",E4,none,generator,high,power_flow;contingency;n1_security;grid_query_topology,E4,contingency,True,True,True,json
IEEE14_SCN_001944,E3,E3_LLM_Tools,Local,True,True,True,"{'H-NUM': False, 'H-TOP': False, 'H-EQP': False, 'H-PHY': False, 'H-TOOL': False, 'H-ACT': False}",SUCCESS,42.17055082321167,1.0,True,"```json
{
  ""event_class"": ""E3"",
  ""confidence"": 1.0,
  ""tool"": ""contingency"",
  ""reason"": ""The injected mechanism is explicitly defined as a single line outage (line_6_13).""
}
```",E3,undervoltage,branch,high,power_flow;state_estimation;contingency;n1_security;grid_query_topology;grid_query_limits,E3,contingency,True,True,True,json
IEEE14_SCN_001695,E5,E3_LLM_Tools,Local,True,True,True,"{'H-NUM': False, 'H-TOP': False, 'H-EQP': False, 'H-PHY': False, 'H-TOOL': False, 'H-ACT': False}",SUCCESS,50.6919469833374,1.0,True,"```json
{
  ""event_class"": ""E5"",
  ""confidence"": 1.0,
  ""tool"": null,
  ""reason"": ""The injected mechanism is explicitly defined as a medium down-ramp of renewable generation (PV and Wind), which matches the definition of E5.""
}
```",E5,none,renewable,high,n1_security;grid_query_topology,E5,none,True,True,False,json
IEEE14_SCN_001664,E5,E3_LLM_Tools,Local,True,True,True,"{'H-NUM': False, 'H-TOP': False, 'H-EQP': False, 'H-PHY': False, 'H-TOOL': False, 'H-ACT': False}",SUCCESS,45.7941358089447,1.0,True,"```json
{
  ""event_class"": ""E5"",
  ""confidence"": 1.0,
  ""tool"": null,
  ""reason"": ""The injected mechanism is explicitly defined as a renewable_ramp (down-ramp) targeting wind generation.""
}
```",E5,none,renewable,high,n1_security;grid_query_topology,E5,none,True,True,False,json
IEEE14_SCN_000993,E3,E3_LLM_Tools,Local,True,True,True,"{'H-NUM': False, 'H-TOP': False, 'H-EQP': False, 'H-PHY': False, 'H-TOOL': False, 'H-ACT': False}",SUCCESS,47.03409671783447,1.0,True,"```json
{
  ""event_class"": ""E3"",
  ""confidence"": 1.0,
  ""tool"": ""contingency"",
  ""reason"": ""The scenario explicitly injected a single transmission line outage (line_9_14).""
}
```",E3,none,branch,high,power_flow;contingency;n1_security;grid_query_topology,E3,contingency,True,True,True,json
IEEE14_SCN_001429,E4,E3_LLM_Tools,Local,True,True,True,"{'H-NUM': False, 'H-TOP': False, 'H-EQP': False, 'H-PHY': False, 'H-TOOL': False, 'H-ACT': False}",SUCCESS,48.4278244972229,1.0,True,"```json
{
  ""event_class"": ""E4"",
  ""confidence"": 1.0,
  ""tool"": ""contingency"",
  ""reason"": ""The scenario explicitly injected a single unit generator outage (gen_G2).""
}
```",E4,none,generator,high,power_flow;contingency;n1_security;grid_query_topology,E4,contingency,True,True,True,json
IEEE14_SCN_001827,E3,E3_LLM_Tools,Local,True,True,True,"{'H-NUM': False, 'H-TOP': False, 'H-EQP': False, 'H-PHY': False, 'H-TOOL': False, 'H-ACT': False}",SUCCESS,37.51305270195007,1.0,True,"```json
{
  ""event_class"": ""E3"",
  ""confidence"": 1.0,
  ""tool"": ""contingency"",
  ""reason"": ""The scenario explicitly inject a single transmission line outage (line_6_13).""
}
```",E3,undervoltage,branch,high,power_flow;state_estimation;contingency;n1_security;grid_query_topology;grid_query_limits,E3,contingency,True,True,True,json
IEEE14_SCN_001720,E5,E3_LLM_Tools,Local,True,True,True,"{'H-NUM': False, 'H-TOP': False, 'H-EQP': False, 'H-PHY': False, 'H-TOOL': False, 'H-ACT': False}",SUCCESS,41.73799800872803,1.0,True,"```json
{
  ""event_class"": ""E5"",
  ""confidence"": 1.0,
  ""tool"": ""grid_query"",
  ""reason"": ""The injected mechanism is explicitly defined as a renewable ramp (up-ramp) of PV and Wind generation.""
}
```",E5,none,renewable,high,n1_security;grid_query_topology,E5,grid_query,True,True,False,json
IEEE14_SCN_001858,E4,E3_LLM_Tools,Local,True,True,True,"{'H-NUM': False, 'H-TOP': False, 'H-EQP': False, 'H-PHY': False, 'H-TOOL': False, 'H-ACT': False}",SUCCESS,40.17182874679565,1.0,True,"```json
{
  ""event_class"": ""E4"",
  ""confidence"": 1.0,
  ""tool"": ""contingency"",
  ""reason"": ""The scenario explicitly describes a single generator outage (gen_G6).""
}
```",E4,undervoltage,generator,high,power_flow;state_estimation;contingency;n1_security;grid_query_topology;grid_query_limits,E4,contingency,True,True,True,json
IEEE14_SCN_000735,E2,E3_LLM_Tools,Local,True,True,True,"{'H-NUM': False, 'H-TOP': False, 'H-EQP': False, 'H-PHY': False, 'H-TOOL': False, 'H-ACT': False}",SUCCESS,41.4881603717804,1.0,True,"```json
{
  ""event_class"": ""E2"",
  ""confidence"": 1.0,
  ""tool"": ""grid_query"",
  ""reason"": ""The injected mechanism was a 20% demand decrease at a single bus, which directly corresponds to a Load Drop (E2).""
}
```",E2,none,demand,high,n1_security;grid_query_topology,E2,grid_query,True,True,False,json
IEEE14_SCN_002341,E7,E3_LLM_Tools,Local,True,True,True,"{'H-NUM': False, 'H-TOP': False, 'H-EQP': False, 'H-PHY': False, 'H-TOOL': False, 'H-ACT': False}",SUCCESS,47.144545555114746,1.0,True,"```json
{
  ""event_class"": ""E7"",
  ""confidence"": 1.0,
  ""tool"": ""grid_query"",
  ""reason"": ""The injection of increased excitation setpoints directly causes the observed overvoltage condition (V > 1.05).""
}
```",E7,overvoltage,none,high,power_flow;state_estimation;n1_security;grid_query_topology;grid_query_limits,E7,grid_query,True,True,False,json
IEEE14_SCN_001199,E3,E3_LLM_Tools,Local,True,True,True,"{'H-NUM': False, 'H-TOP': False, 'H-EQP': False, 'H-PHY': False, 'H-TOOL': False, 'H-ACT': False}",SUCCESS,44.30238175392151,1.0,True,"```json
{
  ""event_class"": ""E3"",
  ""confidence"": 1.0,
  ""tool"": ""contingency"",
  ""reason"": ""The scenario explicitly inject a single line outage (line_10_11), which corresponds to the E3 event class.""
}
```",E3,none,branch,high,power_flow;contingency;n1_security;grid_query_topology,E3,contingency,True,True,True,json
IEEE14_SCN_001384,E4,E3_LLM_Tools,Local,True,True,True,"{'H-NUM': False, 'H-TOP': False, 'H-EQP': False, 'H-PHY': False, 'H-TOOL': False, 'H-ACT': False}",SUCCESS,41.3627986907959,1.0,True,"```json
{
  ""event_class"": ""E4"",
  ""confidence"": 1.0,
  ""tool"": ""contingency"",
  ""reason"": ""The scenario explicitly injected a single generator outage targeting gen_G2.""
}
```",E4,none,generator,high,power_flow;contingency;n1_security;grid_query_topology,E4,contingency,True,True,True,json
IEEE14_SCN_001784,E5,E3_LLM_Tools,Local,True,True,True,"{'H-NUM': False, 'H-TOP': False, 'H-EQP': False, 'H-PHY': False, 'H-TOOL': False, 'H-ACT': False}",SUCCESS,45.14588642120361,1.0,True,"```json
{
  ""event_class"": ""E5"",
  ""confidence"": 1.0,
  ""tool"": ""grid_query"",
  ""reason"": ""The injected mechanism is explicitly defined as a medium up-ramp of renewable generation (PV and Wind).""
}
```",E5,none,renewable,high,n1_security;grid_query_topology,E5,grid_query,True,True,False,json
IEEE14_SCN_002692,E9,E3_LLM_Tools,Local,True,True,True,"{'H-NUM': False, 'H-TOP': False, 'H-EQP': False, 'H-PHY': False, 'H-TOOL': False, 'H-ACT': False}",SUCCESS,49.47553300857544,1.0,True,"```json
{
  ""event_class"": ""E9"",
  ""confidence"": 1.0,
  ""tool"": ""contingency"",
  ""reason"": ""The event is explicitly defined as a compound mechanism combining a transmission line outage (line_1_2) and a significant load surge (20% demand increase).""
}
```",E9,undervoltage+overload,branch+demand,high,power_flow;state_estimation;contingency;n1_security;opf;grid_query_topology;grid_query_limits,E9,contingency,True,False,True,json
IEEE14_SCN_002494,E9,E3_LLM_Tools,Local,True,True,True,"{'H-NUM': False, 'H-TOP': False, 'H-EQP': False, 'H-PHY': False, 'H-TOOL': False, 'H-ACT': False}",SUCCESS,44.82589554786682,1.0,True,"```json
{
  ""event_class"": ""E9"",
  ""confidence"": 1.0,
  ""tool"": ""contingency"",
  ""reason"": ""The event is explicitly described as a compound mechanism involving a transmission line outage (line_1_2) and a significant load increase (20% demand increase).""
}
```",E9,undervoltage+overload,branch+demand,high,power_flow;state_estimation;contingency;n1_security;opf;grid_query_topology;grid_query_limits,E9,contingency,True,False,True,json
IEEE14_SCN_002988,E9,E3_LLM_Tools,Local,True,True,True,"{'H-NUM': False, 'H-TOP': False, 'H-EQP': False, 'H-PHY': False, 'H-TOOL': False, 'H-ACT': False}",SUCCESS,43.05976891517639,1.0,True,"```json
{
  ""event_class"": ""E9"",
  ""confidence"": 1.0,
  ""tool"": ""contingency"",
  ""reason"": ""The event is a compound mechanism involving a transmission line outage (E3) and a significant load increase (E1).""
}
```",E9,undervoltage,branch+demand,high,power_flow;state_estimation;contingency;n1_security;grid_query_topology;grid_query_limits,E9,contingency,True,True,True,json
IEEE14_SCN_000068,E0,E3_LLM_Tools,Local,True,True,True,"{'H-NUM': False, 'H-TOP': False, 'H-EQP': False, 'H-PHY': False, 'H-TOOL': False, 'H-ACT': False}",SUCCESS,45.85602474212647,1.0,True,"```json
{
  ""event_class"": ""E0"",
  ""confidence"": 1.0,
  ""tool"": null,
  ""reason"": ""The scenario explicitly states that no disturbance was injected, indicating a normal operating state.""
}
```",E0,none,none,high,n1_security;grid_query_topology,E0,none,True,True,False,json
IEEE14_SCN_002854,E9,E3_LLM_Tools,Local,True,True,True,"{'H-NUM': False, 'H-TOP': False, 'H-EQP': False, 'H-PHY': False, 'H-TOOL': False, 'H-ACT': False}",SUCCESS,45.8199565410614,1.0,True,"```json
{
  ""event_class"": ""E9"",
  ""confidence"": 1.0,
  ""tool"": ""contingency"",
  ""reason"": ""The event is explicitly described as a compound mechanism combining a transmission line outage (line_4_5) and a load surge (+20% demand).""
}
```",E9,none,branch+demand,high,power_flow;contingency;n1_security;grid_query_topology,E9,contingency,True,True,True,json
IEEE14_SCN_002234,E7,E3_LLM_Tools,Local,True,True,True,"{'H-NUM': False, 'H-TOP': False, 'H-EQP': False, 'H-PHY': False, 'H-TOOL': False, 'H-ACT': False}",SUCCESS,56.69262027740479,1.0,True,"```json
{
  ""event_class"": ""E7"",
  ""confidence"": 1.0,
  ""tool"": ""grid_query"",
  ""reason"": ""The injection of increased AVR setpoints resulted in multiple bus overvoltages, exceeding the 1.05 pu threshold.""
}
```",E7,overvoltage,none,high,power_flow;state_estimation;n1_security;grid_query_topology;grid_query_limits,E7,grid_query,True,True,False,json
IEEE14_SCN_000953,E3,E3_LLM_Tools,Local,True,True,True,"{'H-NUM': False, 'H-TOP': False, 'H-EQP': False, 'H-PHY': False, 'H-TOOL': False, 'H-ACT': False}",SUCCESS,39.10707235336304,1.0,True,"```json
{
  ""event_class"": ""E3"",
  ""confidence"": 1.0,
  ""tool"": ""contingency"",
  ""reason"": ""The scenario explicitly injected a single transmission line outage on line_2_5.""
}
```",E3,none,branch,high,power_flow;contingency;n1_security;grid_query_topology,E3,contingency,True,True,True,json
IEEE14_SCN_002785,E9,E3_LLM_Tools,Local,True,True,True,"{'H-NUM': False, 'H-TOP': False, 'H-EQP': False, 'H-PHY': False, 'H-TOOL': False, 'H-ACT': False}",SUCCESS,52.1240177154541,1.0,True,"```json
{
  ""event_class"": ""E9"",
  ""confidence"": 1.0,
  ""tool"": ""contingency"",
  ""reason"": ""The injected mechanism explicitly combines a transmission line outage (E3) and a load surge (E1).""
}
```",E9,none,branch+demand,high,power_flow;contingency;n1_security;grid_query_topology,E9,contingency,True,True,True,json
IEEE14_SCN_001925,E3,E3_LLM_Tools,Local,True,True,True,"{'H-NUM': False, 'H-TOP': False, 'H-EQP': False, 'H-PHY': False, 'H-TOOL': False, 'H-ACT': False}",SUCCESS,41.04074025154114,1.0,True,"```json
{
  ""event_class"": ""E3"",
  ""confidence"": 1.0,
  ""tool"": ""contingency"",
  ""reason"": ""The scenario explicitly inject a single line outage on line_13_14, which matches the definition of E3.""
}
```",E3,undervoltage,branch,high,power_flow;state_estimation;contingency;n1_security;grid_query_topology;grid_query_limits,E3,contingency,True,True,True,json
IEEE14_SCN_002703,E9,E4_Full,Local,True,True,True,"{'H-NUM': False, 'H-TOP': False, 'H-EQP': False, 'H-PHY': False, 'H-TOOL': False, 'H-ACT': False}",SUCCESS,53.4251070022583,1.0,True,"```json
{
  ""event_class"": ""E9"",
  ""confidence"": 1.0,
  ""tool"": ""contingency"",
  ""reason"": ""The event is a compound mechanism combining a transmission line outage (E3) and a significant load surge (E1).""
}
```",E9,undervoltage,branch+demand,high,power_flow;state_estimation;contingency;n1_security;grid_query_topology;grid_query_limits,E9,contingency,True,True,True,json
IEEE14_SCN_001981,E3,E4_Full,Local,True,True,True,"{'H-NUM': False, 'H-TOP': False, 'H-EQP': False, 'H-PHY': False, 'H-TOOL': False, 'H-ACT': False}",SUCCESS,54.5374493598938,1.0,True,"```json
{
  ""event_class"": ""E3"",
  ""confidence"": 1.0,
  ""tool"": ""contingency"",
  ""reason"": ""The scenario explicitly inject a single line outage (line_6_13), which matches the definition of E3.""
}
```",E3,undervoltage,branch,high,power_flow;state_estimation;contingency;n1_security;grid_query_topology;grid_query_limits,E3,contingency,True,True,True,json
IEEE14_SCN_000948,E3,E4_Full,Local,True,True,True,"{'H-NUM': False, 'H-TOP': False, 'H-EQP': False, 'H-PHY': False, 'H-TOOL': False, 'H-ACT': False}",SUCCESS,47.966609477996826,1.0,True,"```json
{
  ""event_class"": ""E3"",
  ""confidence"": 1.0,
  ""tool"": ""contingency"",
  ""reason"": ""The injected mechanism is explicitly a single transmission line outage (line_2_4), which matches the definition of E3.""
}
```",E3,none,branch,high,power_flow;contingency;n1_security;grid_query_topology,E3,contingency,True,True,True,json
IEEE14_SCN_001349,E4,E4_Full,Local,True,True,True,"{'H-NUM': False, 'H-TOP': False, 'H-EQP': False, 'H-PHY': False, 'H-TOOL': False, 'H-ACT': False}",SUCCESS,45.57958960533142,1.0,True,"```json
{
  ""event_class"": ""E4"",
  ""confidence"": 1.0,
  ""tool"": ""contingency"",
  ""reason"": ""The scenario explicitly defines the injected mechanism as a single generator outage targeting gen_G6.""
}
```",E4,none,generator,high,power_flow;contingency;n1_security;grid_query_topology,E4,contingency,True,True,True,json
IEEE14_SCN_002035,E3,E4_Full,Local,True,True,True,"{'H-NUM': False, 'H-TOP': False, 'H-EQP': False, 'H-PHY': False, 'H-TOOL': False, 'H-ACT': False}",SUCCESS,45.7786180973053,1.0,True,"```json
{
  ""event_class"": ""E3"",
  ""confidence"": 1.0,
  ""tool"": ""contingency"",
  ""reason"": ""The injected mechanism is a single line outage targeting line_6_13.""
}
```",E3,undervoltage,branch,high,power_flow;state_estimation;contingency;n1_security;grid_query_topology;grid_query_limits,E3,contingency,True,True,True,json
IEEE14_SCN_002982,E9,E4_Full,Local,True,True,True,"{'H-NUM': False, 'H-TOP': False, 'H-EQP': False, 'H-PHY': False, 'H-TOOL': False, 'H-ACT': False}",SUCCESS,55.9373300075531,1.0,True,"```json
{
  ""event_class"": ""E9"",
  ""confidence"": 1.0,
  ""tool"": ""contingency"",
  ""reason"": ""The injected mechanism is explicitly described as a compound event combining a transmission line outage and a load increase.""
}
```",E9,none,branch+demand,high,power_flow;contingency;n1_security;grid_query_topology,E9,contingency,True,True,True,json
IEEE14_SCN_002055,E3,E4_Full,Local,True,True,True,"{'H-NUM': False, 'H-TOP': False, 'H-EQP': False, 'H-PHY': False, 'H-TOOL': False, 'H-ACT': False}",SUCCESS,43.491047859191895,1.0,True,"```json
{
  ""event_class"": ""E3"",
  ""confidence"": 1.0,
  ""tool"": ""contingency"",
  ""reason"": ""The scenario explicitly describes a single transmission line outage (line_6_13).""
}
```",E3,undervoltage,branch,high,power_flow;state_estimation;contingency;n1_security;grid_query_topology;grid_query_limits,E3,contingency,True,True,True,json
IEEE14_SCN_001408,E4,E4_Full,Local,True,True,True,"{'H-NUM': False, 'H-TOP': False, 'H-EQP': False, 'H-PHY': False, 'H-TOOL': False, 'H-ACT': False}",SUCCESS,46.19405913352966,1.0,True,"```json
{
  ""event_class"": ""E4"",
  ""confidence"": 1.0,
  ""tool"": ""contingency"",
  ""reason"": ""The scenario explicitly inject a single generator outage (gen_G6), which matches the definition of E4.""
}
```",E4,none,generator,high,power_flow;contingency;n1_security;grid_query_topology,E4,contingency,True,True,True,json
IEEE14_SCN_001614,E5,E4_Full,Local,True,True,True,"{'H-NUM': False, 'H-TOP': False, 'H-EQP': False, 'H-PHY': False, 'H-TOOL': False, 'H-ACT': False}",SUCCESS,53.64181280136109,1.0,True,"```json
{
  ""event_class"": ""E5"",
  ""confidence"": 1.0,
  ""tool"": ""grid_query"",
  ""reason"": ""The event is explicitly defined as a small up-ramp of PV generation at sgen_PV14, which corresponds to a renewable ramp.""
}
```",E5,none,renewable,high,n1_security;grid_query_topology,E5,grid_query,True,True,False,json
IEEE14_SCN_001945,E3,E4_Full,Local,True,True,True,"{'H-NUM': False, 'H-TOP': False, 'H-EQP': False, 'H-PHY': False, 'H-TOOL': False, 'H-ACT': False}",SUCCESS,46.84491610527039,1.0,True,"```json
{
  ""event_class"": ""E3"",
  ""confidence"": 1.0,
  ""tool"": ""contingency"",
  ""reason"": ""The injected mechanism is explicitly defined as a single transmission line outage (line_6_13).""
}
```",E3,undervoltage,branch,high,power_flow;state_estimation;contingency;n1_security;grid_query_topology;grid_query_limits,E3,contingency,True,True,True,json
IEEE14_SCN_002263,E7,E4_Full,Local,True,True,True,"{'H-NUM': False, 'H-TOP': False, 'H-EQP': False, 'H-PHY': False, 'H-TOOL': False, 'H-ACT': False}",SUCCESS,63.67171025276184,0.5,True,"Thinking Process:

1.  **Analyze the Request:** The goal is to diagnose the INJECTED EVENT CLASS (cause axis) based on a specific scenario (IEEE14_SCN_002263) and provided rules/context. The output must be a specific JSON format.
2.  **Analyze the Scenario Data:**
    *   *Pre-state:* load 0.74, solar 0.69, wind 0.59, SOC 0.29.
    *   *Post-state:* V 1.0087-1.0800 pu peak 0.98% viol 1 under False over True overload False.
    *   *Injected Mechanism:* `avr_setpoint_shift scope voltage_control targets gen_G2;gen_G3;gen_G6;gen_G8;slack_bus_1`. (Excitation setpoints raised by 0.020 p.u. at 5 com",E7,overvoltage,none,high,power_flow;state_estimation;n1_security;grid_query_topology;grid_query_limits,E1,power_flow,False,False,True,last-E-digit
IEEE14_SCN_001379,E4,E4_Full,Local,True,True,True,"{'H-NUM': False, 'H-TOP': False, 'H-EQP': False, 'H-PHY': False, 'H-TOOL': False, 'H-ACT': False}",SUCCESS,48.91780877113342,1.0,True,"```json
{
  ""event_class"": ""E4"",
  ""confidence"": 1.0,
  ""tool"": ""contingency"",
  ""reason"": ""The injected mechanism is explicitly defined as a single generator outage (gen_G6), which matches the definition of E4.""
}
```",E4,none,generator,high,power_flow;contingency;n1_security;grid_query_topology,E4,contingency,True,True,True,json
IEEE14_SCN_001155,E3,E4_Full,Local,True,True,True,"{'H-NUM': False, 'H-TOP': False, 'H-EQP': False, 'H-PHY': False, 'H-TOOL': False, 'H-ACT': False}",SUCCESS,48.75317931175232,1.0,True,"```json
{
  ""event_class"": ""E3"",
  ""confidence"": 1.0,
  ""tool"": ""contingency"",
  ""reason"": ""The injected mechanism is explicitly defined as a single line outage (line_2_5), which corresponds directly to the E3 Transmission-Line Outage class.""
}
```",E3,none,branch,high,power_flow;contingency;n1_security;grid_query_topology,E3,contingency,True,True,True,json
IEEE14_SCN_002994,E9,E4_Full,Local,True,True,True,"{'H-NUM': False, 'H-TOP': False, 'H-EQP': False, 'H-PHY': False, 'H-TOOL': False, 'H-ACT': False}",SUCCESS,58.21792650222778,1.0,True,"```json
{
  ""event_class"": ""E9"",
  ""confidence"": 1.0,
  ""tool"": ""contingency"",
  ""reason"": ""The event is a compound mechanism combining a generator outage (gen_G6) and a large down-ramp of renewable generation (sgen_PV14, sgen_WIND6).""
}
```",E9,none,branch+demand,high,power_flow;contingency;n1_security;grid_query_topology,E9,contingency,True,True,True,json
IEEE14_SCN_002292,E7,E4_Full,Local,True,True,True,"{'H-NUM': False, 'H-TOP': False, 'H-EQP': False, 'H-PHY': False, 'H-TOOL': False, 'H-ACT': False}",SUCCESS,49.63574242591858,1.0,True,"```json
{
  ""event_class"": ""E7"",
  ""confidence"": 1.0,
  ""tool"": ""grid_query"",
  ""reason"": ""The injection of increased excitation setpoints directly causes the observed overvoltage condition (V > 1.05 pu).""
}
```",E7,overvoltage,none,high,power_flow;state_estimation;n1_security;grid_query_topology;grid_query_limits,E7,grid_query,True,True,False,json
IEEE14_SCN_001918,E3,E4_Full,Local,True,True,True,"{'H-NUM': False, 'H-TOP': False, 'H-EQP': False, 'H-PHY': False, 'H-TOOL': False, 'H-ACT': False}",SUCCESS,46.43422532081604,1.0,True,"```json
{
  ""event_class"": ""E3"",
  ""confidence"": 1.0,
  ""tool"": ""contingency"",
  ""reason"": ""The injected mechanism is a single line outage of line_6_13, which matches the definition of E3.""
}
```",E3,undervoltage,branch,high,power_flow;state_estimation;contingency;n1_security;grid_query_topology;grid_query_limits,E3,contingency,True,True,True,json
IEEE14_SCN_001027,E3,E4_Full,Local,True,True,True,"{'H-NUM': False, 'H-TOP': False, 'H-EQP': False, 'H-PHY': False, 'H-TOOL': False, 'H-ACT': False}",SUCCESS,46.37700748443604,1.0,True,"```json
{
  ""event_class"": ""E3"",
  ""confidence"": 1.0,
  ""tool"": ""contingency"",
  ""reason"": ""The scenario explicitly inject a single transmission line outage on line_2_5.""
}
```",E3,none,branch,high,power_flow;contingency;n1_security;grid_query_topology,E3,contingency,True,True,True,json
IEEE14_SCN_002976,E9,E4_Full,Local,True,True,True,"{'H-NUM': False, 'H-TOP': False, 'H-EQP': False, 'H-PHY': False, 'H-TOOL': False, 'H-ACT': False}",SUCCESS,58.85310697555542,1.0,True,"```json
{
  ""event_class"": ""E9"",
  ""confidence"": 1.0,
  ""tool"": ""contingency"",
  ""reason"": ""The injected event is explicitly described as a compound mechanism combining a transmission line outage (E3) and a load surge (E1).""
}
```",E9,undervoltage,branch+demand,high,power_flow;state_estimation;contingency;n1_security;grid_query_topology;grid_query_limits,E9,contingency,True,True,True,json
IEEE14_SCN_000382,E1,E4_Full,Local,True,True,True,"{'H-NUM': False, 'H-TOP': False, 'H-EQP': False, 'H-PHY': False, 'H-TOOL': False, 'H-ACT': False}",SUCCESS,43.582005977630615,1.0,True,"```json
{
  ""event_class"": ""E1"",
  ""confidence"": 1.0,
  ""tool"": ""grid_query"",
  ""reason"": ""The injected mechanism is a 30% demand increase at a single bus, which directly corresponds to a Load Surge (E1).""
}
```",E1,none,demand,high,n1_security;grid_query_topology,E1,grid_query,True,True,False,json
IEEE14_SCN_002050,E3,E4_Full,Local,True,True,True,"{'H-NUM': False, 'H-TOP': False, 'H-EQP': False, 'H-PHY': False, 'H-TOOL': False, 'H-ACT': False}",SUCCESS,46.43367099761963,1.0,True,"```json
{
  ""event_class"": ""E3"",
  ""confidence"": 1.0,
  ""tool"": ""contingency"",
  ""reason"": ""The injected mechanism is a single line outage of line_6_13, which directly matches the definition of E3.""
}
```",E3,undervoltage,branch,high,power_flow;state_estimation;contingency;n1_security;grid_query_topology;grid_query_limits,E3,contingency,True,True,True,json
IEEE14_SCN_001778,E5,E4_Full,Local,True,True,True,"{'H-NUM': False, 'H-TOP': False, 'H-EQP': False, 'H-PHY': False, 'H-TOOL': False, 'H-ACT': False}",SUCCESS,46.989206314086914,1.0,True,"```json
{
  ""event_class"": ""E5"",
  ""confidence"": 1.0,
  ""tool"": ""grid_query"",
  ""reason"": ""The injected mechanism is explicitly defined as a renewable ramp (down-ramp) targeting PV generation.""
}
```",E5,none,renewable,high,n1_security;grid_query_topology,E5,grid_query,True,True,False,json
IEEE14_SCN_001347,E4,E4_Full,Local,True,True,True,"{'H-NUM': False, 'H-TOP': False, 'H-EQP': False, 'H-PHY': False, 'H-TOOL': False, 'H-ACT': False}",SUCCESS,45.41149950027466,1.0,True,"```json
{
  ""event_class"": ""E4"",
  ""confidence"": 1.0,
  ""tool"": ""contingency"",
  ""reason"": ""The scenario explicitly describes the outage of a single non-slack generator (gen_G8), which matches the definition of E4.""
}
```",E4,none,generator,high,power_flow;contingency;n1_security;grid_query_topology,E4,contingency,True,True,True,json
IEEE14_SCN_002877,E9,E4_Full,Local,True,True,True,"{'H-NUM': False, 'H-TOP': False, 'H-EQP': False, 'H-PHY': False, 'H-TOOL': False, 'H-ACT': False}",SUCCESS,48.41088342666626,1.0,True,"```json
{
  ""event_class"": ""E9"",
  ""confidence"": 1.0,
  ""tool"": ""contingency"",
  ""reason"": ""The event is compound, combining a transmission line outage (E3) with a significant load surge (E1).""
}
```",E9,none,branch+demand,high,power_flow;contingency;n1_security;grid_query_topology,E9,contingency,True,True,True,json
IEEE14_SCN_001956,E3,E4_Full,Local,True,True,True,"{'H-NUM': False, 'H-TOP': False, 'H-EQP': False, 'H-PHY': False, 'H-TOOL': False, 'H-ACT': False}",SUCCESS,42.60636854171753,1.0,True,"```json
{
  ""event_class"": ""E3"",
  ""confidence"": 1.0,
  ""tool"": ""contingency"",
  ""reason"": ""The scenario explicitly inject a single transmission line outage (line_6_13).""
}
```",E3,undervoltage,branch,high,power_flow;state_estimation;contingency;n1_security;grid_query_topology;grid_query_limits,E3,contingency,True,True,True,json
IEEE14_SCN_001046,E3,E4_Full,Local,True,True,True,"{'H-NUM': False, 'H-TOP': False, 'H-EQP': False, 'H-PHY': False, 'H-TOOL': False, 'H-ACT': False}",SUCCESS,46.77619695663452,1.0,True,"```json
{
  ""event_class"": ""E3"",
  ""confidence"": 1.0,
  ""tool"": ""contingency"",
  ""reason"": ""The scenario explicitly inject a single transmission line outage on line_6_13.""
}
```",E3,none,branch,high,power_flow;contingency;n1_security;grid_query_topology,E3,contingency,True,True,True,json
IEEE14_SCN_000841,E2,E4_Full,Local,True,True,True,"{'H-NUM': False, 'H-TOP': False, 'H-EQP': False, 'H-PHY': False, 'H-TOOL': False, 'H-ACT': False}",SUCCESS,41.40090203285217,1.0,True,"```json
{
  ""event_class"": ""E2"",
  ""confidence"": 1.0,
  ""tool"": ""grid_query"",
  ""reason"": ""The injected mechanism is a 10% demand decrease at a single bus, which directly corresponds to a Load Drop (E2).""
}
```",E2,none,demand,high,n1_security;grid_query_topology,E2,grid_query,True,True,False,json
IEEE14_SCN_002843,E9,E4_Full,Local,True,True,True,"{'H-NUM': False, 'H-TOP': False, 'H-EQP': False, 'H-PHY': False, 'H-TOOL': False, 'H-ACT': False}",SUCCESS,54.20050835609436,1.0,True,"```json
{
  ""event_class"": ""E9"",
  ""confidence"": 1.0,
  ""tool"": ""contingency"",
  ""reason"": ""The event is a compound mechanism involving the outage of a generator (gen_G6) and a large down-ramp of renewable generation (sgen_PV14, sgen_WIND6).""
}
```",E9,none,branch+demand,high,power_flow;contingency;n1_security;grid_query_topology,E9,contingency,True,True,True,json
IEEE14_SCN_000730,E2,E4_Full,Local,False,True,True,"{'H-NUM': False, 'H-TOP': False, 'H-EQP': False, 'H-PHY': False, 'H-TOOL': False, 'H-ACT': False}",NO_EFFECT,60.836029052734375,1.0,False,"```json
{
  ""event_class"": ""E9"",
  ""confidence"": 1.0,
  ""tool"": ""power_flow"",
  ""reason"": ""The injected load drop (E2) caused the post-event voltage to exceed 1.05 pu, resulting in an overvoltage (E7).""
}
```",E2,none,demand,high,n1_security;grid_query_topology,E9,power_flow,False,True,False,json
IEEE14_SCN_001796,E5,E4_Full,Local,True,True,True,"{'H-NUM': False, 'H-TOP': False, 'H-EQP': False, 'H-PHY': False, 'H-TOOL': False, 'H-ACT': False}",SUCCESS,51.11056208610535,1.0,True,"```json
{
  ""event_class"": ""E5"",
  ""confidence"": 1.0,
  ""tool"": ""grid_query"",
  ""reason"": ""The injected mechanism is explicitly defined as a large up-ramp of solar generation (PV14).""
}
```",E5,none,renewable,high,n1_security;grid_query_topology,E5,grid_query,True,True,False,json
IEEE14_SCN_001122,E3,E4_Full,Local,True,True,True,"{'H-NUM': False, 'H-TOP': False, 'H-EQP': False, 'H-PHY': False, 'H-TOOL': False, 'H-ACT': False}",SUCCESS,45.71033477783203,1.0,True,"```json
{
  ""event_class"": ""E3"",
  ""confidence"": 1.0,
  ""tool"": ""contingency"",
  ""reason"": ""The scenario explicitly inject a single transmission line outage on line_9_10.""
}
```",E3,none,branch,high,power_flow;contingency;n1_security;grid_query_topology,E3,contingency,True,True,True,json
IEEE14_SCN_002683,E9,E4_Full,Local,True,True,True,"{'H-NUM': False, 'H-TOP': False, 'H-EQP': False, 'H-PHY': False, 'H-TOOL': False, 'H-ACT': False}",SUCCESS,50.17059350013733,1.0,True,"```json
{
  ""event_class"": ""E9"",
  ""confidence"": 1.0,
  ""tool"": ""contingency"",
  ""reason"": ""The event is a compound mechanism combining a transmission line outage (E3) and a load surge (E1).""
}
```",E9,undervoltage+overload,branch+demand,high,power_flow;state_estimation;contingency;n1_security;opf;grid_query_topology;grid_query_limits,E9,contingency,True,False,True,json
IEEE14_SCN_001608,E5,E4_Full,Local,True,True,True,"{'H-NUM': False, 'H-TOP': False, 'H-EQP': False, 'H-PHY': False, 'H-TOOL': False, 'H-ACT': False}",SUCCESS,59.385884284973145,1.0,True,"```json
{
  ""event_class"": ""E5"",
  ""confidence"": 1.0,
  ""tool"": ""grid_query"",
  ""reason"": ""The injected mechanism is explicitly defined as a renewable ramp (down-ramp) targeting sgen_PV14.""
}
```",E5,none,renewable,high,n1_security;grid_query_topology,E5,grid_query,True,True,False,json
IEEE14_SCN_002129,E7,E4_Full,Local,True,True,True,"{'H-NUM': False, 'H-TOP': False, 'H-EQP': False, 'H-PHY': False, 'H-TOOL': False, 'H-ACT': False}",SUCCESS,48.70490860939026,1.0,True,"```json
{
  ""event_class"": ""E7"",
  ""confidence"": 1.0,
  ""tool"": ""grid_query"",
  ""reason"": ""The injection of raised AVR setpoints directly caused the observed overvoltage (V > 1.05 pu) at multiple buses.""
}
```",E7,overvoltage,none,high,power_flow;state_estimation;n1_security;grid_query_topology;grid_query_limits,E7,grid_query,True,True,False,json
IEEE14_SCN_001253,E4,E4_Full,Local,True,True,True,"{'H-NUM': False, 'H-TOP': False, 'H-EQP': False, 'H-PHY': False, 'H-TOOL': False, 'H-ACT': False}",SUCCESS,51.43554449081421,1.0,True,"```json
{
  ""event_class"": ""E4"",
  ""confidence"": 1.0,
  ""tool"": ""contingency"",
  ""reason"": ""The injected mechanism is a single generator outage targeting gen_G8, which directly corresponds to the definition of E4.""
}
```",E4,none,generator,high,power_flow;contingency;n1_security;grid_query_topology,E4,contingency,True,True,True,json
IEEE14_SCN_001736,E5,E4_Full,Local,True,True,True,"{'H-NUM': False, 'H-TOP': False, 'H-EQP': False, 'H-PHY': False, 'H-TOOL': False, 'H-ACT': False}",SUCCESS,41.41381001472473,1.0,True,"```json
{
  ""event_class"": ""E5"",
  ""confidence"": 1.0,
  ""tool"": ""grid_query"",
  ""reason"": ""The injected mechanism is explicitly defined as a renewable ramp (down-ramp) targeting wind generation.""
}
```",E5,none,renewable,high,n1_security;grid_query_topology,E5,grid_query,True,True,False,json
IEEE14_SCN_001334,E4,E4_Full,Local,True,True,True,"{'H-NUM': False, 'H-TOP': False, 'H-EQP': False, 'H-PHY': False, 'H-TOOL': False, 'H-ACT': False}",SUCCESS,42.23827886581421,1.0,True,"```json
{
  ""event_class"": ""E4"",
  ""confidence"": 1.0,
  ""tool"": ""contingency"",
  ""reason"": ""The injected mechanism is a single unit generator outage targeting gen_G3, which directly corresponds to the E4 classification.""
}
```",E4,none,generator,high,power_flow;contingency;n1_security;grid_query_topology,E4,contingency,True,True,True,json
IEEE14_SCN_000688,E2,E4_Full,Local,True,True,True,"{'H-NUM': False, 'H-TOP': False, 'H-EQP': False, 'H-PHY': False, 'H-TOOL': False, 'H-ACT': False}",SUCCESS,44.26568102836609,1.0,True,"```json
{
  ""event_class"": ""E2"",
  ""confidence"": 1.0,
  ""tool"": ""grid_query"",
  ""reason"": ""The injected mechanism is a 10% demand decrease at a single bus, which directly corresponds to the definition of E2 Load Drop.""
}
```",E2,none,demand,high,n1_security;grid_query_topology,E2,grid_query,True,True,False,json
IEEE14_SCN_002071,E3,E4_Full,Local,True,True,True,"{'H-NUM': False, 'H-TOP': False, 'H-EQP': False, 'H-PHY': False, 'H-TOOL': False, 'H-ACT': False}",SUCCESS,47.37843871116638,1.0,True,"```json
{
  ""event_class"": ""E3"",
  ""confidence"": 1.0,
  ""tool"": ""contingency"",
  ""reason"": ""The injected event is a single transmission line outage (line_6_13).""
}
```",E3,undervoltage,branch,high,power_flow;state_estimation;contingency;n1_security;grid_query_topology;grid_query_limits,E3,contingency,True,True,True,json
IEEE14_SCN_001282,E4,E4_Full,Local,True,True,True,"{'H-NUM': False, 'H-TOP': False, 'H-EQP': False, 'H-PHY': False, 'H-TOOL': False, 'H-ACT': False}",SUCCESS,44.2476909160614,1.0,True,"```json
{
  ""event_class"": ""E4"",
  ""confidence"": 1.0,
  ""tool"": ""contingency"",
  ""reason"": ""The injected mechanism is a single unit generator outage (gen_G2), which directly corresponds to the E4 event class.""
}
```",E4,none,generator,high,power_flow;contingency;n1_security;grid_query_topology,E4,contingency,True,True,True,json
IEEE14_SCN_001766,E5,E4_Full,Local,True,True,True,"{'H-NUM': False, 'H-TOP': False, 'H-EQP': False, 'H-PHY': False, 'H-TOOL': False, 'H-ACT': False}",SUCCESS,47.02308535575867,1.0,True,"```json
{
  ""event_class"": ""E5"",
  ""confidence"": 1.0,
  ""tool"": ""grid_query"",
  ""reason"": ""The injected mechanism is explicitly defined as a large down-ramp of wind generation, which corresponds directly to the E5 Renewable Ramp event class.""
}
```",E5,none,renewable,high,n1_security;grid_query_topology,E5,grid_query,True,True,False,json
IEEE14_SCN_001668,E5,E4_Full,Local,True,True,True,"{'H-NUM': False, 'H-TOP': False, 'H-EQP': False, 'H-PHY': False, 'H-TOOL': False, 'H-ACT': False}",SUCCESS,52.93895959854126,1.0,True,"```json
{
  ""event_class"": ""E5"",
  ""confidence"": 1.0,
  ""tool"": ""grid_query"",
  ""reason"": ""The injected mechanism is explicitly defined as a down-ramp of renewable generation (PV and Wind), which matches the definition of E5 Renewable Ramp.""
}
```",E5,none,renewable,high,n1_security;grid_query_topology,E5,grid_query,True,True,False,json
IEEE14_SCN_000556,E1,E4_Full,Local,True,True,True,"{'H-NUM': False, 'H-TOP': False, 'H-EQP': False, 'H-PHY': False, 'H-TOOL': False, 'H-ACT': False}",SUCCESS,47.3394627571106,1.0,True,"```json
{
  ""event_class"": ""E1"",
  ""confidence"": 1.0,
  ""tool"": ""power_flow"",
  ""reason"": ""The injected mechanism is a 10% demand increase at a single bus, which is defined as a Load Surge (E1).""
}
```",E1,none,demand,high,n1_security;grid_query_topology,E1,power_flow,True,True,False,json
IEEE14_SCN_001060,E3,E4_Full,Local,True,True,True,"{'H-NUM': False, 'H-TOP': False, 'H-EQP': False, 'H-PHY': False, 'H-TOOL': False, 'H-ACT': False}",SUCCESS,47.99041056632996,1.0,True,"```json
{
  ""event_class"": ""E3"",
  ""confidence"": 1.0,
  ""tool"": ""contingency"",
  ""reason"": ""The scenario explicitly inject a single transmission line outage on line_6_13.""
}
```",E3,none,branch,high,power_flow;contingency;n1_security;grid_query_topology,E3,contingency,True,True,True,json
IEEE14_SCN_002986,E9,E4_Full,Local,True,True,True,"{'H-NUM': False, 'H-TOP': False, 'H-EQP': False, 'H-PHY': False, 'H-TOOL': False, 'H-ACT': False}",SUCCESS,52.84762239456177,1.0,True,"```json
{
  ""event_class"": ""E9"",
  ""confidence"": 1.0,
  ""tool"": ""contingency"",
  ""reason"": ""The event is a compound mechanism (E9) consisting of a transmission line outage (E3) and a load surge (E1).""
}
```",E9,none,branch+demand,high,power_flow;contingency;n1_security;grid_query_topology,E9,contingency,True,True,True,json
IEEE14_SCN_000521,E1,E4_Full,Local,True,True,True,"{'H-NUM': False, 'H-TOP': False, 'H-EQP': False, 'H-PHY': False, 'H-TOOL': False, 'H-ACT': False}",SUCCESS,48.92124557495117,1.0,True,"```json
{
  ""event_class"": ""E1"",
  ""confidence"": 1.0,
  ""tool"": ""grid_query"",
  ""reason"": ""The injected event is a 20% demand increase (load surge) at load_bus_9, load_bus_10, and load_bus_14.""
}
```",E1,none,demand,high,n1_security;grid_query_topology,E1,grid_query,True,True,False,json
IEEE14_SCN_000636,E2,E4_Full,Local,True,True,True,"{'H-NUM': False, 'H-TOP': False, 'H-EQP': False, 'H-PHY': False, 'H-TOOL': False, 'H-ACT': False}",SUCCESS,52.480047941207886,1.0,True,"```json
{
  ""event_class"": ""E2"",
  ""confidence"": 1.0,
  ""tool"": ""power_flow"",
  ""reason"": ""The injected mechanism was a 10% demand decrease at a single bus, which directly corresponds to a Load Drop (E2).""
}
```",E2,none,demand,high,n1_security;grid_query_topology,E2,power_flow,True,True,False,json
IEEE14_SCN_000073,E0,E4_Full,Local,True,True,True,"{'H-NUM': False, 'H-TOP': False, 'H-EQP': False, 'H-PHY': False, 'H-TOOL': False, 'H-ACT': False}",SUCCESS,40.38448429107666,1.0,True,"```json
{
  ""event_class"": ""E0"",
  ""confidence"": 1.0,
  ""tool"": ""grid_query"",
  ""reason"": ""The scenario explicitly states that no disturbance was injected and the system experienced no limit violations.""
}
```",E0,none,none,high,n1_security;grid_query_topology,E0,grid_query,True,True,False,json
IEEE14_SCN_002471,E9,E4_Full,Local,True,True,True,"{'H-NUM': False, 'H-TOP': False, 'H-EQP': False, 'H-PHY': False, 'H-TOOL': False, 'H-ACT': False}",SUCCESS,47.572208404541016,1.0,True,"```json
{
  ""event_class"": ""E9"",
  ""confidence"": 1.0,
  ""tool"": ""contingency"",
  ""reason"": ""The event is a compound mechanism combining a single line outage (E3) and a load surge (E1).""
}
```",E9,overload,branch+demand,high,power_flow;state_estimation;contingency;n1_security;opf;grid_query_topology;grid_query_limits,E9,contingency,True,True,True,json
IEEE14_SCN_001595,E5,E4_Full,Local,True,True,True,"{'H-NUM': False, 'H-TOP': False, 'H-EQP': False, 'H-PHY': False, 'H-TOOL': False, 'H-ACT': False}",SUCCESS,51.52523684501648,1.0,True,"```json
{
  ""event_class"": ""E5"",
  ""confidence"": 1.0,
  ""tool"": ""power_flow"",
  ""reason"": ""The injected mechanism is explicitly defined as a renewable ramp (up-ramp of wind generation) at sgen_WIND6.""
}
```",E5,none,renewable,high,n1_security;grid_query_topology,E5,power_flow,True,True,False,json
IEEE14_SCN_001803,E3,E4_Full,Local,True,True,True,"{'H-NUM': False, 'H-TOP': False, 'H-EQP': False, 'H-PHY': False, 'H-TOOL': False, 'H-ACT': False}",SUCCESS,52.72214651107788,1.0,True,"```json
{
  ""event_class"": ""E3"",
  ""confidence"": 1.0,
  ""tool"": ""contingency"",
  ""reason"": ""The scenario involves a single transmission line outage (line_6_13), which directly corresponds to the E3 classification.""
}
```",E3,undervoltage,branch,high,power_flow;state_estimation;contingency;n1_security;grid_query_topology;grid_query_limits,E3,contingency,True,True,True,json
IEEE14_SCN_000370,E1,E4_Full,Local,True,True,True,"{'H-NUM': False, 'H-TOP': False, 'H-EQP': False, 'H-PHY': False, 'H-TOOL': False, 'H-ACT': False}",SUCCESS,53.1503963470459,1.0,True,"```json
{
  ""event_class"": ""E1"",
  ""confidence"": 1.0,
  ""tool"": ""grid_query"",
  ""reason"": ""The injected mechanism is a 10% demand increase (load surge) at a single bus, matching the definition of E1.""
}
```",E1,none,demand,high,n1_security;grid_query_topology,E1,grid_query,True,True,False,json
IEEE14_SCN_000326,E1,E4_Full,Local,True,True,True,"{'H-NUM': False, 'H-TOP': False, 'H-EQP': False, 'H-PHY': False, 'H-TOOL': False, 'H-ACT': False}",SUCCESS,50.54372787475586,1.0,True,"```json
{
  ""event_class"": ""E1"",
  ""confidence"": 1.0,
  ""tool"": ""grid_query"",
  ""reason"": ""The injected mechanism was a 20% demand increase across multiple buses, which directly corresponds to a Load Surge (E1).""
}
```",E1,none,demand,high,n1_security;grid_query_topology,E1,grid_query,True,True,False,json
IEEE14_SCN_000512,E1,E4_Full,Local,True,True,True,"{'H-NUM': False, 'H-TOP': False, 'H-EQP': False, 'H-PHY': False, 'H-TOOL': False, 'H-ACT': False}",SUCCESS,42.19728255271912,1.0,True,"```json
{
  ""event_class"": ""E1"",
  ""confidence"": 1.0,
  ""tool"": ""grid_query"",
  ""reason"": ""The injected mechanism is a 10% demand increase at a single bus, which corresponds to a Load Surge (E1).""
}
```",E1,none,demand,high,n1_security;grid_query_topology,E1,grid_query,True,True,False,json
IEEE14_SCN_001954,E4,E4_Full,Local,True,True,True,"{'H-NUM': False, 'H-TOP': False, 'H-EQP': False, 'H-PHY': False, 'H-TOOL': False, 'H-ACT': False}",SUCCESS,42.18263220787048,1.0,True,"```json
{
  ""event_class"": ""E4"",
  ""confidence"": 1.0,
  ""tool"": ""contingency"",
  ""reason"": ""The scenario explicitly inject a single generator outage (gen_G6), which matches the definition of E4.""
}
```",E4,undervoltage,generator,high,power_flow;state_estimation;contingency;n1_security;grid_query_topology;grid_query_limits,E4,contingency,True,True,True,json
IEEE14_SCN_001828,E3,E4_Full,Local,True,True,True,"{'H-NUM': False, 'H-TOP': False, 'H-EQP': False, 'H-PHY': False, 'H-TOOL': False, 'H-ACT': False}",SUCCESS,46.344603061676025,1.0,True,"```json
{
  ""event_class"": ""E3"",
  ""confidence"": 1.0,
  ""tool"": ""contingency"",
  ""reason"": ""The scenario explicitly defines the injected mechanism as a single line outage of line_6_13.""
}
```",E3,undervoltage,branch,high,power_flow;state_estimation;contingency;n1_security;grid_query_topology;grid_query_limits,E3,contingency,True,True,True,json
IEEE14_SCN_002781,E9,E4_Full,Local,True,True,True,"{'H-NUM': False, 'H-TOP': False, 'H-EQP': False, 'H-PHY': False, 'H-TOOL': False, 'H-ACT': False}",SUCCESS,57.70175385475159,1.0,True,"```json
{
  ""event_class"": ""E9"",
  ""confidence"": 1.0,
  ""tool"": ""contingency"",
  ""reason"": ""The event is explicitly described as a compound mechanism involving a generator outage (gen_G2) and a large down-ramp of renewable generation (sgen_PV14, sgen_WIND6).""
}
```",E9,none,branch+demand,high,power_flow;contingency;n1_security;grid_query_topology,E9,contingency,True,True,True,json
IEEE14_SCN_000870,E2,E4_Full,Local,True,True,True,"{'H-NUM': False, 'H-TOP': False, 'H-EQP': False, 'H-PHY': False, 'H-TOOL': False, 'H-ACT': False}",SUCCESS,46.75602912902832,1.0,True,"```json
{
  ""event_class"": ""E2"",
  ""confidence"": 1.0,
  ""tool"": ""grid_query"",
  ""reason"": ""The injected mechanism is explicitly defined as a 20% demand decrease (load drop) at a single bus.""
}
```",E2,none,demand,high,n1_security;grid_query_topology,E2,grid_query,True,True,False,json
IEEE14_SCN_001725,E5,E4_Full,Local,True,True,True,"{'H-NUM': False, 'H-TOP': False, 'H-EQP': False, 'H-PHY': False, 'H-TOOL': False, 'H-ACT': False}",SUCCESS,48.99557495117188,1.0,True,"```json
{
  ""event_class"": ""E5"",
  ""confidence"": 1.0,
  ""tool"": ""grid_query"",
  ""reason"": ""The injected mechanism is explicitly defined as a renewable ramp (up-ramp of PV generation) at sgen_PV14.""
}
```",E5,none,renewable,high,n1_security;grid_query_topology,E5,grid_query,True,True,False,json
IEEE14_SCN_000928,E3,E4_Full,Local,False,True,True,"{'H-NUM': False, 'H-TOP': False, 'H-EQP': False, 'H-PHY': False, 'H-TOOL': False, 'H-ACT': False}",NO_EFFECT,49.44749307632446,1.0,False,"```json
{
  ""event_class"": ""E9"",
  ""confidence"": 1.0,
  ""tool"": ""contingency"",
  ""reason"": ""The scenario involves a line outage (E3) which results in an overvoltage condition (E7) as indicated by the post-event voltage range.""
}
```",E3,none,branch,high,power_flow;contingency;n1_security;grid_query_topology,E9,contingency,False,True,True,json
IEEE14_SCN_002027,E3,E4_Full,Local,True,True,True,"{'H-NUM': False, 'H-TOP': False, 'H-EQP': False, 'H-PHY': False, 'H-TOOL': False, 'H-ACT': False}",SUCCESS,54.74918842315674,1.0,True,"```json
{
  ""event_class"": ""E3"",
  ""confidence"": 1.0,
  ""tool"": ""contingency"",
  ""reason"": ""The injected mechanism is explicitly defined as the outage of a single transmission line (line_6_13).""
}
```",E3,undervoltage,branch,high,power_flow;state_estimation;contingency;n1_security;grid_query_topology;grid_query_limits,E3,contingency,True,True,True,json
IEEE14_SCN_001638,E5,E4_Full,Local,True,True,True,"{'H-NUM': False, 'H-TOP': False, 'H-EQP': False, 'H-PHY': False, 'H-TOOL': False, 'H-ACT': False}",SUCCESS,56.72698569297791,1.0,True,"```json
{
  ""event_class"": ""E5"",
  ""confidence"": 1.0,
  ""tool"": ""grid_query"",
  ""reason"": ""The injected mechanism is explicitly defined as a medium down-ramp of PV generation, which corresponds to a renewable ramp (E5).""
}
```",E5,none,renewable,high,n1_security;grid_query_topology,E5,grid_query,True,True,False,json
IEEE14_SCN_000679,E2,E4_Full,Local,True,True,True,"{'H-NUM': False, 'H-TOP': False, 'H-EQP': False, 'H-PHY': False, 'H-TOOL': False, 'H-ACT': False}",SUCCESS,45.86230540275574,1.0,True,"```json
{
  ""event_class"": ""E2"",
  ""confidence"": 1.0,
  ""tool"": ""grid_query"",
  ""reason"": ""The injected mechanism is a 30% demand decrease at a single bus, which directly corresponds to a Load Drop (E2).""
}
```",E2,none,demand,high,n1_security;grid_query_topology,E2,grid_query,True,True,False,json
IEEE14_SCN_002895,E9,E4_Full,Local,True,True,True,"{'H-NUM': False, 'H-TOP': False, 'H-EQP': False, 'H-PHY': False, 'H-TOOL': False, 'H-ACT': False}",SUCCESS,56.794968128204346,1.0,True,"```json
{
  ""event_class"": ""E9"",
  ""confidence"": 1.0,
  ""tool"": ""contingency"",
  ""reason"": ""The event is compound, combining a transmission line outage (E3) with a significant load surge (E1).""
}
```",E9,none,branch+demand,high,power_flow;contingency;n1_security;grid_query_topology,E9,contingency,True,True,True,json
IEEE14_SCN_000738,E2,E4_Full,Local,True,True,True,"{'H-NUM': False, 'H-TOP': False, 'H-EQP': False, 'H-PHY': False, 'H-TOOL': False, 'H-ACT': False}",SUCCESS,48.52880668640137,1.0,True,"```json
{
  ""event_class"": ""E2"",
  ""confidence"": 1.0,
  ""tool"": ""grid_query"",
  ""reason"": ""The injected mechanism is explicitly defined as a 30% demand decrease at a single bus, which matches the definition of E2 (Load Drop).""
}
```",E2,none,demand,high,n1_security;grid_query_topology,E2,grid_query,True,True,False,json
IEEE14_SCN_001211,E4,E4_Full,Local,True,True,True,"{'H-NUM': False, 'H-TOP': False, 'H-EQP': False, 'H-PHY': False, 'H-TOOL': False, 'H-ACT': False}",SUCCESS,54.13845872879028,1.0,True,"```json
{
  ""event_class"": ""E4"",
  ""confidence"": 1.0,
  ""tool"": ""contingency"",
  ""reason"": ""The injected mechanism is a single generator outage (gen_G8), which directly corresponds to the E4 event class.""
}
```",E4,none,generator,high,power_flow;contingency;n1_security;grid_query_topology,E4,contingency,True,True,True,json
IEEE14_SCN_001744,E5,E4_Full,Local,True,True,True,"{'H-NUM': False, 'H-TOP': False, 'H-EQP': False, 'H-PHY': False, 'H-TOOL': False, 'H-ACT': False}",SUCCESS,54.97140169143677,1.0,True,"```json
{
  ""event_class"": ""E5"",
  ""confidence"": 1.0,
  ""tool"": ""grid_query"",
  ""reason"": ""The injected mechanism is explicitly defined as a medium up-ramp of solar generation (sgen_PV14), which corresponds to a renewable ramp event.""
}
```",E5,none,renewable,high,n1_security;grid_query_topology,E5,grid_query,True,True,False,json
IEEE14_SCN_000352,E1,E4_Full,Local,True,True,True,"{'H-NUM': False, 'H-TOP': False, 'H-EQP': False, 'H-PHY': False, 'H-TOOL': False, 'H-ACT': False}",SUCCESS,50.225881814956665,1.0,True,"```json
{
  ""event_class"": ""E1"",
  ""confidence"": 1.0,
  ""tool"": ""grid_query"",
  ""reason"": ""The injected mechanism is a 30% demand increase at a single bus, which directly corresponds to a Load Surge (E1).""
}
```",E1,none,demand,high,n1_security;grid_query_topology,E1,grid_query,True,True,False,json
IEEE14_SCN_000392,E1,E4_Full,Local,True,True,True,"{'H-NUM': False, 'H-TOP': False, 'H-EQP': False, 'H-PHY': False, 'H-TOOL': False, 'H-ACT': False}",SUCCESS,54.09143662452698,1.0,True,"```json
{
  ""event_class"": ""E1"",
  ""confidence"": 1.0,
  ""tool"": ""grid_query"",
  ""reason"": ""The injected mechanism is a 20% demand increase at a single bus, which is classified as a Load Surge (E1).""
}
```",E1,none,demand,high,n1_security;grid_query_topology,E1,grid_query,True,True,False,json
IEEE14_SCN_002536,E9,E4_Full,Local,True,True,True,"{'H-NUM': False, 'H-TOP': False, 'H-EQP': False, 'H-PHY': False, 'H-TOOL': False, 'H-ACT': False}",SUCCESS,48.69276189804077,1.0,True,"```json
{
  ""event_class"": ""E9"",
  ""confidence"": 1.0,
  ""tool"": ""contingency"",
  ""reason"": ""The event is explicitly described as a compound mechanism involving the outage of line_1_2 and a 20% demand increase.""
}
```",E9,undervoltage+overload,branch+demand,high,power_flow;state_estimation;contingency;n1_security;opf;grid_query_topology;grid_query_limits,E9,contingency,True,False,True,json
IEEE14_SCN_001757,E5,E4_Full,Local,True,True,True,"{'H-NUM': False, 'H-TOP': False, 'H-EQP': False, 'H-PHY': False, 'H-TOOL': False, 'H-ACT': False}",SUCCESS,61.72147464752197,0.95,True,"```json
{
  ""event_class"": ""E5"",
  ""confidence"": 0.95,
  ""tool"": ""grid_query"",
  ""reason"": ""The injected mechanism is explicitly defined as a large down-ramp of renewable generation (PV and Wind).""
}
```",E5,none,renewable,high,n1_security;grid_query_topology,E5,grid_query,True,True,False,json
IEEE14_SCN_001535,E5,E4_Full,Local,False,True,True,"{'H-NUM': False, 'H-TOP': False, 'H-EQP': False, 'H-PHY': False, 'H-TOOL': False, 'H-ACT': False}",NO_EFFECT,52.11823272705078,1.0,False,"```json
{
  ""event_class"": ""E9"",
  ""confidence"": 1.0,
  ""tool"": ""power_flow"",
  ""reason"": ""The event is a compound mechanism (E9) involving a renewable ramp (E5) that resulted in an overvoltage condition (E7).""
}
```",E5,none,renewable,high,n1_security;grid_query_topology,E9,power_flow,False,True,False,json
IEEE14_SCN_002826,E9,E4_Full,Local,True,True,True,"{'H-NUM': False, 'H-TOP': False, 'H-EQP': False, 'H-PHY': False, 'H-TOOL': False, 'H-ACT': False}",SUCCESS,48.68663692474365,1.0,True,"```json
{
  ""event_class"": ""E9"",
  ""confidence"": 1.0,
  ""tool"": ""contingency"",
  ""reason"": ""The event is compound, combining a transmission line outage (E3) with a significant load surge (E1).""
}
```",E9,undervoltage,branch+demand,high,power_flow;state_estimation;contingency;n1_security;grid_query_topology;grid_query_limits,E9,contingency,True,True,True,json
IEEE14_SCN_001769,E5,E4_Full,Local,True,True,True,"{'H-NUM': False, 'H-TOP': False, 'H-EQP': False, 'H-PHY': False, 'H-TOOL': False, 'H-ACT': False}",SUCCESS,47.917593002319336,1.0,True,"```json
{
  ""event_class"": ""E5"",
  ""confidence"": 1.0,
  ""tool"": ""grid_query"",
  ""reason"": ""The injected mechanism is a large down-ramp of a renewable resource (PV), which is defined as a renewable ramp (E5).""
}
```",E5,none,renewable,high,n1_security;grid_query_topology,E5,grid_query,True,True,False,json
IEEE14_SCN_002430,E9,E4_Full,Local,True,True,True,"{'H-NUM': False, 'H-TOP': False, 'H-EQP': False, 'H-PHY': False, 'H-TOOL': False, 'H-ACT': False}",SUCCESS,58.457295656204224,1.0,True,"```json
{
  ""event_class"": ""E9"",
  ""confidence"": 1.0,
  ""tool"": ""contingency"",
  ""reason"": ""The injected event is a compound mechanism combining a transmission line outage (E3) and a significant load surge (E1).""
}
```",E9,overload,branch+demand,high,power_flow;state_estimation;contingency;n1_security;opf;grid_query_topology;grid_query_limits,E9,contingency,True,True,True,json
IEEE14_SCN_002500,E9,E4_Full,Local,True,True,True,"{'H-NUM': False, 'H-TOP': False, 'H-EQP': False, 'H-PHY': False, 'H-TOOL': False, 'H-ACT': False}",SUCCESS,47.23489451408386,1.0,True,"```json
{
  ""event_class"": ""E9"",
  ""confidence"": 1.0,
  ""tool"": ""contingency"",
  ""reason"": ""The event is a compound mechanism involving a transmission line outage (E3) and a load surge (E1).""
}
```",E9,undervoltage+overload,branch+demand,high,power_flow;state_estimation;contingency;n1_security;opf;grid_query_topology;grid_query_limits,E9,contingency,True,False,True,json
IEEE14_SCN_001355,E4,E4_Full,Local,True,True,True,"{'H-NUM': False, 'H-TOP': False, 'H-EQP': False, 'H-PHY': False, 'H-TOOL': False, 'H-ACT': False}",SUCCESS,48.63708829879761,1.0,True,"```json
{
  ""event_class"": ""E4"",
  ""confidence"": 1.0,
  ""tool"": ""contingency"",
  ""reason"": ""The injected mechanism is a single generator outage (gen_G6), which directly corresponds to the E4 event class.""
}
```",E4,none,generator,high,power_flow;contingency;n1_security;grid_query_topology,E4,contingency,True,True,True,json
IEEE14_SCN_002926,E9,E4_Full,Local,True,True,True,"{'H-NUM': False, 'H-TOP': False, 'H-EQP': False, 'H-PHY': False, 'H-TOOL': False, 'H-ACT': False}",SUCCESS,53.129918336868286,1.0,True,"```json
{
  ""event_class"": ""E9"",
  ""confidence"": 1.0,
  ""tool"": ""contingency"",
  ""reason"": ""The injected event is a compound mechanism combining a transmission line outage (E3) and a load surge (E1).""
}
```",E9,none,branch+demand,high,power_flow;contingency;n1_security;grid_query_topology,E9,contingency,True,True,True,json
IEEE14_SCN_001686,E5,E4_Full,Local,True,True,True,"{'H-NUM': False, 'H-TOP': False, 'H-EQP': False, 'H-PHY': False, 'H-TOOL': False, 'H-ACT': False}",SUCCESS,53.899829626083374,1.0,True,"```json
{
  ""event_class"": ""E5"",
  ""confidence"": 1.0,
  ""tool"": ""grid_query"",
  ""reason"": ""The injected mechanism is explicitly defined as a renewable ramp (up-ramp) on a solar generator (sgen_PV14).""
}
```",E5,none,renewable,high,n1_security;grid_query_topology,E5,grid_query,True,True,False,json
IEEE14_SCN_002226,E7,E4_Full,Local,True,True,True,"{'H-NUM': False, 'H-TOP': False, 'H-EQP': False, 'H-PHY': False, 'H-TOOL': False, 'H-ACT': False}",SUCCESS,61.142906665802,1.0,True,"```json
{
  ""event_class"": ""E7"",
  ""confidence"": 1.0,
  ""tool"": ""grid_query"",
  ""reason"": ""The AVR setpoint shift increases reactive power injection, causing the post-event voltage at bus 1 to exceed 1.05 pu (up to 1.0800 pu).""
}
```",E7,overvoltage,none,high,power_flow;state_estimation;n1_security;grid_query_topology;grid_query_limits,E7,grid_query,True,True,False,json
IEEE14_SCN_002332,E7,E4_Full,Local,True,True,True,"{'H-NUM': False, 'H-TOP': False, 'H-EQP': False, 'H-PHY': False, 'H-TOOL': False, 'H-ACT': False}",SUCCESS,58.20995235443115,1.0,True,"```json
{
  ""event_class"": ""E7"",
  ""confidence"": 1.0,
  ""tool"": ""grid_query"",
  ""reason"": ""The injection of AVR setpoint shifts increases reactive power output, directly causing the observed overvoltage condition (V > 1.05 pu).""
}
```",E7,overvoltage,none,high,power_flow;state_estimation;n1_security;grid_query_topology;grid_query_limits,E7,grid_query,True,True,False,json
IEEE14_SCN_000529,E1,E4_Full,Local,True,True,True,"{'H-NUM': False, 'H-TOP': False, 'H-EQP': False, 'H-PHY': False, 'H-TOOL': False, 'H-ACT': False}",SUCCESS,44.95103931427002,1.0,True,"```json
{
  ""event_class"": ""E1"",
  ""confidence"": 1.0,
  ""tool"": ""power_flow"",
  ""reason"": ""The injected mechanism is a 20% demand increase at a single bus, which directly corresponds to a Load Surge (E1).""
}
```",E1,none,demand,high,n1_security;grid_query_topology,E1,power_flow,True,True,False,json
IEEE14_SCN_002533,E9,E4_Full,Local,True,True,True,"{'H-NUM': False, 'H-TOP': False, 'H-EQP': False, 'H-PHY': False, 'H-TOOL': False, 'H-ACT': False}",SUCCESS,50.61998581886292,1.0,True,"```json
{
  ""event_class"": ""E9"",
  ""confidence"": 1.0,
  ""tool"": ""contingency"",
  ""reason"": ""The event is a compound mechanism involving a transmission line outage (E3) and a load surge (E1).""
}
```",E9,undervoltage+overload,branch+demand,high,power_flow;state_estimation;contingency;n1_security;opf;grid_query_topology;grid_query_limits,E9,contingency,True,False,True,json
IEEE14_SCN_000405,E1,E4_Full,Local,True,True,True,"{'H-NUM': False, 'H-TOP': False, 'H-EQP': False, 'H-PHY': False, 'H-TOOL': False, 'H-ACT': False}",SUCCESS,52.19076108932495,1.0,True,"```json
{
  ""event_class"": ""E1"",
  ""confidence"": 1.0,
  ""tool"": ""power_flow"",
  ""reason"": ""The injected mechanism is a 40% demand increase (load surge) at multiple bus targets, which directly corresponds to the E1 Load Surge class.""
}
```",E1,none,demand,high,n1_security;grid_query_topology,E1,power_flow,True,True,False,json
IEEE14_SCN_000967,E3,E4_Full,Local,True,True,True,"{'H-NUM': False, 'H-TOP': False, 'H-EQP': False, 'H-PHY': False, 'H-TOOL': False, 'H-ACT': False}",SUCCESS,48.19407081604004,1.0,True,"```json
{
  ""event_class"": ""E3"",
  ""confidence"": 1.0,
  ""tool"": ""contingency"",
  ""reason"": ""The injected mechanism is explicitly defined as a single line outage targeting line_13_14.""
}
```",E3,none,branch,high,power_flow;contingency;n1_security;grid_query_topology,E3,contingency,True,True,True,json
IEEE14_SCN_002153,E7,E4_Full,Local,True,True,True,"{'H-NUM': False, 'H-TOP': False, 'H-EQP': False, 'H-PHY': False, 'H-TOOL': False, 'H-ACT': False}",SUCCESS,59.86746096611023,1.0,True,"```json
{
  ""event_class"": ""E7"",
  ""confidence"": 1.0,
  ""tool"": ""grid_query"",
  ""reason"": ""The injection of AVR setpoint shifts increased reactive power output, directly causing the observed overvoltage condition at Bus 1 (V > 1.05 pu).""
}
```",E7,overvoltage,none,high,power_flow;state_estimation;n1_security;grid_query_topology;grid_query_limits,E7,grid_query,True,True,False,json
IEEE14_SCN_000199,E0,E4_Full,Local,True,True,True,"{'H-NUM': False, 'H-TOP': False, 'H-EQP': False, 'H-PHY': False, 'H-TOOL': False, 'H-ACT': False}",SUCCESS,40.08522939682007,1.0,True,"```json
{
  ""event_class"": ""E0"",
  ""confidence"": 1.0,
  ""tool"": ""power_flow"",
  ""reason"": ""The scenario explicitly states that no disturbance was injected and no limit violations occurred.""
}
```",E0,none,none,high,n1_security;grid_query_topology,E0,power_flow,True,True,False,json
IEEE14_SCN_001428,E4,E4_Full,Local,True,True,True,"{'H-NUM': False, 'H-TOP': False, 'H-EQP': False, 'H-PHY': False, 'H-TOOL': False, 'H-ACT': False}",SUCCESS,45.78160357475281,1.0,True,"```json
{
  ""event_class"": ""E4"",
  ""confidence"": 1.0,
  ""tool"": ""contingency"",
  ""reason"": ""The injected mechanism is a single unit generator outage (gen_G2), which directly corresponds to the E4 event class.""
}
```",E4,none,generator,high,power_flow;contingency;n1_security;grid_query_topology,E4,contingency,True,True,True,json
IEEE14_SCN_000337,E1,E4_Full,Local,False,True,True,"{'H-NUM': False, 'H-TOP': False, 'H-EQP': False, 'H-PHY': False, 'H-TOOL': False, 'H-ACT': False}",NO_EFFECT,50.90260529518128,1.0,False,"```json
{
  ""event_class"": ""E9"",
  ""confidence"": 1.0,
  ""tool"": ""grid_query"",
  ""reason"": ""The event is a load increase (E1) which resulted in a post-event overvoltage condition (E7).""
}
```",E1,none,demand,high,n1_security;grid_query_topology,E9,grid_query,False,True,False,json
IEEE14_SCN_002846,E9,E4_Full,Local,True,True,True,"{'H-NUM': False, 'H-TOP': False, 'H-EQP': False, 'H-PHY': False, 'H-TOOL': False, 'H-ACT': False}",SUCCESS,60.14705467224121,1.0,True,"```json
{
  ""event_class"": ""E9"",
  ""confidence"": 1.0,
  ""tool"": ""contingency"",
  ""reason"": ""The injected event is explicitly defined as a compound mechanism combining a transmission line outage (E3) and a load surge (E1).""
}
```",E9,none,branch+demand,high,power_flow;contingency;n1_security;grid_query_topology,E9,contingency,True,True,True,json
IEEE14_SCN_001338,E4,E4_Full,Local,True,True,True,"{'H-NUM': False, 'H-TOP': False, 'H-EQP': False, 'H-PHY': False, 'H-TOOL': False, 'H-ACT': False}",SUCCESS,44.56284642219544,1.0,True,"```json
{
  ""event_class"": ""E4"",
  ""confidence"": 1.0,
  ""tool"": ""contingency"",
  ""reason"": ""The injected mechanism is a single unit generator outage (gen_G2), which directly corresponds to the definition of E4.""
}
```",E4,none,generator,high,power_flow;contingency;n1_security;grid_query_topology,E4,contingency,True,True,True,json
IEEE14_SCN_002166,E7,E4_Full,Local,True,True,True,"{'H-NUM': False, 'H-TOP': False, 'H-EQP': False, 'H-PHY': False, 'H-TOOL': False, 'H-ACT': False}",SUCCESS,62.316975831985474,0.5,True,"```json
{
  ""event_class"": ""E7"",
  ""confidence"": 0.95,
  ""tool"": ""grid_query"",
  ""reason"": ""The injection of AVR setpoint shifts increases reactive power output, directly causing the",E7,overvoltage,none,high,power_flow;state_estimation;n1_security;grid_query_topology;grid_query_limits,E7,power_flow,True,True,True,last-E-digit
IEEE14_SCN_002390,E7,E4_Full,Local,True,True,True,"{'H-NUM': False, 'H-TOP': False, 'H-EQP': False, 'H-PHY': False, 'H-TOOL': False, 'H-ACT': False}",SUCCESS,50.86868166923523,1.0,True,"```json
{
  ""event_class"": ""E7"",
  ""confidence"": 1.0,
  ""tool"": ""grid_query"",
  ""reason"": ""The injection of increased excitation setpoints directly caused the observed overvoltage at Bus 1 (V up to 1.0800 pu).""
}
```",E7,overvoltage,none,high,power_flow;state_estimation;n1_security;grid_query_topology;grid_query_limits,E7,grid_query,True,True,False,json
IEEE14_SCN_000539,E1,E4_Full,Local,True,True,True,"{'H-NUM': False, 'H-TOP': False, 'H-EQP': False, 'H-PHY': False, 'H-TOOL': False, 'H-ACT': False}",SUCCESS,40.02514410018921,1.0,True,"```json
{
  ""event_class"": ""E1"",
  ""confidence"": 1.0,
  ""tool"": ""grid_query"",
  ""reason"": ""The injected mechanism is a 10% demand increase (load_change) at a single bus, which corresponds to a Load Surge (E1).""
}
```",E1,none,demand,high,n1_security;grid_query_topology,E1,grid_query,True,True,False,json
IEEE14_SCN_001001,E3,E4_Full,Local,True,True,True,"{'H-NUM': False, 'H-TOP': False, 'H-EQP': False, 'H-PHY': False, 'H-TOOL': False, 'H-ACT': False}",SUCCESS,43.16046833992005,1.0,True,"```json
{
  ""event_class"": ""E3"",
  ""confidence"": 1.0,
  ""tool"": ""contingency"",
  ""reason"": ""The scenario explicitly inject a single line outage on line_1_2, which matches the definition of E3 (Transmission-Line Outage).""
}
```",E3,none,branch,high,power_flow;contingency;n1_security;grid_query_topology,E3,contingency,True,True,True,json
IEEE14_SCN_000095,E0,E4_Full,Local,True,True,True,"{'H-NUM': False, 'H-TOP': False, 'H-EQP': False, 'H-PHY': False, 'H-TOOL': False, 'H-ACT': False}",SUCCESS,37.99872279167175,1.0,True,"```json
{
  ""event_class"": ""E0"",
  ""confidence"": 1.0,
  ""tool"": ""grid_query"",
  ""reason"": ""The injected mechanism was explicitly stated as none, indicating no disturbance was introduced into the system.""
}
```",E0,none,none,high,n1_security;grid_query_topology,E0,grid_query,True,True,False,json
IEEE14_SCN_002888,E9,E4_Full,Local,True,True,True,"{'H-NUM': False, 'H-TOP': False, 'H-EQP': False, 'H-PHY': False, 'H-TOOL': False, 'H-ACT': False}",SUCCESS,44.31263470649719,1.0,True,"```json
{
  ""event_class"": ""E9"",
  ""confidence"": 1.0,
  ""tool"": ""contingency"",
  ""reason"": ""The event is a compound mechanism combining a transmission line outage (E3) and a load surge (E1).""
}
```",E9,none,branch+demand,high,power_flow;contingency;n1_security;grid_query_topology,E9,contingency,True,True,True,json
IEEE14_SCN_001817,E3,E4_Full,Local,True,True,True,"{'H-NUM': False, 'H-TOP': False, 'H-EQP': False, 'H-PHY': False, 'H-TOOL': False, 'H-ACT': False}",SUCCESS,53.42230558395386,1.0,True,"```json
{
  ""event_class"": ""E3"",
  ""confidence"": 1.0,
  ""tool"": ""contingency"",
  ""reason"": ""The injected mechanism is explicitly defined as a single transmission line outage (line_6_13).""
}
```",E3,undervoltage,branch,high,power_flow;state_estimation;contingency;n1_security;grid_query_topology;grid_query_limits,E3,contingency,True,True,True,json
IEEE14_SCN_002540,E9,E4_Full,Local,True,True,True,"{'H-NUM': False, 'H-TOP': False, 'H-EQP': False, 'H-PHY': False, 'H-TOOL': False, 'H-ACT': False}",SUCCESS,48.49705219268799,1.0,True,"```json
{
  ""event_class"": ""E9"",
  ""confidence"": 1.0,
  ""tool"": ""contingency"",
  ""reason"": ""The event is a compound mechanism combining a single line outage (E3) and a significant load surge (E1).""
}
```",E9,overload,branch+demand,high,power_flow;state_estimation;contingency;n1_security;opf;grid_query_topology;grid_query_limits,E9,contingency,True,True,True,json
IEEE14_SCN_002952,E9,E4_Full,Local,True,True,True,"{'H-NUM': False, 'H-TOP': False, 'H-EQP': False, 'H-PHY': False, 'H-TOOL': False, 'H-ACT': False}",SUCCESS,51.6904182434082,1.0,True,"```json
{
  ""event_class"": ""E9"",
  ""confidence"": 1.0,
  ""tool"": ""contingency"",
  ""reason"": ""The event is a compound mechanism consisting of a transmission line outage (E3) and a load surge (E1).""
}
```",E9,none,branch+demand,high,power_flow;contingency;n1_security;grid_query_topology,E9,contingency,True,True,True,json
IEEE14_SCN_001116,E3,E4_Full,Local,True,True,True,"{'H-NUM': False, 'H-TOP': False, 'H-EQP': False, 'H-PHY': False, 'H-TOOL': False, 'H-ACT': False}",SUCCESS,48.19626021385193,1.0,True,"```json
{
  ""event_class"": ""E3"",
  ""confidence"": 1.0,
  ""tool"": ""contingency"",
  ""reason"": ""The scenario explicitly inject a single line outage (line_2_5), which matches the definition of E3.""
}
```",E3,none,branch,high,power_flow;contingency;n1_security;grid_query_topology,E3,contingency,True,True,True,json
IEEE14_SCN_000995,E3,E4_Full,Local,True,True,True,"{'H-NUM': False, 'H-TOP': False, 'H-EQP': False, 'H-PHY': False, 'H-TOOL': False, 'H-ACT': False}",SUCCESS,28.822064638137817,1.0,True,"```json
{
  ""event_class"": ""E3"",
  ""confidence"": 1.0,
  ""tool"": ""contingency"",
  ""reason"": ""The scenario explicitly inject a single transmission line outage (line_2_3).""
}
```",E3,none,branch,high,power_flow;contingency;n1_security;grid_query_topology,E3,contingency,True,True,True,json
IEEE14_SCN_000822,E2,E4_Full,Local,True,True,True,"{'H-NUM': False, 'H-TOP': False, 'H-EQP': False, 'H-PHY': False, 'H-TOOL': False, 'H-ACT': False}",SUCCESS,27.853115797042847,1.0,True,"```json
{
  ""event_class"": ""E2"",
  ""confidence"": 1.0,
  ""tool"": ""grid_query"",
  ""reason"": ""The injected mechanism is a 10% demand decrease at a single bus, which directly corresponds to the definition of a Load Drop (E2).""
}
```",E2,none,demand,high,n1_security;grid_query_topology,E2,grid_query,True,True,False,json
IEEE14_SCN_000054,E0,E4_Full,Local,True,True,True,"{'H-NUM': False, 'H-TOP': False, 'H-EQP': False, 'H-PHY': False, 'H-TOOL': False, 'H-ACT': False}",SUCCESS,25.77458620071411,1.0,True,"```json
{
  ""event_class"": ""E0"",
  ""confidence"": 1.0,
  ""tool"": ""grid_query"",
  ""reason"": ""The scenario explicitly states that no disturbance was injected, indicating normal operation.""
}
```",E0,none,none,high,n1_security;grid_query_topology,E0,grid_query,True,True,False,json
IEEE14_SCN_000407,E1,E4_Full,Local,True,True,True,"{'H-NUM': False, 'H-TOP': False, 'H-EQP': False, 'H-PHY': False, 'H-TOOL': False, 'H-ACT': False}",SUCCESS,35.51308822631836,1.0,True,"```json
{
  ""event_class"": ""E1"",
  ""confidence"": 1.0,
  ""tool"": ""grid_query"",
  ""reason"": ""The injected mechanism is a 30% demand increase across multiple load buses, which constitutes a Load Surge (E1).""
}
```",E1,none,demand,high,n1_security;grid_query_topology,E1,grid_query,True,True,False,json
IEEE14_SCN_002404,E9,E4_Full,Local,True,True,True,"{'H-NUM': False, 'H-TOP': False, 'H-EQP': False, 'H-PHY': False, 'H-TOOL': False, 'H-ACT': False}",SUCCESS,42.06754922866821,1.0,True,"```json
{
  ""event_class"": ""E9"",
  ""confidence"": 1.0,
  ""tool"": ""contingency"",
  ""reason"": ""The event is a compound mechanism involving a single line outage (E3) and a significant load surge (E1).""
}
```",E9,overload,branch+demand,high,power_flow;state_estimation;contingency;n1_security;opf;grid_query_topology;grid_query_limits,E9,contingency,True,True,True,json
IEEE14_SCN_002496,E9,E4_Full,Local,True,True,True,"{'H-NUM': False, 'H-TOP': False, 'H-EQP': False, 'H-PHY': False, 'H-TOOL': False, 'H-ACT': False}",SUCCESS,45.77954149246216,1.0,True,"```json
{
  ""event_class"": ""E9"",
  ""confidence"": 1.0,
  ""tool"": ""contingency"",
  ""reason"": ""The event is a compound mechanism involving a transmission line outage (E3) and a load surge (E1).""
}
```",E9,undervoltage+overload,branch+demand,high,power_flow;state_estimation;contingency;n1_security;opf;grid_query_topology;grid_query_limits,E9,contingency,True,False,True,json
IEEE14_SCN_001353,E4,E4_Full,Local,True,True,True,"{'H-NUM': False, 'H-TOP': False, 'H-EQP': False, 'H-PHY': False, 'H-TOOL': False, 'H-ACT': False}",SUCCESS,49.124183893203735,1.0,True,"```json
{
  ""event_class"": ""E4"",
  ""confidence"": 1.0,
  ""tool"": ""contingency"",
  ""reason"": ""The injected mechanism is a single generator outage (gen_G8), which directly corresponds to the definition of E4.""
}
```",E4,none,generator,high,power_flow;contingency;n1_security;grid_query_topology,E4,contingency,True,True,True,json
IEEE14_SCN_002776,E9,E4_Full,Local,True,True,True,"{'H-NUM': False, 'H-TOP': False, 'H-EQP': False, 'H-PHY': False, 'H-TOOL': False, 'H-ACT': False}",SUCCESS,50.62848424911499,1.0,True,"```json
{
  ""event_class"": ""E9"",
  ""confidence"": 1.0,
  ""tool"": ""contingency"",
  ""reason"": ""The injected mechanism is a compound event combining a transmission line outage (E3) and a load surge (E1).""
}
```",E9,none,branch+demand,high,power_flow;contingency;n1_security;grid_query_topology,E9,contingency,True,True,True,json
IEEE14_SCN_000755,E2,E4_Full,Local,True,True,True,"{'H-NUM': False, 'H-TOP': False, 'H-EQP': False, 'H-PHY': False, 'H-TOOL': False, 'H-ACT': False}",SUCCESS,52.33473420143128,1.0,True,"```json
{
  ""event_class"": ""E2"",
  ""confidence"": 1.0,
  ""tool"": ""power_flow"",
  ""reason"": ""The injected mechanism is a 20% demand decrease (load drop) at multiple load buses.""
}
```",E2,none,demand,high,n1_security;grid_query_topology,E2,power_flow,True,True,False,json
IEEE14_SCN_002041,E3,E4_Full,Local,True,True,True,"{'H-NUM': False, 'H-TOP': False, 'H-EQP': False, 'H-PHY': False, 'H-TOOL': False, 'H-ACT': False}",SUCCESS,50.178162813186646,1.0,True,"```json
{
  ""event_class"": ""E3"",
  ""confidence"": 1.0,
  ""tool"": ""contingency"",
  ""reason"": ""The scenario explicitly inject a single line outage (line_6_13), which matches the definition of E3.""
}
```",E3,undervoltage,branch,high,power_flow;state_estimation;contingency;n1_security;grid_query_topology;grid_query_limits,E3,contingency,True,True,True,json
IEEE14_SCN_002388,E7,E4_Full,Local,True,True,True,"{'H-NUM': False, 'H-TOP': False, 'H-EQP': False, 'H-PHY': False, 'H-TOOL': False, 'H-ACT': False}",SUCCESS,57.63880968093872,1.0,True,"```json
{
  ""event_class"": ""E7"",
  ""confidence"": 1.0,
  ""tool"": ""grid_query"",
  ""reason"": ""The post-event state shows bus 1 overvoltage (V up to 1.0800 pu), which satisfies the E7 criteria.""
}
```",E7,overvoltage,none,high,power_flow;state_estimation;n1_security;grid_query_topology;grid_query_limits,E7,grid_query,True,True,False,json
IEEE14_SCN_002566,E9,E4_Full,Local,True,True,True,"{'H-NUM': False, 'H-TOP': False, 'H-EQP': False, 'H-PHY': False, 'H-TOOL': False, 'H-ACT': False}",SUCCESS,43.897677421569824,1.0,True,"```json
{
  ""event_class"": ""E9"",
  ""confidence"": 1.0,
  ""tool"": ""contingency"",
  ""reason"": ""The event is a compound mechanism combining a transmission line outage (E3) and a load surge (E1).""
}
```",E9,undervoltage+overload,branch+demand,high,power_flow;state_estimation;contingency;n1_security;opf;grid_query_topology;grid_query_limits,E9,contingency,True,False,True,json
IEEE14_SCN_002979,E9,E4_Full,Local,True,True,True,"{'H-NUM': False, 'H-TOP': False, 'H-EQP': False, 'H-PHY': False, 'H-TOOL': False, 'H-ACT': False}",SUCCESS,45.78277540206909,1.0,True,"```json
{
  ""event_class"": ""E9"",
  ""confidence"": 1.0,
  ""tool"": ""contingency"",
  ""reason"": ""The event is compound, combining a transmission line outage (E3) and a load increase (E1).""
}
```",E9,none,branch+demand,high,power_flow;contingency;n1_security;grid_query_topology,E9,contingency,True,True,True,json
IEEE14_SCN_002925,E9,E4_Full,Local,True,True,True,"{'H-NUM': False, 'H-TOP': False, 'H-EQP': False, 'H-PHY': False, 'H-TOOL': False, 'H-ACT': False}",SUCCESS,48.19522190093994,1.0,True,"```json
{
  ""event_class"": ""E9"",
  ""confidence"": 1.0,
  ""tool"": ""contingency"",
  ""reason"": ""The event is a compound mechanism combining a transmission line outage (line_9_14) and a load surge (15% demand increase).""
}
```",E9,none,branch+demand,high,power_flow;contingency;n1_security;grid_query_topology,E9,contingency,True,True,True,json
IEEE14_SCN_001467,E4,E4_Full,Local,True,True,True,"{'H-NUM': False, 'H-TOP': False, 'H-EQP': False, 'H-PHY': False, 'H-TOOL': False, 'H-ACT': False}",SUCCESS,45.678790807724,1.0,True,"```json
{
  ""event_class"": ""E4"",
  ""confidence"": 1.0,
  ""tool"": ""contingency"",
  ""reason"": ""The injected mechanism is explicitly defined as a single generator outage targeting gen_G3, which matches the definition of E4.""
}
```",E4,none,generator,high,power_flow;contingency;n1_security;grid_query_topology,E4,contingency,True,True,True,json
IEEE14_SCN_002621,E9,E4_Full,Local,True,True,True,"{'H-NUM': False, 'H-TOP': False, 'H-EQP': False, 'H-PHY': False, 'H-TOOL': False, 'H-ACT': False}",SUCCESS,48.25275254249573,1.0,True,"```json
{
  ""event_class"": ""E9"",
  ""confidence"": 1.0,
  ""tool"": ""contingency"",
  ""reason"": ""The injected event is explicitly defined as a compound mechanism combining a transmission line outage (E3) and a load surge (E1).""
}
```",E9,overload,branch+demand,high,power_flow;state_estimation;contingency;n1_security;opf;grid_query_topology;grid_query_limits,E9,contingency,True,True,True,json
IEEE14_SCN_002945,E9,E4_Full,Local,True,True,True,"{'H-NUM': False, 'H-TOP': False, 'H-EQP': False, 'H-PHY': False, 'H-TOOL': False, 'H-ACT': False}",SUCCESS,52.5127158164978,1.0,True,"```json
{
  ""event_class"": ""E9"",
  ""confidence"": 1.0,
  ""tool"": ""contingency"",
  ""reason"": ""The injected event is a compound mechanism combining a transmission line outage (E3) and a load surge (E1).""
}
```",E9,none,branch+demand,high,power_flow;contingency;n1_security;grid_query_topology,E9,contingency,True,True,True,json
IEEE14_SCN_001395,E4,E4_Full,Local,False,True,True,"{'H-NUM': False, 'H-TOP': False, 'H-EQP': False, 'H-PHY': False, 'H-TOOL': False, 'H-ACT': False}",NO_EFFECT,44.656893491745,1.0,False,"```json
{
  ""event_class"": ""E4+E7"",
  ""confidence"": 1.0,
  ""tool"": ""contingency"",
  ""reason"": ""The scenario explicitly defines a single generator outage (E4) which results in an overvoltage condition (E7) as the post-event voltage reaches 1.0600 pu.""
}
```",E4,none,generator,high,power_flow;contingency;n1_security;grid_query_topology,E4,contingency,True,True,True,json
IEEE14_SCN_001944,E3,E4_Full,Local,True,True,True,"{'H-NUM': False, 'H-TOP': False, 'H-EQP': False, 'H-PHY': False, 'H-TOOL': False, 'H-ACT': False}",SUCCESS,43.61281538009644,1.0,True,"```json
{
  ""event_class"": ""E3"",
  ""confidence"": 1.0,
  ""tool"": ""contingency"",
  ""reason"": ""The injected mechanism is a single transmission line outage (line_6_13).""
}
```",E3,undervoltage,branch,high,power_flow;state_estimation;contingency;n1_security;grid_query_topology;grid_query_limits,E3,contingency,True,True,True,json
IEEE14_SCN_001695,E5,E4_Full,Local,True,True,True,"{'H-NUM': False, 'H-TOP': False, 'H-EQP': False, 'H-PHY': False, 'H-TOOL': False, 'H-ACT': False}",SUCCESS,56.122973680496216,1.0,True,"```json
{
  ""event_class"": ""E5"",
  ""confidence"": 1.0,
  ""tool"": ""grid_query"",
  ""reason"": ""The injected mechanism is explicitly defined as a renewable_ramp (down-ramp of PV and Wind) targeting generation resources.""
}
```",E5,none,renewable,high,n1_security;grid_query_topology,E5,grid_query,True,True,False,json
IEEE14_SCN_001664,E5,E4_Full,Local,True,True,True,"{'H-NUM': False, 'H-TOP': False, 'H-EQP': False, 'H-PHY': False, 'H-TOOL': False, 'H-ACT': False}",SUCCESS,45.2503514289856,1.0,True,"```json
{
  ""event_class"": ""E5"",
  ""confidence"": 1.0,
  ""tool"": ""grid_query"",
  ""reason"": ""The injected mechanism is explicitly defined as a down-ramp of a wind generator (sgen_WIND6), which falls under the E5 Renewable Ramp category.""
}
```",E5,none,renewable,high,n1_security;grid_query_topology,E5,grid_query,True,True,False,json
IEEE14_SCN_000993,E3,E4_Full,Local,True,True,True,"{'H-NUM': False, 'H-TOP': False, 'H-EQP': False, 'H-PHY': False, 'H-TOOL': False, 'H-ACT': False}",SUCCESS,50.138272523880005,1.0,True,"```json
{
  ""event_class"": ""E3"",
  ""confidence"": 1.0,
  ""tool"": ""contingency"",
  ""reason"": ""The injected mechanism is explicitly a single transmission line outage targeting line_9_14.""
}
```",E3,none,branch,high,power_flow;contingency;n1_security;grid_query_topology,E3,contingency,True,True,True,json
IEEE14_SCN_001429,E4,E4_Full,Local,True,True,True,"{'H-NUM': False, 'H-TOP': False, 'H-EQP': False, 'H-PHY': False, 'H-TOOL': False, 'H-ACT': False}",SUCCESS,47.85074162483215,1.0,True,"```json
{
  ""event_class"": ""E4"",
  ""confidence"": 1.0,
  ""tool"": ""contingency"",
  ""reason"": ""The injected mechanism is a single unit generator outage targeting gen_G2, which directly corresponds to the E4 definition.""
}
```",E4,none,generator,high,power_flow;contingency;n1_security;grid_query_topology,E4,contingency,True,True,True,json
IEEE14_SCN_001827,E3,E4_Full,Local,True,True,True,"{'H-NUM': False, 'H-TOP': False, 'H-EQP': False, 'H-PHY': False, 'H-TOOL': False, 'H-ACT': False}",SUCCESS,52.61848163604736,1.0,True,"```json
{
  ""event_class"": ""E3"",
  ""confidence"": 1.0,
  ""tool"": ""contingency"",
  ""reason"": ""The scenario explicitly inject a single line outage (line_6_13), which matches the definition of E3.""
}
```",E3,undervoltage,branch,high,power_flow;state_estimation;contingency;n1_security;grid_query_topology;grid_query_limits,E3,contingency,True,True,True,json
IEEE14_SCN_001720,E5,E4_Full,Local,True,True,True,"{'H-NUM': False, 'H-TOP': False, 'H-EQP': False, 'H-PHY': False, 'H-TOOL': False, 'H-ACT': False}",SUCCESS,55.62162208557129,1.0,True,"```json
{
  ""event_class"": ""E5"",
  ""confidence"": 1.0,
  ""tool"": ""grid_query"",
  ""reason"": ""The injected mechanism is explicitly defined as a renewable_ramp increasing the availability of PV and Wind resources.""
}
```",E5,none,renewable,high,n1_security;grid_query_topology,E5,grid_query,True,True,False,json
IEEE14_SCN_001858,E4,E4_Full,Local,True,True,True,"{'H-NUM': False, 'H-TOP': False, 'H-EQP': False, 'H-PHY': False, 'H-TOOL': False, 'H-ACT': False}",SUCCESS,42.19245147705078,1.0,True,"```json
{
  ""event_class"": ""E4"",
  ""confidence"": 1.0,
  ""tool"": ""contingency"",
  ""reason"": ""The scenario explicitly inject a single generator outage (gen_G6), which matches the definition of E4.""
}
```",E4,undervoltage,generator,high,power_flow;state_estimation;contingency;n1_security;grid_query_topology;grid_query_limits,E4,contingency,True,True,True,json
IEEE14_SCN_000735,E2,E4_Full,Local,True,True,True,"{'H-NUM': False, 'H-TOP': False, 'H-EQP': False, 'H-PHY': False, 'H-TOOL': False, 'H-ACT': False}",SUCCESS,49.671157121658325,1.0,True,"```json
{
  ""event_class"": ""E2"",
  ""confidence"": 1.0,
  ""tool"": ""power_flow"",
  ""reason"": ""The injected mechanism is a 20% demand decrease at a single bus, which corresponds to a Load Drop (E2).""
}
```",E2,none,demand,high,n1_security;grid_query_topology,E2,power_flow,True,True,False,json
IEEE14_SCN_002341,E7,E4_Full,Local,True,True,True,"{'H-NUM': False, 'H-TOP': False, 'H-EQP': False, 'H-PHY': False, 'H-TOOL': False, 'H-ACT': False}",SUCCESS,49.53595495223999,0.95,True,"```json
{
  ""event_class"": ""E7"",
  ""confidence"": 0.95,
  ""tool"": ""grid_query"",
  ""reason"": ""The injection of AVR setpoint shifts directly caused the observed overvoltage (V > 1.05 pu) at multiple buses.""
}
```",E7,overvoltage,none,high,power_flow;state_estimation;n1_security;grid_query_topology;grid_query_limits,E7,grid_query,True,True,False,json
IEEE14_SCN_001199,E3,E4_Full,Local,True,True,True,"{'H-NUM': False, 'H-TOP': False, 'H-EQP': False, 'H-PHY': False, 'H-TOOL': False, 'H-ACT': False}",SUCCESS,45.36793875694275,1.0,True,"```json
{
  ""event_class"": ""E3"",
  ""confidence"": 1.0,
  ""tool"": ""contingency"",
  ""reason"": ""The scenario explicitly inject a single line outage (line_10_11), which matches the definition of E3 (Transmission-Line Outage).""
}
```",E3,none,branch,high,power_flow;contingency;n1_security;grid_query_topology,E3,contingency,True,True,True,json
IEEE14_SCN_001384,E4,E4_Full,Local,True,True,True,"{'H-NUM': False, 'H-TOP': False, 'H-EQP': False, 'H-PHY': False, 'H-TOOL': False, 'H-ACT': False}",SUCCESS,45.72926163673401,1.0,True,"```json
{
  ""event_class"": ""E4"",
  ""confidence"": 1.0,
  ""tool"": ""contingency"",
  ""reason"": ""The injected mechanism is a single unit generator outage (gen_G2), which directly corresponds to the definition of E4.""
}
```",E4,none,generator,high,power_flow;contingency;n1_security;grid_query_topology,E4,contingency,True,True,True,json
IEEE14_SCN_001784,E5,E4_Full,Local,True,True,True,"{'H-NUM': False, 'H-TOP': False, 'H-EQP': False, 'H-PHY': False, 'H-TOOL': False, 'H-ACT': False}",SUCCESS,50.79198932647705,1.0,True,"```json
{
  ""event_class"": ""E5"",
  ""confidence"": 1.0,
  ""tool"": ""power_flow"",
  ""reason"": ""The injected mechanism is explicitly defined as a renewable_ramp (up-ramp of PV and Wind generation).""
}
```",E5,none,renewable,high,n1_security;grid_query_topology,E5,power_flow,True,True,False,json
IEEE14_SCN_002692,E9,E4_Full,Local,True,True,True,"{'H-NUM': False, 'H-TOP': False, 'H-EQP': False, 'H-PHY': False, 'H-TOOL': False, 'H-ACT': False}",SUCCESS,51.66453003883362,1.0,True,"```json
{
  ""event_class"": ""E9"",
  ""confidence"": 1.0,
  ""tool"": ""contingency"",
  ""reason"": ""The event is a compound mechanism involving a transmission line outage (E3) and a load surge (E1).""
}
```",E9,undervoltage+overload,branch+demand,high,power_flow;state_estimation;contingency;n1_security;opf;grid_query_topology;grid_query_limits,E9,contingency,True,False,True,json
IEEE14_SCN_002494,E9,E4_Full,Local,True,True,True,"{'H-NUM': False, 'H-TOP': False, 'H-EQP': False, 'H-PHY': False, 'H-TOOL': False, 'H-ACT': False}",SUCCESS,47.16016936302185,1.0,True,"```json
{
  ""event_class"": ""E9"",
  ""confidence"": 1.0,
  ""tool"": ""contingency"",
  ""reason"": ""The event is a compound mechanism combining a transmission line outage (E3) and a load surge (E1).""
}
```",E9,undervoltage+overload,branch+demand,high,power_flow;state_estimation;contingency;n1_security;opf;grid_query_topology;grid_query_limits,E9,contingency,True,False,True,json
IEEE14_SCN_002988,E9,E4_Full,Local,True,True,True,"{'H-NUM': False, 'H-TOP': False, 'H-EQP': False, 'H-PHY': False, 'H-TOOL': False, 'H-ACT': False}",SUCCESS,55.79235219955444,1.0,True,"```json
{
  ""event_class"": ""E9"",
  ""confidence"": 1.0,
  ""tool"": ""contingency"",
  ""reason"": ""The injected event is explicitly defined as a compound mechanism combining a transmission line outage (E3) and a load surge (E1).""
}
```",E9,undervoltage,branch+demand,high,power_flow;state_estimation;contingency;n1_security;grid_query_topology;grid_query_limits,E9,contingency,True,True,True,json
IEEE14_SCN_000068,E0,E4_Full,Local,True,True,True,"{'H-NUM': False, 'H-TOP': False, 'H-EQP': False, 'H-PHY': False, 'H-TOOL': False, 'H-ACT': False}",SUCCESS,43.61599016189575,1.0,True,"```json
{
  ""event_class"": ""E0"",
  ""confidence"": 1.0,
  ""tool"": ""grid_query"",
  ""reason"": ""The scenario explicitly states that no disturbance was injected, indicating normal operation.""
}
```",E0,none,none,high,n1_security;grid_query_topology,E0,grid_query,True,True,False,json
IEEE14_SCN_002854,E9,E4_Full,Local,False,True,True,"{'H-NUM': False, 'H-TOP': True, 'H-EQP': False, 'H-PHY': False, 'H-TOOL': False, 'H-ACT': False}",NO_EFFECT,55.57958579063416,1.0,False,"```json
{
  ""event_class"": ""E3+E1"",
  ""confidence"": 1.0,
  ""tool"": ""contingency"",
  ""reason"": ""The event is a compound mechanism involving the outage of line_4_5 (E3) and a 20% demand increase (E1).""
}
```",E9,none,branch+demand,high,power_flow;contingency;n1_security;grid_query_topology,E3,contingency,False,True,True,json
IEEE14_SCN_002234,E7,E4_Full,Local,True,True,True,"{'H-NUM': False, 'H-TOP': False, 'H-EQP': False, 'H-PHY': False, 'H-TOOL': False, 'H-ACT': False}",SUCCESS,52.2968327999115,1.0,True,"```json
{
  ""event_class"": ""E7"",
  ""confidence"": 1.0,
  ""tool"": ""grid_query"",
  ""reason"": ""The injection of AVR setpoint shifts directly causes the system voltage to exceed the 1.05 pu limit, resulting in overvoltage.""
}
```",E7,overvoltage,none,high,power_flow;state_estimation;n1_security;grid_query_topology;grid_query_limits,E7,grid_query,True,True,False,json
IEEE14_SCN_000953,E3,E4_Full,Local,True,True,True,"{'H-NUM': False, 'H-TOP': False, 'H-EQP': False, 'H-PHY': False, 'H-TOOL': False, 'H-ACT': False}",SUCCESS,37.8952431678772,1.0,True,"```json
{
  ""event_class"": ""E3"",
  ""confidence"": 1.0,
  ""tool"": ""contingency"",
  ""reason"": ""The injected mechanism is explicitly defined as a line outage targeting line_2_5, which falls under the E3 Transmission-Line Outage category.""
}
```",E3,none,branch,high,power_flow;contingency;n1_security;grid_query_topology,E3,contingency,True,True,True,json
IEEE14_SCN_002785,E9,E4_Full,Local,True,True,True,"{'H-NUM': False, 'H-TOP': False, 'H-EQP': False, 'H-PHY': False, 'H-TOOL': False, 'H-ACT': False}",SUCCESS,44.51385426521301,1.0,True,"```json
{
  ""event_class"": ""E9"",
  ""confidence"": 1.0,
  ""tool"": ""contingency"",
  ""reason"": ""The injected event is explicitly defined as a compound mechanism combining a transmission line outage (E3) and a load surge (E1).""
}
```",E9,none,branch+demand,high,power_flow;contingency;n1_security;grid_query_topology,E9,contingency,True,True,True,json
IEEE14_SCN_001925,E3,E4_Full,Local,True,True,True,"{'H-NUM': False, 'H-TOP': False, 'H-EQP': False, 'H-PHY': False, 'H-TOOL': False, 'H-ACT': False}",SUCCESS,46.09229016304016,1.0,True,"```json
{
  ""event_class"": ""E3"",
  ""confidence"": 1.0,
  ""tool"": ""contingency"",
  ""reason"": ""The scenario explicitly inject a single line outage on line_13_14, which matches the definition of E3.""
}
```",E3,undervoltage,branch,high,power_flow;state_estimation;contingency;n1_security;grid_query_topology;grid_query_limits,E3,contingency,True,True,True,json
